uplift_factor,under_to_over_cost_ratio,implied_optimal_quantile,strategy,level,over_kWh,under_kWh,cost_units,cost_per_kWh_consumed,cost_index_vs_baseline
1.0,1.0,0.5,autogluon_pooled,portfolio_interval,13747.480345135562,97767.55015667152,111515.03050180708,0.24118604322338436,1.1697349819800869
1.0,1.0,0.5,autogluon_pooled,household_day,24077.60133030353,108097.6711418395,132175.27247214303,0.2858702619375807,0.9949580638026495
1.0,1.0,0.5,autogluon_pooled,portfolio_day,9766.77400490968,93786.84381644565,103553.61782135532,0.22396700455006832,1.326114729483139
1.0,1.0,0.5,autogluon_pooled,household_interval,96865.35294775828,180885.42275929422,277750.7757070525,0.6007227034200036,0.854667432405339
1.0,1.0,0.5,seasonal_mean_4weeks,portfolio_interval,60325.804916666675,35007.781083333335,95333.58600000001,0.2061886213021628,1.0
1.0,1.0,0.5,seasonal_mean_4weeks,household_day,79081.54633333333,53763.5225,132845.06883333332,0.28731890552754313,1.0
1.0,1.0,0.5,seasonal_mean_4weeks,portfolio_day,51703.000916666664,26384.977083333335,78087.978,0.16888961382501252,1.0
1.0,1.0,0.5,seasonal_mean_4weeks,household_interval,175149.56975,149831.54591666666,324981.11566666665,0.7028730482093549,1.0
1.2100000000000004,1.0,0.5,autogluon_pooled_hindsight_uplift,portfolio_interval,42043.844798282895,46612.31024024125,88656.15503852414,0.19174659366473515,0.9299572035245179
1.2100000000000004,1.0,0.5,autogluon_pooled_hindsight_uplift,household_day,60391.37838750248,64959.84382946083,125351.2222169633,0.2711111243361463,0.9435895763223868
1.2100000000000004,1.0,0.5,autogluon_pooled_hindsight_uplift,portfolio_day,35507.47382935197,40075.93927131032,75583.41310066229,0.16347271087166895,0.967926370185463
1.2100000000000004,1.0,0.5,autogluon_pooled_hindsight_uplift,household_interval,144799.49413670314,149367.9595786615,294167.4537153647,0.6362288911857236,0.9051832230679288
1.0,1.5,0.6,autogluon_pooled,portfolio_interval,13747.480345135562,97767.55015667152,160398.80558014283,0.34691245728534015,1.4215029482772377
1.0,1.5,0.6,autogluon_pooled,household_day,24077.60133030353,108097.6711418395,186224.1080430628,0.40276773067808563,1.165891215307442
1.0,1.5,0.6,autogluon_pooled,portfolio_day,9766.77400490968,93786.84381644565,150447.03972957813,0.3253886589436951,1.6481843863155956
1.0,1.5,0.6,autogluon_pooled,household_interval,96865.35294775828,180885.42275929422,368193.4870866996,0.796333282531114,0.9207210597529053
1.0,1.5,0.6,seasonal_mean_4weeks,portfolio_interval,60325.804916666675,35007.781083333335,112837.47654166668,0.2440462453530426,1.0
1.0,1.5,0.6,seasonal_mean_4weeks,household_day,79081.54633333333,53763.5225,159726.83008333333,0.34545910063476803,1.0
1.0,1.5,0.6,seasonal_mean_4weeks,portfolio_day,51703.000916666664,26384.977083333335,91280.46654166667,0.19742248600660475,1.0
1.0,1.5,0.6,seasonal_mean_4weeks,household_interval,175149.56975,149831.54591666666,399896.888625,0.8649017789870329,1.0
1.2800000000000002,1.5,0.6,autogluon_pooled_hindsight_uplift,portfolio_interval,56772.678423022335,34857.27574178826,109058.59203570473,0.23587322869609653,0.9665103773871924
1.2800000000000002,1.5,0.6,autogluon_pooled_hindsight_uplift,household_day,76707.84166442594,54792.43898319186,158896.50013921375,0.3436632530894557,0.9948015624946267
1.2800000000000002,1.5,0.6,autogluon_pooled_hindsight_uplift,portfolio_day,50340.19944044691,28424.79675921283,92977.39457926615,0.2010926222849319,1.018590264729036
1.2800000000000002,1.5,0.6,autogluon_pooled_hindsight_uplift,household_interval,162676.96845956912,140761.56577833506,373819.31712707167,0.8085008951047626,0.9347892613328573
1.0,2.0,0.6666666666666666,autogluon_pooled,portfolio_interval,13747.480345135562,97767.55015667152,209282.5806584786,0.452638871347296,1.6056497284141147
1.0,2.0,0.6666666666666666,autogluon_pooled,household_day,24077.60133030353,108097.6711418395,240272.94361398253,0.5196651994185905,1.2875770718658401
1.0,2.0,0.6666666666666666,autogluon_pooled,portfolio_day,9766.77400490968,93786.84381644565,197340.46163780097,0.42681031333732194,1.8889143269699937
1.0,2.0,0.6666666666666666,autogluon_pooled,household_interval,96865.35294775828,180885.42275929422,458636.1984663467,0.9919438616422247,0.9659308514161274
1.0,2.0,0.6666666666666666,seasonal_mean_4weeks,portfolio_interval,60325.804916666675,35007.781083333335,130341.36708333335,0.28190386940392237,1.0
1.0,2.0,0.6666666666666666,seasonal_mean_4weeks,household_day,79081.54633333333,53763.5225,186608.59133333334,0.40359929574199294,1.0
1.0,2.0,0.6666666666666666,seasonal_mean_4weeks,portfolio_day,51703.000916666664,26384.977083333335,104472.95508333333,0.22595535818819698,1.0
1.0,2.0,0.6666666666666666,seasonal_mean_4weeks,household_interval,175149.56975,149831.54591666666,474812.6615833333,1.0269305097647106,1.0
1.3400000000000003,2.0,0.6666666666666666,autogluon_pooled_hindsight_uplift,portfolio_interval,71204.73789513326,26588.876822591315,124382.4915403159,0.26901594202934587,0.9542825453165021
1.3400000000000003,2.0,0.6666666666666666,autogluon_pooled_hindsight_uplift,household_day,92031.59731911733,47415.73624657538,186863.06981226808,0.4041496848432969,1.0013637018377153
1.3400000000000003,2.0,0.6666666666666666,autogluon_pooled_hindsight_uplift,portfolio_day,64786.10473591327,20170.243663371333,105126.59206265594,0.22736905207356742,1.006256518529616
1.3400000000000003,2.0,0.6666666666666666,autogluon_pooled_hindsight_uplift,household_interval,178611.32170877318,133995.46063623126,446602.24298123573,0.9659166786273464,0.9405862124484513
1.0,3.0,0.75,autogluon_pooled,portfolio_interval,13747.480345135562,97767.55015667152,307050.1308151501,0.6640916994712076,1.8569804212456742
1.0,3.0,0.75,autogluon_pooled,household_day,24077.60133030353,108097.6711418395,348370.61475582205,0.7534601368996003,1.449297130187787
1.0,3.0,0.75,autogluon_pooled,portfolio_day,9766.77400490968,93786.84381644565,291127.3054542466,0.6296536221245755,2.2247585655216797
1.0,3.0,0.75,autogluon_pooled,household_interval,96865.35294775828,180885.42275929422,639521.6212256409,1.3831650198644458,1.0238174204563337
1.0,3.0,0.75,seasonal_mean_4weeks,portfolio_interval,60325.804916666675,35007.781083333335,165349.14816666668,0.357619117505682,1.0
1.0,3.0,0.75,seasonal_mean_4weeks,household_day,79081.54633333333,53763.5225,240372.11383333334,0.5198796859564427,1.0
1.0,3.0,0.75,seasonal_mean_4weeks,portfolio_day,51703.000916666664,26384.977083333335,130857.93216666667,0.2830211025513814,1.0
1.0,3.0,0.75,seasonal_mean_4weeks,household_interval,175149.56975,149831.54591666666,624644.2075,1.3509879713200665,1.0
1.4100000000000006,3.0,0.75,autogluon_pooled_hindsight_uplift,portfolio_interval,90128.79884928474,19029.069653550207,147216.00780993537,0.31840054442029486,0.8903342378368125
1.4100000000000006,3.0,0.75,autogluon_pooled_hindsight_uplift,household_day,111311.2970688711,40211.567873136584,231946.00068828085,0.5016555875540769,0.964945546258769
1.4100000000000006,3.0,0.75,autogluon_pooled_hindsight_uplift,portfolio_day,83689.43594391376,12589.70674817922,121458.55618845142,0.2626920196398368,0.9281711408503401
1.4100000000000006,3.0,0.75,autogluon_pooled_hindsight_uplift,household_interval,197833.8282759462,126734.09908021169,578036.1255165812,1.2501834535323972,0.9253845926628259
