model,group,level,n,MAE,RMSE,median_AE,bias,MAPE_%,MAPE_excluded_n,MAPE_excluded_%,actual_zero_%,sMAPE_%,over_kWh,under_kWh,actual_kWh,n_days,daily_energy_MAE_kWh,daily_RMSE_kWh,daily_median_AE_kWh,daily_bias_kWh,daily_median_signed_kWh,daily_over_kWh_total,daily_under_kWh_total,daily_over_kWh_mean,daily_under_kWh_mean,pct_days_over_%,pct_days_under_%,cumulative_signed_kWh,daily_MAPE_%
autogluon_pooled,all,household_interval,1783680.0,0.15571782814577306,0.29932531137758894,0.062271309574445086,-0.04710490099767668,71.1486545852124,554686.0,31.097842662360964,9.424336203803373,77.62326091468613,96865.35294775828,180885.42275929422,462361.043,,,,,,,,,,,,,,
autogluon_pooled,all,portfolio_interval,8064.0,13.828748822148695,18.15433796679245,10.249121403232564,-10.419155482581344,25.427510386695,0.0,0.0,0.0,28.770557112603708,13747.480345135562,97767.55015667152,462361.043,,,,,,,,,,,,,,
autogluon_pooled,all,household_day,,,,,,,,,,,,,,18580.0,7.11384674231125,11.325425985568163,4.377490556892008,-4.522070495776962,-2.7865500097890417,24077.60133030353,108097.6711418395,1.2958881232671435,5.817958619044107,27.238966630785793,72.76103336921422,-84020.06981153596,47.57500461647569
autogluon_pooled,all,portfolio_day,,,,,,,,,,,,,,84.0,1232.7811645399443,1544.0333843214178,861.6243448975024,-1000.2389263278092,-823.646774496224,9766.77400490968,93786.84381644565,116.27111910606762,1116.5100454338767,11.904761904761903,88.09523809523809,-84020.06981153597,24.13595114388829
autogluon_pooled,pv,household_interval,956736.0,0.14770346929958011,0.30705032348860295,0.05183221090336641,-0.0478387952221438,69.97066762122422,379711.0,39.688168941066294,17.267354839788617,93.06784802754858,47772.06440907504,93541.16199472801,225645.514,,,,,,,,,,,,,,
autogluon_pooled,pv,portfolio_interval,8064.0,7.420761479698633,10.164753236681545,5.333492178286314,-5.675731347427203,29.124526533174798,0.0,0.0,0.0,33.223743576063335,7035.961493318411,52805.059078971375,225645.514,,,,,,,,,,,,,,
autogluon_pooled,pv,household_day,,,,,,,,,,,,,,9966.0,7.0051770715223896,11.929080311353342,3.8054220984975506,-4.592524341325805,-2.078733042365522,12022.248554569585,57791.34614022255,1.2063263650982927,5.798850706424097,29.93176801123821,70.06823198876178,-45769.09758565297,62.744343950881806
autogluon_pooled,pv,portfolio_day,,,,,,,,,,,,,,84.0,626.7228207480343,814.7750467745319,424.9126105728469,-544.8702093530113,-405.2079957133319,3437.809678590962,49206.90726424391,40.92630569751145,585.7965150505228,11.904761904761903,88.09523809523809,-45769.097585652955,25.24864832917592
autogluon_pooled,non_pv,household_interval,826944.0,0.16499007103655075,0.2901312989951515,0.07483343892047803,-0.04625581928870998,72.19123165236633,174975.0,21.159232064081728,0.3503260196579212,59.91417943410393,49093.28853868321,87344.26076456619,236715.529,,,,,,,,,,,,,,
autogluon_pooled,non_pv,portfolio_interval,8064.0,6.874292775448578,8.865736308708009,5.225556759433588,-4.74342413515414,24.218474476727973,0.0,0.0,0.0,26.97704492175932,8591.662357667175,46842.63458355016,236715.52899999998,,,,,,,,,,,,,,
autogluon_pooled,non_pv,household_day,,,,,,,,,,,,,,8614.0,7.2395725304563365,10.584154323717096,4.948257410459222,-4.440558651716158,-3.4826357438440105,12055.352775733943,50306.32500161693,1.3995069393700885,5.840065591086248,24.12351985140469,75.8764801485953,-38250.972225882986,30.024779888510583
autogluon_pooled,non_pv,portfolio_day,,,,,,,,,,,,,,84.0,612.0861249365904,754.2105974582596,455.82495112896675,-455.3687169747974,-397.6310662886999,6582.131134395304,44833.10336027829,78.35870398089648,533.7274209556939,13.095238095238097,86.90476190476191,-38250.97222588298,23.09679336673903
seasonal_mean_4weeks,all,household_interval,1783680.0,0.18219698357702427,0.31872090994274943,0.08975,0.014194263451590718,100.30747676187546,554686.0,31.097842662360964,9.424336203803373,79.9900618566428,175149.56975,149831.54591666666,462361.043,,,,,,,,,,,,,,
seasonal_mean_4weeks,all,portfolio_interval,8064.0,11.822121279761905,16.789029900809652,6.825208333333336,3.139635892030423,21.165615840433556,0.0,0.0,0.0,18.846342516532225,60325.804916666675,35007.781083333335,462361.043,,,,,,,,,,,,,,
seasonal_mean_4weeks,all,household_day,,,,,,,,,,,,,,18580.0,7.149896062073914,11.538520361178287,4.2631250000000005,1.362649291352709,0.941875,79081.54633333333,53763.5225,4.256272676713312,2.893623385360603,59.53713670613563,40.45748116254037,25318.023833333333,111.87567396151165
seasonal_mean_4weeks,all,portfolio_day,,,,,,,,,,,,,,84.0,929.6187857142858,1365.9155545196763,398.9394583333335,301.4050456349206,155.80591666666714,51703.000916666664,26384.977083333335,615.5119156746032,314.1068700396826,61.904761904761905,38.095238095238095,25318.02383333333,15.065599846858508
seasonal_mean_4weeks,pv,household_interval,956736.0,0.17577144435176822,0.3277641410920652,0.07675000000000004,0.012045688065115839,99.13785310807127,379711.0,39.688168941066294,17.267354839788617,92.83856302636764,89845.706,78321.16258333332,225645.514,,,,,,,,,,,,,,
seasonal_mean_4weeks,pv,portfolio_interval,8064.0,6.809271629050925,9.528726093732274,4.207875000000001,1.4291348482969577,31.834608359730552,0.0,0.0,0.0,26.15259220194001,33217.25491666667,21692.711500000005,225645.514,,,,,,,,,,,,,,
seasonal_mean_4weeks,pv,household_day,,,,,,,,,,,,,,9966.0,7.439117792160012,12.44036902914227,4.252374999999999,1.1563860542511206,0.7806249999999997,42831.39566666667,31306.85225,4.297751923205566,3.1413658689544453,59.53241019466186,40.45755568934377,11524.543416666667,177.1614572646093
seasonal_mean_4weeks,pv,portfolio_day,,,,,,,,,,,,,,84.0,498.15104265873003,726.2768367895233,209.08412500000009,137.19694543650792,40.91750000000002,26684.615499999996,15160.072083333333,317.673994047619,180.47704861111112,59.523809523809526,40.476190476190474,11524.543416666666,17.49947825050229
seasonal_mean_4weeks,non_pv,household_interval,826944.0,0.18963103557596805,0.3079271075221487,0.10424999999999995,0.016680065901278282,101.3426518834478,174975.0,21.159232064081728,0.3503260196579212,65.89840294419157,85303.86374999999,71510.38333333333,236715.529,,,,,,,,,,,,,,
seasonal_mean_4weeks,non_pv,portfolio_interval,8064.0,5.824703776041666,8.21309985249089,3.5735,1.7105010437334658,19.73471816980616,0.0,0.0,0.0,17.793699635708112,30381.94583333333,16588.465416666666,236715.52899999998,,,,,,,,,,,,,,
seasonal_mean_4weeks,non_pv,household_day,,,,,,,,,,,,,,8614.0,6.815279883522947,10.397977934117758,4.272874999999999,1.601286326522715,1.1670000000000007,36250.15066666667,22456.670250000003,4.208283105022831,2.6069967785001165,59.542605061527745,40.457394938472255,13793.480416666667,36.34303913464015
seasonal_mean_4weeks,non_pv,portfolio_day,,,,,,,,,,,,,,84.0,451.2445248015874,667.3602539446182,186.2696249999999,164.20810019841275,96.80454166666664,25849.010250000003,12055.529833333332,307.72631250000006,143.51821230158728,72.61904761904762,27.380952380952383,13793.48041666667,14.179979454006391
