model,forecast_date,n_households,actual_kWh,predicted_kWh,signed_error_kWh,abs_error_kWh,daily_over_kWh,daily_under_kWh,cumulative_signed_kWh,interval_over_kWh,interval_under_kWh
autogluon_pooled,2023-03-27,213,7608.832,7045.215155442975,-563.6168445570256,563.6168445570256,0.0,563.6168445570256,-563.6168445570256,177.18949759077677,740.8063421478018
autogluon_pooled,2023-03-28,210,6566.62,6827.989078613481,261.3690786134812,261.3690786134812,261.3690786134812,0.0,-302.24776594354444,923.6598144461111,662.29073583263
autogluon_pooled,2023-03-29,213,5149.554,6985.2296288798925,1835.6756288798924,1835.6756288798924,1835.6756288798924,0.0,1533.427862936348,1880.5566943899807,44.88106551008796
autogluon_pooled,2023-03-30,211,5111.91,6225.674322060574,1113.7643220605742,1113.7643220605742,1113.7643220605742,0.0,2647.192184996922,1241.3974537337158,127.6331316731415
autogluon_pooled,2023-03-31,214,5758.33,6131.131510321875,372.80151032187496,372.80151032187496,372.80151032187496,0.0,3019.993695318797,507.153804165486,134.35229384361114
autogluon_pooled,2023-04-01,212,6803.561,5496.232844092777,-1307.328155907223,1307.328155907223,0.0,1307.328155907223,1712.6655394115742,0.8660383180210685,1308.194194225244
autogluon_pooled,2023-04-02,213,6106.597,5143.129036437048,-963.4679635629518,963.4679635629518,0.0,963.4679635629518,749.1975758486224,0.0,963.4679635629516
autogluon_pooled,2023-04-24,216,4963.873,4356.44734613234,-607.42565386766,607.42565386766,0.0,607.42565386766,141.77192198096236,18.673980930588638,626.0996347982493
autogluon_pooled,2023-04-25,216,5794.504,5157.825002864863,-636.6789971351373,636.6789971351373,0.0,636.6789971351373,-494.9070751541749,79.37631042894566,716.0553075640829
autogluon_pooled,2023-04-26,216,4883.051,5926.867974340967,1043.8169743409662,1043.8169743409662,1043.8169743409662,0.0,548.9098991867913,1260.005136836546,216.18816249557986
autogluon_pooled,2023-04-27,215,3868.767,5976.273260043672,2107.5062600436722,2107.5062600436722,2107.5062600436722,0.0,2656.4161592304636,2107.5062600436722,0.0
autogluon_pooled,2023-04-28,216,4530.44,5372.521067831647,842.0810678316475,842.0810678316475,842.0810678316475,0.0,3498.497227062111,927.804725604029,85.72365777238167
autogluon_pooled,2023-04-29,216,3912.368,5147.81456619693,1235.4465661969302,1235.4465661969302,1235.4465661969302,0.0,4733.943793259041,1235.44656619693,0.0
autogluon_pooled,2023-04-30,215,4191.458,4806.787521528618,615.329521528618,615.329521528618,615.329521528618,0.0,5349.273314787659,638.1242535615984,22.794732032980374
autogluon_pooled,2023-05-15,218,4405.947,3053.827129844802,-1352.119870155198,1352.119870155198,0.0,1352.119870155198,3997.153444632461,0.0,1352.1198701551978
autogluon_pooled,2023-05-16,218,5105.878,3074.585149798683,-2031.292850201317,2031.292850201317,0.0,2031.292850201317,1965.860594431144,0.0,2031.2928502013174
autogluon_pooled,2023-05-17,217,4755.822,3057.9962492268883,-1697.8257507731118,1697.8257507731118,0.0,1697.8257507731118,268.03484365803206,0.0,1697.8257507731118
autogluon_pooled,2023-05-18,217,4809.378,3151.237002427052,-1658.1409975729475,1658.1409975729475,0.0,1658.1409975729475,-1390.1061539149155,2.6725262233375884,1660.8135237962856
autogluon_pooled,2023-05-19,217,4663.453,3255.7589500845893,-1407.6940499154111,1407.6940499154111,0.0,1407.6940499154111,-2797.8002038303266,0.0,1407.6940499154107
autogluon_pooled,2023-05-20,218,4117.624,3339.998963608634,-777.6250363913659,777.6250363913659,0.0,777.6250363913659,-3575.4252402216925,19.496510115539174,797.1215465069055
autogluon_pooled,2023-05-21,217,3403.154,3119.6785623390515,-283.4754376609485,283.4754376609485,0.0,283.4754376609485,-3858.900677882641,45.28400965134135,328.75944731228964
autogluon_pooled,2023-06-19,219,2601.244,1830.0521065919122,-771.1918934080879,771.1918934080879,0.0,771.1918934080879,-4630.092571290729,0.1695149680583275,771.3614083761462
autogluon_pooled,2023-06-20,218,2529.225,1831.579719769029,-697.6452802309709,697.6452802309709,0.0,697.6452802309709,-5327.737851521701,0.34861856358882504,697.9938987945598
autogluon_pooled,2023-06-21,218,2586.11,1839.0323300889418,-747.0776699110584,747.0776699110584,0.0,747.0776699110584,-6074.815521432759,0.7219010213150183,747.7995709323733
autogluon_pooled,2023-06-22,218,2680.954,1805.6834476175507,-875.2705523824495,875.2705523824495,0.0,875.2705523824495,-6950.086073815209,0.0,875.2705523824494
autogluon_pooled,2023-06-23,218,2683.658,1883.435986552526,-800.222013447474,800.222013447474,0.0,800.222013447474,-7750.308087262682,0.0,800.2220134474742
autogluon_pooled,2023-06-24,218,2601.974,2132.1787434651633,-469.7952565348369,469.7952565348369,0.0,469.7952565348369,-8220.10334379752,7.921849468043672,477.7171060028805
autogluon_pooled,2023-06-25,218,2895.419,2472.853561513633,-422.56543848636693,422.56543848636693,0.0,422.56543848636693,-8642.668782283887,33.89050203707766,456.45594052344495
autogluon_pooled,2023-07-17,219,2547.417,1883.933159597454,-663.4838404025459,663.4838404025459,0.0,663.4838404025459,-9306.152622686433,0.0,663.4838404025459
autogluon_pooled,2023-07-18,218,2591.118,1842.8187409927268,-748.2992590072731,748.2992590072731,0.0,748.2992590072731,-10054.451881693707,0.0,748.2992590072731
autogluon_pooled,2023-07-19,219,2354.49,1906.9027544122991,-447.58724558770064,447.58724558770064,0.0,447.58724558770064,-10502.039127281409,0.0,447.5872455877008
autogluon_pooled,2023-07-20,224,2468.775,1909.6891208144175,-559.0858791855826,559.0858791855826,0.0,559.0858791855826,-11061.125006466991,1.5482145447321047,560.6340937303147
autogluon_pooled,2023-07-21,224,2793.768,1949.3655228876805,-844.4024771123195,844.4024771123195,0.0,844.4024771123195,-11905.52748357931,0.0,844.4024771123195
autogluon_pooled,2023-07-22,225,2687.929,1999.5662580340925,-688.3627419659076,688.3627419659076,0.0,688.3627419659076,-12593.890225545218,1.2305973956605116,689.5933393615679
autogluon_pooled,2023-07-23,226,2743.296,1874.7712189061745,-868.5247810938254,868.5247810938254,0.0,868.5247810938254,-13462.415006639043,0.0,868.5247810938256
autogluon_pooled,2023-08-14,225,2766.35,2036.9170493760985,-729.4329506239014,729.4329506239014,0.0,729.4329506239014,-14191.847957262944,0.0,729.4329506239017
autogluon_pooled,2023-08-15,225,2742.604,2036.4916118625474,-706.1123881374524,706.1123881374524,0.0,706.1123881374524,-14897.960345400395,0.0,706.1123881374525
autogluon_pooled,2023-08-16,223,2790.55,2016.9802852989626,-773.5697147010376,773.5697147010376,0.0,773.5697147010376,-15671.530060101433,0.008703315877816552,773.5784180169153
autogluon_pooled,2023-08-17,222,2584.146,1844.3990041222098,-739.7469958777904,739.7469958777904,0.0,739.7469958777904,-16411.277055979222,0.0,739.7469958777903
autogluon_pooled,2023-08-18,222,2702.204,1847.4800912988208,-854.7239087011794,854.7239087011794,0.0,854.7239087011794,-17266.000964680403,0.0,854.7239087011793
autogluon_pooled,2023-08-19,221,2726.454,1899.9776416365644,-826.4763583634358,826.4763583634358,0.0,826.4763583634358,-18092.477323043837,0.0,826.4763583634357
autogluon_pooled,2023-08-20,221,2886.807,1765.1936589347767,-1121.613341065223,1121.613341065223,0.0,1121.613341065223,-19214.09066410906,0.0,1121.6133410652233
autogluon_pooled,2023-09-11,225,2582.242,2088.111232583555,-494.130767416445,494.130767416445,0.0,494.130767416445,-19708.221431525504,1.9598831831301629,496.09065059957476
autogluon_pooled,2023-09-12,226,2581.133,2019.213464881966,-561.9195351180338,561.9195351180338,0.0,561.9195351180338,-20270.14096664354,0.92440991103998,562.843945029074
autogluon_pooled,2023-09-13,227,3130.609,2131.753366605491,-998.8556333945089,998.8556333945089,0.0,998.8556333945089,-21268.99660003805,0.0,998.8556333945091
autogluon_pooled,2023-09-14,226,3001.041,2002.454676603737,-998.5863233962632,998.5863233962632,0.0,998.5863233962632,-22267.58292343431,0.0,998.5863233962631
autogluon_pooled,2023-09-15,226,2935.247,2083.044701129778,-852.202298870222,852.202298870222,0.0,852.202298870222,-23119.785222304534,0.0,852.2022988702221
autogluon_pooled,2023-09-16,225,3079.462,2123.8540078901647,-955.6079921098353,955.6079921098353,0.0,955.6079921098353,-24075.39321441437,0.0,955.6079921098351
autogluon_pooled,2023-09-17,226,2863.17,1838.9411112328535,-1024.2288887671466,1024.2288887671466,0.0,1024.2288887671466,-25099.622103181515,0.0,1024.2288887671466
autogluon_pooled,2023-10-09,226,3178.811,2355.309032923218,-823.501967076782,823.501967076782,0.0,823.501967076782,-25923.124070258298,0.0,823.5019670767817
autogluon_pooled,2023-10-10,225,3027.891,2412.80454418737,-615.08645581263,615.08645581263,0.0,615.08645581263,-26538.21052607093,0.2371265904691926,615.3235824030991
autogluon_pooled,2023-10-11,225,3031.387,2431.69038678717,-599.69661321283,599.69661321283,0.0,599.69661321283,-27137.907139283758,3.419673646576088,603.116286859406
autogluon_pooled,2023-10-12,226,3022.102,2336.857472624187,-685.244527375813,685.244527375813,0.0,685.244527375813,-27823.15166665957,0.0,685.244527375813
autogluon_pooled,2023-10-13,226,2972.647,2316.692501428166,-655.9544985718339,655.9544985718339,0.0,655.9544985718339,-28479.106165231406,0.0,655.9544985718339
autogluon_pooled,2023-10-14,226,3682.942,2376.6795583585526,-1306.2624416414474,1306.2624416414474,0.0,1306.2624416414474,-29785.368606872853,29.027341201360564,1335.2897828428079
autogluon_pooled,2023-10-15,226,4875.606,2094.5981535175038,-2781.007846482496,2781.007846482496,0.0,2781.007846482496,-32566.376453355348,0.0,2781.0078464824965
autogluon_pooled,2023-11-13,220,6462.708,5344.082582725027,-1118.6254172749723,1118.6254172749723,0.0,1118.6254172749723,-33685.00187063032,43.421174109148026,1162.0465913841203
autogluon_pooled,2023-11-14,221,7074.686,5422.737576492002,-1651.948423507998,1651.948423507998,0.0,1651.948423507998,-35336.950294138325,15.114306135982279,1667.062729643981
autogluon_pooled,2023-11-15,225,6998.398,5264.7871881154115,-1733.6108118845887,1733.6108118845887,0.0,1733.6108118845887,-37070.56110602291,10.636460881057003,1744.2472727656457
autogluon_pooled,2023-11-16,222,7575.718,5136.77278454822,-2438.9452154517794,2438.9452154517794,0.0,2438.9452154517794,-39509.50632147469,0.0,2438.9452154517794
autogluon_pooled,2023-11-17,221,8650.349,5085.837421600177,-3564.5115783998235,3564.5115783998235,0.0,3564.5115783998235,-43074.01789987452,0.0,3564.5115783998235
autogluon_pooled,2023-11-18,221,9088.771,5237.790449701368,-3850.980550298633,3850.980550298633,0.0,3850.980550298633,-46924.99845017315,0.0,3850.980550298632
autogluon_pooled,2023-11-19,221,7177.34,5302.613905991503,-1874.726094008497,1874.726094008497,0.0,1874.726094008497,-48799.72454418165,8.228172202466059,1882.9542662109627
autogluon_pooled,2023-12-18,226,11225.258,7720.226145970989,-3505.031854029011,3505.031854029011,0.0,3505.031854029011,-52304.75639821066,0.0,3505.031854029011
autogluon_pooled,2023-12-19,224,10100.724,8127.786758842278,-1972.9372411577224,1972.9372411577224,0.0,1972.9372411577224,-54277.69363936838,78.35631005847063,2051.293551216193
autogluon_pooled,2023-12-20,225,10026.324,8484.078746678915,-1542.2452533210853,1542.2452533210853,0.0,1542.2452533210853,-55819.93889268946,0.0,1542.2452533210849
autogluon_pooled,2023-12-21,225,9422.856,8280.182463634392,-1142.673536365608,1142.673536365608,0.0,1142.673536365608,-56962.612429055065,104.99893748951999,1247.672473855128
autogluon_pooled,2023-12-22,226,9628.832,8493.74280455582,-1135.0891954441795,1135.0891954441795,0.0,1135.0891954441795,-58097.70162449924,64.19409404060711,1199.2832894847857
autogluon_pooled,2023-12-23,226,9514.039,8600.108458353867,-913.9305416461339,913.9305416461339,0.0,913.9305416461339,-59011.63216614538,35.131003593584765,949.0615452397185
autogluon_pooled,2023-12-24,225,9116.663,8465.436342136476,-651.2266578635245,651.2266578635245,0.0,651.2266578635245,-59662.8588240089,142.8189123414687,794.0455702049921
autogluon_pooled,2024-01-15,223,12429.596,11902.08364922813,-527.512350771869,527.512350771869,0.0,527.512350771869,-60190.37117478077,176.54104938427758,704.0534001561474
autogluon_pooled,2024-01-16,222,11882.885,11059.093418084334,-823.791581915666,823.791581915666,0.0,823.791581915666,-61014.16275669643,220.91038605772505,1044.7019679733917
autogluon_pooled,2024-01-17,221,10289.512,10628.495075092023,338.9830750920228,338.9830750920228,338.9830750920228,0.0,-60675.17968160441,653.6489231374959,314.66584804547176
autogluon_pooled,2024-01-18,221,9969.051,9849.049472717756,-120.00152728224384,120.00152728224384,0.0,120.00152728224384,-60795.18120888665,896.4207642881003,1016.4222915703455
autogluon_pooled,2024-01-19,221,12938.528,8871.351779733026,-4067.1762202669743,4067.1762202669743,0.0,4067.1762202669743,-64862.35742915362,0.0,4067.1762202669743
autogluon_pooled,2024-01-20,221,14116.459,9352.451074374269,-4764.007925625732,4764.007925625732,0.0,4764.007925625732,-69626.36535477935,0.0,4764.007925625731
autogluon_pooled,2024-01-21,221,13528.962,9923.069798996243,-3605.892201003757,3605.892201003757,0.0,3605.892201003757,-73232.25755578312,0.0,3605.8922010037572
autogluon_pooled,2024-02-12,227,7776.157,6171.864271379939,-1604.292728620061,1604.292728620061,0.0,1604.292728620061,-74836.55028440317,0.7844102252858389,1605.077138845347
autogluon_pooled,2024-02-13,226,7499.549,6130.973280961751,-1368.5757190382492,1368.5757190382492,0.0,1368.5757190382492,-76205.12600344142,26.907755501959855,1395.4834745402093
autogluon_pooled,2024-02-14,226,6793.509,6135.7625527988275,-657.7464472011725,657.7464472011725,0.0,657.7464472011725,-76862.8724506426,65.58342170962212,723.3298689107946
autogluon_pooled,2024-02-15,226,6778.66,5763.196556851546,-1015.4634431484537,1015.4634431484537,0.0,1015.4634431484537,-77878.33589379105,40.181772041926706,1055.6452151903807
autogluon_pooled,2024-02-16,226,5942.004,5149.6551002415135,-792.3488997584864,792.3488997584864,0.0,792.3488997584864,-78670.68479354953,15.67181840980162,808.0207181682883
autogluon_pooled,2024-02-17,226,7044.893,4361.528082764119,-2683.364917235881,2683.364917235881,0.0,2683.364917235881,-81354.04971078542,1.30875544351386,2684.6736726793943
autogluon_pooled,2024-02-18,225,6868.709,4202.688899249471,-2666.0201007505284,2666.0201007505284,0.0,2666.0201007505284,-84020.06981153594,0.0,2666.0201007505284
seasonal_mean_4weeks,2023-03-27,213,7608.832,7766.342833333333,157.5108333333328,157.5108333333328,157.5108333333328,0.0,157.5108333333328,498.80016666666666,341.28933333333333
seasonal_mean_4weeks,2023-03-28,210,6566.62,7654.134333333333,1087.5143333333335,1087.5143333333335,1087.5143333333335,0.0,1245.0251666666663,1332.96175,245.44741666666667
seasonal_mean_4weeks,2023-03-29,213,5149.554,7789.415416666667,2639.8614166666666,2639.8614166666666,2639.8614166666666,0.0,3884.886583333333,2669.1245833333332,29.263166666666663
seasonal_mean_4weeks,2023-03-30,211,5111.91,6914.111666666667,1802.2016666666668,1802.2016666666668,1802.2016666666668,0.0,5687.08825,1943.1724166666668,140.97074999999998
seasonal_mean_4weeks,2023-03-31,214,5758.33,7205.781166666667,1447.4511666666667,1447.4511666666667,1447.4511666666667,0.0,7134.5394166666665,1542.4855833333334,95.03441666666666
seasonal_mean_4weeks,2023-04-01,212,6803.561,7646.532416666667,842.9714166666672,842.9714166666672,842.9714166666672,0.0,7977.510833333334,1028.3990000000001,185.42758333333333
seasonal_mean_4weeks,2023-04-02,213,6106.597,7585.683333333333,1479.0863333333336,1479.0863333333336,1479.0863333333336,0.0,9456.597166666666,1534.22625,55.139916666666664
seasonal_mean_4weeks,2023-04-24,216,4963.873,6570.120083333333,1606.2470833333336,1606.2470833333336,1606.2470833333336,0.0,11062.84425,1606.2470833333334,0.0
seasonal_mean_4weeks,2023-04-25,216,5794.504,6218.705666666667,424.2016666666668,424.2016666666668,424.2016666666668,0.0,11487.045916666666,593.6215,169.41983333333334
seasonal_mean_4weeks,2023-04-26,216,4883.051,6030.361833333333,1147.310833333333,1147.310833333333,1147.310833333333,0.0,12634.356749999999,1173.8436666666666,26.53283333333333
seasonal_mean_4weeks,2023-04-27,215,3868.767,6547.705,2678.938,2678.938,2678.938,0.0,15313.29475,2678.938,0.0
seasonal_mean_4weeks,2023-04-28,216,4530.44,6178.726,1648.286,1648.286,1648.286,0.0,16961.58075,1656.7935,8.507499999999999
seasonal_mean_4weeks,2023-04-29,216,3912.368,6341.969416666667,2429.601416666667,2429.601416666667,2429.601416666667,0.0,19391.18216666667,2429.601416666667,0.0
seasonal_mean_4weeks,2023-04-30,215,4191.458,5988.896916666667,1797.438916666667,1797.438916666667,1797.438916666667,0.0,21188.621083333335,1797.4389166666667,0.0
seasonal_mean_4weeks,2023-05-15,218,4405.947,4723.687833333333,317.7408333333333,317.7408333333333,317.7408333333333,0.0,21506.36191666667,380.48016666666666,62.73933333333333
seasonal_mean_4weeks,2023-05-16,218,5105.878,4611.3835,-494.4944999999998,494.4944999999998,0.0,494.4944999999998,21011.867416666668,234.83666666666667,729.3311666666666
seasonal_mean_4weeks,2023-05-17,217,4755.822,4724.089833333333,-31.73216666666667,31.73216666666667,0.0,31.73216666666667,20980.13525,157.465,189.19716666666665
seasonal_mean_4weeks,2023-05-18,217,4809.378,4880.66025,71.2822500000002,71.2822500000002,71.2822500000002,0.0,21051.4175,327.3611666666667,256.07891666666666
seasonal_mean_4weeks,2023-05-19,217,4663.453,4459.187,-204.26600000000053,204.26600000000053,0.0,204.26600000000053,20847.1515,143.638,347.904
seasonal_mean_4weeks,2023-05-20,218,4117.624,4346.27175,228.6477500000001,228.6477500000001,228.6477500000001,0.0,21075.79925,323.5276666666667,94.87991666666666
seasonal_mean_4weeks,2023-05-21,217,3403.154,4428.333833333333,1025.1798333333331,1025.1798333333331,1025.1798333333331,0.0,22100.97908333333,1025.1798333333334,0.0
seasonal_mean_4weeks,2023-06-19,219,2601.244,2755.4505,154.20649999999978,154.20649999999978,154.20649999999978,0.0,22255.185583333332,216.35233333333335,62.145833333333336
seasonal_mean_4weeks,2023-06-20,218,2529.225,2582.6518333333333,53.426833333333434,53.426833333333434,53.426833333333434,0.0,22308.612416666667,149.73983333333334,96.31299999999999
seasonal_mean_4weeks,2023-06-21,218,2586.11,2837.4881666666665,251.3781666666664,251.3781666666664,251.3781666666664,0.0,22559.990583333332,322.2916666666667,70.9135
seasonal_mean_4weeks,2023-06-22,218,2680.954,2836.2741666666666,155.3201666666664,155.3201666666664,155.3201666666664,0.0,22715.310749999997,311.51675,156.19658333333334
seasonal_mean_4weeks,2023-06-23,218,2683.658,2769.62575,85.96775000000025,85.96775000000025,85.96775000000025,0.0,22801.278499999997,189.81975,103.85199999999999
seasonal_mean_4weeks,2023-06-24,218,2601.974,2800.697,198.72299999999996,198.72299999999996,198.72299999999996,0.0,23000.0015,222.92325,24.200249999999997
seasonal_mean_4weeks,2023-06-25,218,2895.419,2826.0866666666666,-69.33233333333328,69.33233333333328,0.0,69.33233333333328,22930.669166666667,123.76975,193.10208333333333
seasonal_mean_4weeks,2023-07-17,219,2547.417,2581.514,34.09700000000021,34.09700000000021,34.09700000000021,0.0,22964.766166666668,96.88166666666667,62.78466666666666
seasonal_mean_4weeks,2023-07-18,218,2591.118,2527.007416666667,-64.11058333333312,64.11058333333312,0.0,64.11058333333312,22900.655583333333,89.24566666666666,153.35625
seasonal_mean_4weeks,2023-07-19,219,2354.49,2742.188666666667,387.6986666666671,387.6986666666671,387.6986666666671,0.0,23288.35425,391.5781666666667,3.8794999999999993
seasonal_mean_4weeks,2023-07-20,224,2468.775,2700.66325,231.88824999999997,231.88824999999997,231.88824999999997,0.0,23520.2425,269.5385,37.65025
seasonal_mean_4weeks,2023-07-21,224,2793.768,2869.78575,76.01774999999998,76.01774999999998,76.01774999999998,0.0,23596.26025,151.10425,75.0865
seasonal_mean_4weeks,2023-07-22,225,2687.929,2911.72325,223.79424999999992,223.79424999999992,223.79424999999992,0.0,23820.0545,276.1735,52.37925
seasonal_mean_4weeks,2023-07-23,226,2743.296,2901.3665,158.07050000000027,158.07050000000027,158.07050000000027,0.0,23978.125,247.00925,88.93875
seasonal_mean_4weeks,2023-08-14,225,2766.35,2762.930083333333,-3.4199166666667224,3.4199166666667224,0.0,3.4199166666667224,23974.705083333334,114.13900000000001,117.55891666666666
seasonal_mean_4weeks,2023-08-15,225,2742.604,2792.7425,50.13850000000002,50.13850000000002,50.13850000000002,0.0,24024.843583333335,161.27825,111.13974999999999
seasonal_mean_4weeks,2023-08-16,223,2790.55,2675.55475,-114.9952500000004,114.9952500000004,0.0,114.9952500000004,23909.848333333335,74.80933333333333,189.80458333333334
seasonal_mean_4weeks,2023-08-17,222,2584.146,2543.6355,-40.51050000000032,40.51050000000032,0.0,40.51050000000032,23869.337833333335,101.40966666666667,141.92016666666666
seasonal_mean_4weeks,2023-08-18,222,2702.204,2698.025,-4.179000000000087,4.179000000000087,0.0,4.179000000000087,23865.158833333335,107.96558333333334,112.14458333333333
seasonal_mean_4weeks,2023-08-19,221,2726.454,2719.903,-6.551000000000386,6.551000000000386,0.0,6.551000000000386,23858.607833333335,115.35366666666667,121.90466666666666
seasonal_mean_4weeks,2023-08-20,221,2886.807,2816.7209166666667,-70.08608333333314,70.08608333333314,0.0,70.08608333333314,23788.521750000004,100.91658333333334,171.00266666666667
seasonal_mean_4weeks,2023-09-11,225,2582.242,3035.5778333333333,453.3358333333331,453.3358333333331,453.3358333333331,0.0,24241.857583333338,470.6095833333333,17.27375
seasonal_mean_4weeks,2023-09-12,226,2581.133,2991.268666666667,410.135666666667,410.135666666667,410.135666666667,0.0,24651.993250000007,414.71808333333337,4.582416666666665
seasonal_mean_4weeks,2023-09-13,227,3130.609,3045.3129166666668,-85.29608333333317,85.29608333333317,0.0,85.29608333333317,24566.697166666672,142.35708333333332,227.65316666666666
seasonal_mean_4weeks,2023-09-14,226,3001.041,2982.6064166666665,-18.43458333333365,18.43458333333365,0.0,18.43458333333365,24548.262583333337,85.891,104.32558333333333
seasonal_mean_4weeks,2023-09-15,226,2935.247,2890.1289166666666,-45.11808333333329,45.11808333333329,0.0,45.11808333333329,24503.144500000002,82.55516666666666,127.67325
seasonal_mean_4weeks,2023-09-16,225,3079.462,3043.4254166666665,-36.03658333333351,36.03658333333351,0.0,36.03658333333351,24467.107916666668,217.41025,253.44683333333333
seasonal_mean_4weeks,2023-09-17,226,2863.17,3109.32825,246.15824999999995,246.15824999999995,246.15824999999995,0.0,24713.266166666668,288.32533333333333,42.16708333333334
seasonal_mean_4weeks,2023-10-09,226,3178.811,3215.94575,37.13474999999971,37.13474999999971,37.13474999999971,0.0,24750.40091666667,146.16775,109.03299999999999
seasonal_mean_4weeks,2023-10-10,225,3027.891,3049.3888333333334,21.497833333333347,21.497833333333347,21.497833333333347,0.0,24771.898750000004,141.584,120.08616666666667
seasonal_mean_4weeks,2023-10-11,225,3031.387,3256.304,224.91699999999992,224.91699999999992,224.91699999999992,0.0,24996.815750000005,336.2248333333333,111.30783333333332
seasonal_mean_4weeks,2023-10-12,226,3022.102,3197.2593333333334,175.15733333333355,175.15733333333355,175.15733333333355,0.0,25171.973083333338,245.35025000000002,70.19291666666666
seasonal_mean_4weeks,2023-10-13,226,2972.647,3360.39025,387.74325,387.74325,387.74325,0.0,25559.716333333337,418.502,30.758749999999996
seasonal_mean_4weeks,2023-10-14,226,3682.942,3466.757,-216.18499999999995,216.18499999999995,0.0,216.18499999999995,25343.531333333336,189.89341666666667,406.07841666666667
seasonal_mean_4weeks,2023-10-15,226,4875.606,3428.9194166666666,-1446.6865833333331,1446.6865833333331,0.0,1446.6865833333331,23896.844750000004,3.5424999999999995,1450.2290833333334
seasonal_mean_4weeks,2023-11-13,220,6462.708,5419.13725,-1043.5707499999999,1043.5707499999999,0.0,1043.5707499999999,22853.274000000005,76.49900000000001,1120.0697499999999
seasonal_mean_4weeks,2023-11-14,221,7074.686,6109.91225,-964.7737499999994,964.7737499999994,0.0,964.7737499999994,21888.500250000005,191.74675,1156.5205
seasonal_mean_4weeks,2023-11-15,225,6998.398,6247.01075,-751.3872499999998,751.3872499999998,0.0,751.3872499999998,21137.113000000005,94.19333333333333,845.5805833333334
seasonal_mean_4weeks,2023-11-16,222,7575.718,6418.038833333333,-1157.6791666666668,1157.6791666666668,0.0,1157.6791666666668,19979.433833333336,83.64091666666667,1241.3200833333333
seasonal_mean_4weeks,2023-11-17,221,8650.349,6527.2835000000005,-2123.0654999999997,2123.0654999999997,0.0,2123.0654999999997,17856.368333333336,0.0,2123.0655
seasonal_mean_4weeks,2023-11-18,221,9088.771,6932.2330833333335,-2156.537916666667,2156.537916666667,0.0,2156.537916666667,15699.830416666668,0.0,2156.5379166666667
seasonal_mean_4weeks,2023-11-19,221,7177.34,7413.758333333333,236.41833333333307,236.41833333333307,236.41833333333307,0.0,15936.24875,428.5953333333334,192.177
seasonal_mean_4weeks,2023-12-18,226,11225.258,9896.847333333333,-1328.4106666666667,1328.4106666666667,0.0,1328.4106666666667,14607.838083333334,9.526666666666666,1337.9373333333333
seasonal_mean_4weeks,2023-12-19,224,10100.724,9364.5615,-736.1625000000004,736.1625000000004,0.0,736.1625000000004,13871.675583333334,486.6115,1222.774
seasonal_mean_4weeks,2023-12-20,225,10026.324,9904.623833333333,-121.70016666666743,121.70016666666743,0.0,121.70016666666743,13749.975416666666,204.95858333333334,326.65875
seasonal_mean_4weeks,2023-12-21,225,9422.856,10584.518666666667,1161.662666666667,1161.662666666667,1161.662666666667,0.0,14911.638083333333,1200.4745,38.81183333333333
seasonal_mean_4weeks,2023-12-22,226,9628.832,10379.556833333334,750.7248333333337,750.7248333333337,750.7248333333337,0.0,15662.362916666667,935.49275,184.76791666666668
seasonal_mean_4weeks,2023-12-23,226,9514.039,11437.914333333334,1923.8753333333334,1923.8753333333334,1923.8753333333334,0.0,17586.238250000002,1923.8753333333334,0.0
seasonal_mean_4weeks,2023-12-24,225,9116.663,11872.4235,2755.7605000000003,2755.7605000000003,2755.7605000000003,0.0,20341.998750000002,2757.862666666667,2.1021666666666667
seasonal_mean_4weeks,2024-01-15,223,12429.596,10433.55875,-1996.0372499999994,1996.0372499999994,0.0,1996.0372499999994,18345.961500000005,0.0,1996.03725
seasonal_mean_4weeks,2024-01-16,222,11882.885,10411.461833333333,-1471.4231666666674,1471.4231666666674,0.0,1471.4231666666674,16874.538333333338,62.88108333333332,1534.30425
seasonal_mean_4weeks,2024-01-17,221,10289.512,9984.59625,-304.9157500000001,304.9157500000001,0.0,304.9157500000001,16569.622583333337,475.41408333333334,780.3298333333333
seasonal_mean_4weeks,2024-01-18,221,9969.051,10125.342666666667,156.29166666666788,156.29166666666788,156.29166666666788,0.0,16725.914250000005,940.18325,783.8915833333333
seasonal_mean_4weeks,2024-01-19,221,12938.528,10053.227583333333,-2885.300416666667,2885.300416666667,0.0,2885.300416666667,13840.613833333338,0.0,2885.3004166666665
seasonal_mean_4weeks,2024-01-20,221,14116.459,10496.585333333333,-3619.873666666668,3619.873666666668,0.0,3619.873666666668,10220.74016666667,0.0,3619.873666666667
seasonal_mean_4weeks,2024-01-21,221,13528.962,10756.257083333334,-2772.7049166666657,2772.7049166666657,0.0,2772.7049166666657,7448.035250000004,151.62766666666667,2924.3325833333333
seasonal_mean_4weeks,2024-02-12,227,7776.157,10476.1405,2699.9834999999994,2699.9834999999994,2699.9834999999994,0.0,10148.018750000003,2699.9835,0.0
seasonal_mean_4weeks,2024-02-13,226,7499.549,9618.9565,2119.4075000000003,2119.4075000000003,2119.4075000000003,0.0,12267.426250000004,2119.4075,0.0
seasonal_mean_4weeks,2024-02-14,226,6793.509,8599.28775,1805.7787499999995,1805.7787499999995,1805.7787499999995,0.0,14073.205000000004,1838.88525,33.1065
seasonal_mean_4weeks,2024-02-15,226,6778.66,8538.727416666667,1760.0674166666668,1760.0674166666668,1760.0674166666668,0.0,15833.27241666667,2039.33075,279.2633333333333
seasonal_mean_4weeks,2024-02-16,226,5942.004,9442.222,3500.218,3500.218,3500.218,0.0,19333.49041666667,3500.218,0.0
seasonal_mean_4weeks,2024-02-17,226,7044.893,9870.425,2825.5319999999992,2825.5319999999992,2825.5319999999992,0.0,22159.02241666667,2850.305083333333,24.773083333333332
seasonal_mean_4weeks,2024-02-18,225,6868.709,10027.710416666667,3159.001416666667,3159.001416666667,3159.001416666667,0.0,25318.023833333336,3159.0014166666665,0.0
