,autogluon_pooled,seasonal_mean_4weeks
Household-interval MAE [kWh/15min],0.15571782814577306,0.18219698357702427
Household-interval RMSE,0.29932531137758894,0.31872090994274943
MAPE % (actual>=0.05 kWh),71.1486545852124,100.30747676187546
sMAPE %,77.62326091468613,79.9900618566428
Household daily-energy MAE [kWh/day],7.11384674231125,7.149896062073914
Household daily bias [kWh/day],-4.522070495776962,1.362649291352709
"Portfolio-interval MAE [kWh/15min, 241 hh]",13.828748822148695,11.822121279761905
Portfolio-day MAE [kWh/day],1232.7811645399443,929.6187857142858
Portfolio-day bias [kWh/day],-1000.2389263278092,301.4050456349206
Portfolio over-forecast total [MWh],13.747480345135562,60.32580491666668
Portfolio under-forecast total [MWh],97.76755015667152,35.007781083333334
Portfolio days under-forecast %,88.09523809523809,38.095238095238095
Portfolio days over-forecast %,11.904761904761903,61.904761904761905
