model,dimension,value,household_MAE,household_bias,mean_actual,portfolio_MAE_kWh,portfolio_bias_kWh,pct_portfolio_intervals_under_%
autogluon_pooled,slot,0,0.17233461144071105,-0.06841213917801192,0.3055652852529602,16.288797147851113,-15.132113641993591,91.66666666666666
autogluon_pooled,slot,1,0.1685967830112614,-0.06384875197304228,0.29734590958019375,15.892157163405622,-14.12273585308483,91.66666666666666
autogluon_pooled,slot,2,0.17751774455742608,-0.07577363758377688,0.3249751883745963,18.371767931439262,-16.76040697984017,90.47619047619048
autogluon_pooled,slot,3,0.16910058411762263,-0.06442264986504333,0.31527787944025837,15.696139038653774,-14.24967660110125,90.47619047619048
autogluon_pooled,slot,4,0.16589828726185546,-0.06299608198430977,0.31773417653390745,16.185690529357334,-13.934133372243755,89.28571428571429
autogluon_pooled,slot,5,0.15807444365895199,-0.051693130112203195,0.293080947255113,14.36694100261931,-11.43402806529447,86.90476190476191
autogluon_pooled,slot,6,0.15277318985990007,-0.04951370004997856,0.2829315931108719,13.610100132347721,-10.951958892007163,88.09523809523809
autogluon_pooled,slot,7,0.15108651657860717,-0.04972480177931219,0.2734010226049516,13.317859357584553,-10.998652584043102,86.90476190476191
autogluon_pooled,slot,8,0.14747764709743175,-0.04581581800241058,0.2606938105489774,12.635953226619067,-10.134022601009388,85.71428571428571
autogluon_pooled,slot,9,0.14288072452753364,-0.04188346773267787,0.24961964477933263,11.651658954907303,-9.26422417229946,84.52380952380952
autogluon_pooled,slot,10,0.14084712840516547,-0.04000661663832302,0.24647002152852526,11.371212217832333,-8.849082585000497,84.52380952380952
autogluon_pooled,slot,11,0.1407725464063763,-0.04115779152276719,0.2473290635091496,11.674485927400953,-9.103711505869219,84.52380952380952
autogluon_pooled,slot,12,0.14142374532558735,-0.04259402119197683,0.2526142088266954,11.89032722239374,-9.421391830320589,85.71428571428571
autogluon_pooled,slot,13,0.1427409998684162,-0.04284952741794355,0.2557557050592034,12.170921988608304,-9.477907374111801,86.90476190476191
autogluon_pooled,slot,14,0.14289308843697812,-0.042421892727977174,0.25572034445640474,12.577127053578842,-9.38331865340257,84.52380952380952
autogluon_pooled,slot,15,0.14017744895081324,-0.03810072434627049,0.2521010226049516,11.805951820082113,-8.42751736135364,80.95238095238095
autogluon_pooled,slot,16,0.14391685622511027,-0.040634939064041954,0.2608912809472551,12.29329993221467,-8.988061521546424,84.52380952380952
autogluon_pooled,slot,17,0.14617078035864728,-0.042302724125755316,0.2672120021528525,12.125172525111951,-9.356959693530163,84.52380952380952
autogluon_pooled,slot,18,0.14881571164208102,-0.044184520572457205,0.27205818083961253,11.742769542370185,-9.773195145669701,85.71428571428571
autogluon_pooled,slot,19,0.1500500858161917,-0.04360405743877554,0.27142260495156084,11.92880004082373,-9.644802228719637,86.90476190476191
autogluon_pooled,slot,20,0.1447741168347959,-0.03811051355300571,0.2644600107642627,11.726988763672196,-8.429682640652928,82.14285714285714
autogluon_pooled,slot,21,0.1492109709135362,-0.040962187237570766,0.2683237890204521,12.111116167552861,-9.060445700881724,86.90476190476191
autogluon_pooled,slot,22,0.14878991495748645,-0.041175691732027724,0.2690719052744887,11.674048967789037,-9.107670861679466,84.52380952380952
autogluon_pooled,slot,23,0.14682906424361195,-0.038513569294164746,0.26647992465016146,11.119825939618224,-8.518834731971202,82.14285714285714
autogluon_pooled,slot,24,0.15255253253309098,-0.04382864130285364,0.26917777179763186,11.777279137929424,-9.694478040559769,82.14285714285714
autogluon_pooled,slot,25,0.15249492014436733,-0.0427215530507204,0.26592664155005385,12.093850763186792,-9.449600662885537,82.14285714285714
autogluon_pooled,slot,26,0.15088527035626367,-0.03975191485875412,0.2610430032292788,11.511121548539645,-8.79274497709109,76.19047619047619
autogluon_pooled,slot,27,0.1524832722295203,-0.03947467788580456,0.2600078040904198,11.573036220919718,-8.73142279902677,82.14285714285714
autogluon_pooled,slot,28,0.1498980928936648,-0.03953402754689617,0.2555399354144241,11.259665517144452,-8.744550378825366,79.76190476190477
autogluon_pooled,slot,29,0.14867932003118245,-0.037373004270717866,0.24802314316469323,11.233444930068176,-8.266552611308786,83.33333333333334
autogluon_pooled,slot,30,0.14649361717676346,-0.035790857803211645,0.24037427341227127,10.743705554006802,-7.916596880758005,85.71428571428571
autogluon_pooled,slot,31,0.14692673681217658,-0.03543343122794737,0.23484946178686758,11.06527859730799,-7.837537526372169,85.71428571428571
autogluon_pooled,slot,32,0.14240407215558995,-0.04032922593625299,0.22943579117330465,12.157716005342685,-8.920440689233102,86.90476190476191
autogluon_pooled,slot,33,0.1398244710537806,-0.038346759866362774,0.22285199138858988,11.93856590638172,-8.481938075202624,85.71428571428571
autogluon_pooled,slot,34,0.1369186530175191,-0.03514259378881289,0.21482820236813777,11.152545087132612,-7.773207054715995,84.52380952380952
autogluon_pooled,slot,35,0.13512564898702564,-0.03539078044272567,0.20962556512378902,11.409664809229099,-7.828103578879083,82.14285714285714
autogluon_pooled,slot,36,0.1304127668804301,-0.037235739254904185,0.20096189451022603,11.682158107922657,-8.236190897096664,82.14285714285714
autogluon_pooled,slot,37,0.13005293159837034,-0.03868652949004239,0.20134817007534983,11.11899181062946,-8.557091880059378,83.33333333333334
autogluon_pooled,slot,38,0.13046739898725954,-0.03683741244814254,0.19882534983853606,10.874098480055286,-8.148084801029622,80.95238095238095
autogluon_pooled,slot,39,0.13495631603861735,-0.04371879416742315,0.20090624327233586,12.17546084302489,-9.67018090036574,82.14285714285714
autogluon_pooled,slot,40,0.13246649245246142,-0.047864639497953346,0.1912858988159311,12.276929200331443,-10.587202403237777,86.90476190476191
autogluon_pooled,slot,41,0.12644182030021325,-0.04773983138455375,0.184905382131324,12.004543579071642,-10.559596037202486,90.47619047619048
autogluon_pooled,slot,42,0.1220037550227764,-0.04225102372224296,0.17599461786867598,11.247301714535931,-9.345524056658027,86.90476190476191
autogluon_pooled,slot,43,0.12291480860645823,-0.03965538708171876,0.17656227125941873,11.386810131468618,-8.771393952123029,85.71428571428571
autogluon_pooled,slot,44,0.13469809745762848,-0.05434006722301061,0.20846485468245426,13.863747353087335,-12.019505345280205,89.28571428571429
autogluon_pooled,slot,45,0.13244868999718637,-0.04601221914472321,0.20368665231431649,12.614374186039134,-10.177464663201873,88.09523809523809
autogluon_pooled,slot,46,0.1291524761012345,-0.042211738792211816,0.19373229278794402,12.300807046245014,-9.336834604277328,82.14285714285714
autogluon_pooled,slot,47,0.12590688866953595,-0.03951060208821051,0.187108073196986,11.383493583641561,-8.739368890463705,83.33333333333334
autogluon_pooled,slot,48,0.13222227221981417,-0.036749662276628646,0.18945123789020452,11.904796168942706,-8.12867529880667,82.14285714285714
autogluon_pooled,slot,49,0.1306565275919557,-0.03471973679105037,0.1855967707212056,11.739355442948405,-7.679675114020428,84.52380952380952
autogluon_pooled,slot,50,0.12915184677445943,-0.03356603051524174,0.18405721205597417,11.794795672519458,-7.424486273490376,82.14285714285714
autogluon_pooled,slot,51,0.1299635590592073,-0.03540601860043679,0.1851478471474704,12.09532844629827,-7.83147411423947,82.14285714285714
autogluon_pooled,slot,52,0.13070307019117694,-0.03557332660333464,0.1847681377825619,11.97915548601745,-7.868481051070925,79.76190476190477
autogluon_pooled,slot,53,0.12915031183493195,-0.03373084373250995,0.18245290635091496,11.906055468856492,-7.460941387500417,79.76190476190477
autogluon_pooled,slot,54,0.1295441003087422,-0.03261821648634571,0.18167750269106567,12.309791212814083,-7.214838837098848,79.76190476190477
autogluon_pooled,slot,55,0.13099838440780362,-0.03456504285451374,0.1846685145317546,13.148854214349077,-7.645458288534111,82.14285714285714
autogluon_pooled,slot,56,0.13392562518999312,-0.036794507004188154,0.18904133476856835,13.212984144914639,-8.13859452545019,79.76190476190477
autogluon_pooled,slot,57,0.1370874442377615,-0.03997016920180094,0.19485742734122713,13.70726348998605,-8.841020759160255,82.14285714285714
autogluon_pooled,slot,58,0.14155739109505863,-0.04246516891905857,0.20084634015069966,14.677627258105614,-9.392890934715574,84.52380952380952
autogluon_pooled,slot,59,0.14214241054720397,-0.04216493725917642,0.2044358988159311,14.174644503760604,-9.326482550898785,82.14285714285714
autogluon_pooled,slot,60,0.14323580942989497,-0.043780105898070285,0.21179488697524218,14.071643508116225,-9.683742471263642,85.71428571428571
autogluon_pooled,slot,61,0.14948690638625817,-0.050033688687273585,0.2245825618945102,15.344518813709426,-11.066975426304086,85.71428571428571
autogluon_pooled,slot,62,0.1552709552844366,-0.053742397768218,0.2344581808396125,16.227913840538534,-11.887306553970124,86.90476190476191
autogluon_pooled,slot,63,0.16016841856091027,-0.05704038624409372,0.24467508073196986,16.899304383949083,-12.616790195419778,86.90476190476191
autogluon_pooled,slot,64,0.16584556833694838,-0.045328482175875214,0.25467874058127016,15.173770052844791,-10.02622855747335,82.14285714285714
autogluon_pooled,slot,65,0.1719334859072534,-0.05059732577159798,0.26610532831001077,15.401143772263818,-11.19164658138441,85.71428571428571
autogluon_pooled,slot,66,0.17297186061624098,-0.052041711657460896,0.27134020452099034,15.67788829925635,-11.511130983281232,84.52380952380952
autogluon_pooled,slot,67,0.17726190926671773,-0.057783993359303815,0.28240010764262646,16.805545679231447,-12.781269007331725,85.71428571428571
autogluon_pooled,slot,68,0.1789115969576733,-0.04667457254452928,0.28781216361679224,15.649866672923494,-10.323970927111358,82.14285714285714
autogluon_pooled,slot,69,0.17765887130439173,-0.047016357722417725,0.2920731969860065,15.303619162290337,-10.399570553363349,84.52380952380952
autogluon_pooled,slot,70,0.1766448779313053,-0.04304342149861638,0.2892318622174381,14.991315040915337,-9.520794898146338,83.33333333333334
autogluon_pooled,slot,71,0.17793516636921275,-0.0464073956494278,0.299891926803014,15.164382977358601,-10.264873942456768,82.14285714285714
autogluon_pooled,slot,72,0.18079710569970311,-0.053431783452075964,0.315990581270183,14.918902219201053,-11.818601625471088,85.71428571428571
autogluon_pooled,slot,73,0.18671053500467066,-0.05809049736793705,0.3240144779332616,16.090600058231786,-12.849064774955597,84.52380952380952
autogluon_pooled,slot,74,0.1885167415794966,-0.05985855352959789,0.32635016146393975,16.35723598426103,-13.240141959284866,85.71428571428571
autogluon_pooled,slot,75,0.18355330828446673,-0.05338643198552187,0.3193896663078579,15.330603125795907,-11.808570312988051,83.33333333333334
autogluon_pooled,slot,76,0.19226326073832686,-0.06316596874030665,0.33699106566200215,17.12844365635114,-13.971710704701163,85.71428571428571
autogluon_pooled,slot,77,0.1932307049224261,-0.06141489726855849,0.33762443487621097,17.016565891048874,-13.584390372021627,85.71428571428571
autogluon_pooled,slot,78,0.19165411790875742,-0.05998517698747224,0.3344266415500538,16.702634712019943,-13.268149862228979,86.90476190476191
autogluon_pooled,slot,79,0.1884777453273977,-0.05615645107172841,0.3270589343379979,16.694919828905785,-12.421272153722786,85.71428571428571
autogluon_pooled,slot,80,0.18943342149836814,-0.057852962282399036,0.33252357373519914,16.959016727405675,-12.796524276273502,85.71428571428571
autogluon_pooled,slot,81,0.18237089959281108,-0.05127215730362021,0.3212794940796555,15.27131950677564,-11.340912889300757,85.71428571428571
autogluon_pooled,slot,82,0.18367950724226412,-0.055310660241544525,0.32567287405812706,16.12651946967199,-12.234191277236873,85.71428571428571
autogluon_pooled,slot,83,0.18690040204029112,-0.06195363883490121,0.337067491926803,16.845472571285264,-13.703554875624578,88.09523809523809
autogluon_pooled,slot,84,0.18084211717176943,-0.056620638324979884,0.3242952099031216,16.235710243115427,-12.523945953311026,85.71428571428571
autogluon_pooled,slot,85,0.1819528738383549,-0.05955911195406632,0.325578471474704,17.05420495062454,-13.173908334601812,86.90476190476191
autogluon_pooled,slot,86,0.18187737458296188,-0.057570337081389575,0.32417911733046284,16.71336140169335,-12.73401027347879,88.09523809523809
autogluon_pooled,slot,87,0.18393549461143965,-0.057052954899937315,0.32280742734122714,16.578443100530595,-12.619570262390896,85.71428571428571
autogluon_pooled,slot,88,0.18563482662074993,-0.057393068262069274,0.3180086652314316,16.507449947229503,-12.694800098919607,88.09523809523809
autogluon_pooled,slot,89,0.17786485868765775,-0.05286003526611204,0.3022103336921421,15.494172106182608,-11.692136371956687,85.71428571428571
autogluon_pooled,slot,90,0.1761243736054451,-0.051799710781698316,0.2948911194833154,15.958872620285215,-11.457602694332795,85.71428571428571
autogluon_pooled,slot,91,0.17271611330215958,-0.04878809765537426,0.28968751345532834,15.416213974526515,-10.791462552819686,85.71428571428571
autogluon_pooled,slot,92,0.1824809606525012,-0.05746069790542344,0.3063867061356297,16.773581493267006,-12.709759131937709,85.71428571428571
autogluon_pooled,slot,93,0.17948884449372343,-0.05829927167680037,0.30344036598493,17.367263721553464,-12.895243663749417,88.09523809523809
autogluon_pooled,slot,94,0.17689293541766596,-0.05449893325637834,0.2982045748116254,17.02520041551028,-12.054644998851305,84.52380952380952
autogluon_pooled,slot,95,0.17732256936223717,-0.05659055302587781,0.3047534445640474,16.557912780815588,-12.517291371676306,85.71428571428571
seasonal_mean_4weeks,slot,0,0.19859886526731252,0.01253626210979548,0.3055652852529602,10.869008928571429,2.7729017857142857,33.33333333333333
seasonal_mean_4weeks,slot,1,0.19213668371008252,0.01198355310369573,0.29734590958019375,10.85902876984127,2.6506478174603174,40.476190476190474
seasonal_mean_4weeks,slot,2,0.19644963670613563,0.013955081628991747,0.3249751883745963,11.526449404761905,3.0867311507936512,39.285714285714285
seasonal_mean_4weeks,slot,3,0.19330433710082526,0.01604281933979189,0.31527787944025837,10.94732638888889,3.5485188492063493,34.523809523809526
seasonal_mean_4weeks,slot,4,0.18986254036598493,0.016236212773591677,0.31773417653390745,11.684166666666666,3.591295634920635,34.523809523809526
seasonal_mean_4weeks,slot,5,0.1879769330821672,0.015116572479368498,0.293080947255113,11.918324404761904,3.343641865079365,35.714285714285715
seasonal_mean_4weeks,slot,6,0.18075558396124863,0.0163620963401507,0.2829315931108719,12.114266865079365,3.619139880952381,38.095238095238095
seasonal_mean_4weeks,slot,7,0.18047870021528525,0.013196030678148547,0.2734010226049516,11.737844246031747,2.91883630952381,35.714285714285715
seasonal_mean_4weeks,slot,8,0.17850690706853248,0.016894232149264443,0.2606938105489774,11.70222619047619,3.736843253968254,32.142857142857146
seasonal_mean_4weeks,slot,9,0.17398854054538931,0.01741668909221385,0.24961964477933263,11.504864087301588,3.8524057539682537,35.714285714285715
seasonal_mean_4weeks,slot,10,0.16917151058485827,0.015590670972371726,0.24647002152852526,10.64332738095238,3.4485079365079363,39.285714285714285
seasonal_mean_4weeks,slot,11,0.16899233494797272,0.012100363293864371,0.2473290635091496,10.44507242063492,2.6764851190476193,36.904761904761905
seasonal_mean_4weeks,slot,12,0.1703649578399713,0.013344999102978114,0.2526142088266954,11.194260912698413,2.9517867063492065,34.523809523809526
seasonal_mean_4weeks,slot,13,0.1705645093290276,0.010923120739146036,0.2557557050592034,11.240733134920635,2.416090277777778,34.523809523809526
seasonal_mean_4weeks,slot,14,0.1694801489056333,0.011204386437029064,0.25572034445640474,11.19796626984127,2.4783035714285715,36.904761904761905
seasonal_mean_4weeks,slot,15,0.1697787047003947,0.01631422676713312,0.2521010226049516,11.768430555555556,3.608551587301587,33.33333333333333
seasonal_mean_4weeks,slot,16,0.1729451919626839,0.016777287405812705,0.2608912809472551,12.191871031746032,3.7109761904761904,33.33333333333333
seasonal_mean_4weeks,slot,17,0.17484807140294223,0.014674058127018299,0.2672120021528525,11.664619047619047,3.245761904761905,30.952380952380953
seasonal_mean_4weeks,slot,18,0.17891415500538213,0.013762746681019018,0.27205818083961253,12.328386904761905,3.0441884920634923,33.33333333333333
seasonal_mean_4weeks,slot,19,0.17975714926444206,0.0141244617868676,0.27142260495156084,12.7375873015873,3.1241964285714285,35.714285714285715
seasonal_mean_4weeks,slot,20,0.17375346698959454,0.017251439720129172,0.2644600107642627,13.00224503968254,3.8158541666666665,33.33333333333333
seasonal_mean_4weeks,slot,21,0.1779708781844277,0.018317613024757803,0.2683237890204521,14.018243055555555,4.051681547619047,36.904761904761905
seasonal_mean_4weeks,slot,22,0.17737215644061716,0.01660771438823107,0.2690719052744887,13.754839285714286,3.6734682539682537,35.714285714285715
seasonal_mean_4weeks,slot,23,0.17539743900251167,0.017800148008611412,0.26647992465016146,13.038804563492063,3.937223214285715,36.904761904761905
seasonal_mean_4weeks,slot,24,0.18151820954431286,0.010940895227843559,0.26917777179763186,12.909686507936508,2.4200218253968253,48.80952380952381
seasonal_mean_4weeks,slot,25,0.18011208736993184,0.01067342572658773,0.26592664155005385,12.93008630952381,2.360860119047619,44.047619047619044
seasonal_mean_4weeks,slot,26,0.17863961248654467,0.01252692859705777,0.2610430032292788,12.799978174603174,2.7708373015873016,41.66666666666667
seasonal_mean_4weeks,slot,27,0.1783100287047004,0.012071080014352352,0.2600078040904198,13.175343253968254,2.6700079365079366,42.857142857142854
seasonal_mean_4weeks,slot,28,0.17707552027269466,0.011794904915679943,0.2555399354144241,12.731448412698413,2.608920634920635,39.285714285714285
seasonal_mean_4weeks,slot,29,0.17586749641191246,0.01155226498026552,0.24802314316469323,13.10455654761905,2.555250992063492,36.904761904761905
seasonal_mean_4weeks,slot,30,0.17441348223896663,0.014566953713670613,0.24037427341227127,13.072676587301586,3.2220714285714287,35.714285714285715
seasonal_mean_4weeks,slot,31,0.1726779960531037,0.013913150340868317,0.23484946178686758,12.833013888888889,3.077456349206349,36.904761904761905
seasonal_mean_4weeks,slot,32,0.16995882221026193,0.013502659669895946,0.22943579117330465,12.292086309523809,2.9866597222222224,36.904761904761905
seasonal_mean_4weeks,slot,33,0.16629565392895587,0.013457656081808397,0.22285199138858988,12.22482638888889,2.976705357142857,38.095238095238095
seasonal_mean_4weeks,slot,34,0.16376567994259061,0.013973448152134912,0.21482820236813777,12.050609126984128,3.0907936507936506,36.904761904761905
seasonal_mean_4weeks,slot,35,0.1623745963401507,0.012175852170792967,0.20962556512378902,11.44213888888889,2.6931825396825397,44.047619047619044
seasonal_mean_4weeks,slot,36,0.15641780139935413,0.010873380875493362,0.20096189451022603,12.056747023809525,2.405088293650794,41.66666666666667
seasonal_mean_4weeks,slot,37,0.15826249102978113,0.0099445326515967,0.20134817007534983,11.268522817460317,2.1996359126984126,39.285714285714285
seasonal_mean_4weeks,slot,38,0.15809784266236096,0.011646398457122354,0.19882534983853606,11.68910615079365,2.5760724206349206,34.523809523809526
seasonal_mean_4weeks,slot,39,0.16180923035522068,0.011627233584499463,0.20090624327233586,11.211505952380953,2.571833333333333,36.904761904761905
seasonal_mean_4weeks,slot,40,0.15780109436670256,0.005247389666307858,0.1912858988159311,10.535587301587302,1.160672619047619,41.66666666666667
seasonal_mean_4weeks,slot,41,0.15279973986365267,0.005663580911374238,0.184905382131324,9.432992063492064,1.2527301587301587,39.285714285714285
seasonal_mean_4weeks,slot,42,0.1463520182992465,0.00877475780409042,0.17599461786867598,8.733944444444445,1.9408928571428574,34.523809523809526
seasonal_mean_4weeks,slot,43,0.14596315482597774,0.008059414244707571,0.17656227125941873,9.695114087301587,1.7826656746031748,41.66666666666667
seasonal_mean_4weeks,slot,44,0.16069512917115175,0.013111634373878724,0.20846485468245426,12.54970238095238,2.9001686507936504,32.142857142857146
seasonal_mean_4weeks,slot,45,0.16043554897739504,0.013763347685683531,0.20368665231431649,11.993186507936509,3.044321428571428,35.714285714285715
seasonal_mean_4weeks,slot,46,0.15612256458557588,0.012184288661643344,0.19373229278794402,11.795929563492063,2.695048611111111,35.714285714285715
seasonal_mean_4weeks,slot,47,0.15480279870828847,0.012937979906709723,0.187108073196986,11.081061507936507,2.8617579365079364,35.714285714285715
seasonal_mean_4weeks,slot,48,0.15939619662719773,0.012487154646573377,0.18945123789020452,10.948224206349206,2.7620396825396827,35.714285714285715
seasonal_mean_4weeks,slot,49,0.1539046196627198,0.01312548439181916,0.1855967707212056,10.083349206349206,2.903232142857143,36.904761904761905
seasonal_mean_4weeks,slot,50,0.15134855130965197,0.013061019913885898,0.18405721205597417,9.55141765873016,2.888973214285714,35.714285714285715
seasonal_mean_4weeks,slot,51,0.15164649264442054,0.012371447793326157,0.1851478471474704,10.21564880952381,2.7364464285714285,40.476190476190474
seasonal_mean_4weeks,slot,52,0.15201127108001433,0.01225919895945461,0.1847681377825619,10.306147817460317,2.7116180555555554,39.285714285714285
seasonal_mean_4weeks,slot,53,0.1510786060279871,0.01385177610333692,0.18245290635091496,10.300293650793652,3.063880952380952,39.285714285714285
seasonal_mean_4weeks,slot,54,0.1512762109795479,0.01542746681019017,0.18167750269106567,9.525803571428572,3.41240873015873,41.66666666666667
seasonal_mean_4weeks,slot,55,0.15171744259059922,0.013917613024757804,0.1846685145317546,9.635060515873016,3.0784434523809523,46.42857142857143
seasonal_mean_4weeks,slot,56,0.15551988249013274,0.012049735378543237,0.18904133476856835,9.57464384920635,2.6652867063492063,41.66666666666667
seasonal_mean_4weeks,slot,57,0.15846415500538213,0.011299111948331539,0.19485742734122713,9.709708333333333,2.4992559523809526,42.857142857142854
seasonal_mean_4weeks,slot,58,0.16194085934696806,0.010954476139217798,0.20084634015069966,10.284696428571428,2.4230257936507935,46.42857142857143
seasonal_mean_4weeks,slot,59,0.16522040276282743,0.014234387334050951,0.2044358988159311,10.263707341269841,3.1485109126984128,44.047619047619044
seasonal_mean_4weeks,slot,60,0.16957481162540364,0.013719564047362756,0.21179488697524218,10.320609126984127,3.034636904761905,44.047619047619044
seasonal_mean_4weeks,slot,61,0.17524969949766775,0.011737553821313241,0.2245825618945102,10.797568452380952,2.596235119047619,40.476190476190474
seasonal_mean_4weeks,slot,62,0.18261467976318624,0.013506256727664156,0.2344581808396125,12.25744742063492,2.9874553571428573,40.476190476190474
seasonal_mean_4weeks,slot,63,0.1865309831359885,0.01407894689630427,0.24467508073196986,12.126932539682539,3.1141289682539686,39.285714285714285
seasonal_mean_4weeks,slot,64,0.19234087280229636,0.013769622353785432,0.25467874058127016,11.98809623015873,3.0457093253968255,44.047619047619044
seasonal_mean_4weeks,slot,65,0.19870643613204161,0.012041159849300324,0.26610532831001077,11.676354166666666,2.663389880952381,42.857142857142854
seasonal_mean_4weeks,slot,66,0.1994624910297811,0.011152238069608899,0.27134020452099034,12.650268849206348,2.4667688492063493,40.476190476190474
seasonal_mean_4weeks,slot,67,0.20611067456045928,0.010771968066020812,0.28240010764262646,13.379589285714287,2.3826567460317465,46.42857142857143
seasonal_mean_4weeks,slot,68,0.20565931557229997,0.012176717796914246,0.28781216361679224,13.0089751984127,2.693374007936508,45.23809523809524
seasonal_mean_4weeks,slot,69,0.20589500358808754,0.013519160387513456,0.2920731969860065,13.505126984126983,2.9903095238095236,42.857142857142854
seasonal_mean_4weeks,slot,70,0.20308367420165052,0.014373959454610693,0.2892318622174381,13.027958333333334,3.179382936507936,42.857142857142854
seasonal_mean_4weeks,slot,71,0.20213612307140294,0.016334580193756727,0.299891926803014,13.091559523809524,3.613053571428572,44.047619047619044
seasonal_mean_4weeks,slot,72,0.2098560773232867,0.015565487082884822,0.315990581270183,12.060661706349206,3.4429375,40.476190476190474
seasonal_mean_4weeks,slot,73,0.21594818353067816,0.01415060548977395,0.3240144779332616,12.54707242063492,3.129979166666667,44.047619047619044
seasonal_mean_4weeks,slot,74,0.21875313957660567,0.01567187836383208,0.32635016146393975,12.061154761904763,3.4664702380952384,39.285714285714285
seasonal_mean_4weeks,slot,75,0.21404173394330822,0.017346972551130248,0.3193896663078579,12.645629960317459,3.836985119047619,40.476190476190474
seasonal_mean_4weeks,slot,76,0.22136594456404737,0.017992317007534984,0.33699106566200215,13.215070436507936,3.979729166666667,40.476190476190474
seasonal_mean_4weeks,slot,77,0.22361898546824543,0.017815702368137783,0.33762443487621097,13.687729166666667,3.9406636904761907,42.857142857142854
seasonal_mean_4weeks,slot,78,0.22125175367778974,0.016663289379260857,0.3344266415500538,12.827112103174603,3.685760912698413,38.095238095238095
seasonal_mean_4weeks,slot,79,0.21832188284894152,0.020128449049156803,0.3270589343379979,13.458002976190476,4.45222123015873,39.285714285714285
seasonal_mean_4weeks,slot,80,0.22032735468245424,0.023189984750627914,0.33252357373519914,13.777056547619049,5.12940376984127,38.095238095238095
seasonal_mean_4weeks,slot,81,0.2157317366343739,0.021057364549695014,0.3212794940796555,13.593555555555557,4.6576884920634924,36.904761904761905
seasonal_mean_4weeks,slot,82,0.21295528794402582,0.019281175995694295,0.32567287405812706,12.806818452380954,4.2648125,35.714285714285715
seasonal_mean_4weeks,slot,83,0.2122206225331898,0.016844860064585576,0.337067491926803,11.702283730158731,3.7259226190476187,38.095238095238095
seasonal_mean_4weeks,slot,84,0.20847823376390384,0.017861091675636886,0.3242952099031216,11.450233134920634,3.9507033730158736,36.904761904761905
seasonal_mean_4weeks,slot,85,0.20931986903480446,0.015097299964119125,0.325578471474704,11.619857142857143,3.3393789682539685,35.714285714285715
seasonal_mean_4weeks,slot,86,0.2073445326515967,0.017937221923214928,0.32417911733046284,12.048391865079365,3.967542658730159,40.476190476190474
seasonal_mean_4weeks,slot,87,0.20946364370290635,0.019817285611768928,0.32280742734122714,12.127369047619046,4.383394841269841,35.714285714285715
seasonal_mean_4weeks,slot,88,0.21204878005023323,0.016630373161105133,0.3180086652314316,11.352436507936508,3.678480158730159,42.857142857142854
seasonal_mean_4weeks,slot,89,0.20392208467886616,0.016818846429852888,0.3022103336921421,12.13776388888889,3.7201686507936507,40.476190476190474
seasonal_mean_4weeks,slot,90,0.20187089163975602,0.013878597057768208,0.2948911194833154,12.299267857142857,3.069813492063492,39.285714285714285
seasonal_mean_4weeks,slot,91,0.19748276372443488,0.015342056871187658,0.28968751345532834,12.168084325396826,3.3935168650793655,40.476190476190474
seasonal_mean_4weeks,slot,92,0.20344478830283458,0.016693272335844996,0.3063867061356297,12.321180555555557,3.692392857142857,40.476190476190474
seasonal_mean_4weeks,slot,93,0.1972523950484392,0.015374497667743093,0.30344036598493,12.8712123015873,3.400692460317461,39.285714285714285
seasonal_mean_4weeks,slot,94,0.19606637961966272,0.017380570505920345,0.2982045748116254,12.72550396825397,3.844416666666667,40.476190476190474
seasonal_mean_4weeks,slot,95,0.1969959006099749,0.01837354682454252,0.3047534445640474,11.49126388888889,4.0640535714285715,38.095238095238095
autogluon_pooled,hour,0,0.1718874307817553,-0.0681142946499686,0.31079106566200215,16.562215320337444,-15.06623326900496,91.07142857142857
autogluon_pooled,hour,1,0.15695810933982868,-0.053481928481450926,0.291786934876211,14.37014775547723,-11.829693228397122,87.79761904761905
autogluon_pooled,hour,2,0.1429945116091268,-0.04221592347404467,0.25102813509149624,11.833327581689915,-9.337760216044641,84.82142857142857
autogluon_pooled,hour,3,0.14180882064544872,-0.041491541421042014,0.25404782023681377,12.11108202116575,-9.17753380479715,84.52380952380952
autogluon_pooled,hour,4,0.14723835851050757,-0.0426815603002575,0.26789601722282025,12.022510510130134,-9.44075464736648,85.41666666666666
autogluon_pooled,hour,5,0.14740101673735762,-0.03969049045419224,0.2670839074273412,11.65799495965808,-8.779158483796332,83.92857142857143
autogluon_pooled,hour,6,0.15210399881581058,-0.04144419677453318,0.2640388051668461,11.738821917643895,-9.167061619890793,80.65476190476191
autogluon_pooled,hour,7,0.1479994417284468,-0.03703283021219326,0.24469670344456404,11.075523649631855,-8.19130934931608,83.63095238095238
autogluon_pooled,hour,8,0.13856821130347882,-0.03730234000853858,0.21918538751345534,11.66462295202153,-8.2509223495077,84.82142857142857
autogluon_pooled,hour,9,0.13147235337616933,-0.039119618840128066,0.20051041442411194,11.462677310408074,-8.65288711963785,82.14285714285714
autogluon_pooled,hour,10,0.12595671909547732,-0.0443777204216172,0.18218704251883747,11.72889615635191,-9.81592911230533,87.5
autogluon_pooled,hour,11,0.13055153805639633,-0.04551865681203904,0.1982479682454252,12.54060554225326,-10.068293375805778,85.71428571428571
autogluon_pooled,hour,12,0.13049855141135913,-0.03511036204583939,0.18606326695371367,11.88356893267721,-7.766077700139236,82.73809523809523
autogluon_pooled,hour,13,0.13009896668566368,-0.03412185741917601,0.18339176533907425,12.335964095509274,-7.547429891051076,80.35714285714286
autogluon_pooled,hour,14,0.13867821776750433,-0.04034869559605602,0.19729525026910658,13.943129849191726,-8.9247471925562,82.14285714285714
autogluon_pooled,hour,15,0.152040522415375,-0.0511491446494139,0.22887767761033367,15.635845136578316,-11.313703661739407,86.30952380952381
autogluon_pooled,hour,16,0.17200320603179015,-0.05143787824105948,0.2686310952637244,15.764586950899101,-11.37756878236768,84.52380952380952
autogluon_pooled,hour,17,0.17778762814064578,-0.0457854368537478,0.29225228740581266,15.277295963371941,-10.127302580269454,83.03571428571429
autogluon_pooled,hour,18,0.18489442264208425,-0.056191816583783194,0.32143622174381054,15.674335346872443,-12.429094668174901,84.82142857142857
autogluon_pooled,hour,19,0.19140645722422703,-0.06018062351701645,0.3340252691065662,16.885641022081433,-13.31138077316864,86.01190476190477
autogluon_pooled,hour,20,0.18559605759343362,-0.056597354665616245,0.3291358584499462,16.300582068784642,-12.518795829608926,86.30952380952381
autogluon_pooled,hour,21,0.18215196505113146,-0.05770076056509328,0.3242150565123789,16.645429923990978,-12.762858705945632,86.60714285714286
autogluon_pooled,hour,22,0.1780850430540031,-0.052710227991313474,0.30119940796555433,15.84417716205596,-11.659000429507195,86.30952380952381
autogluon_pooled,hour,23,0.17904632748153193,-0.05671236396612,0.3031962728740581,16.930989602786582,-12.544234791553684,86.01190476190477
seasonal_mean_4weeks,hour,0,0.195122380696089,0.013629429045568712,0.31079106566200215,11.050453373015873,3.014699900793651,36.904761904761905
seasonal_mean_4weeks,hour,1,0.18476843940617152,0.015227728067814856,0.291786934876211,11.86365054563492,3.368228422619048,36.01190476190476
seasonal_mean_4weeks,hour,2,0.1726648232866882,0.015500488876928595,0.25102813509149624,11.07387251984127,3.4285605158730164,36.01190476190476
seasonal_mean_4weeks,hour,3,0.17004708019375672,0.012946683261571584,0.25404782023681377,11.350347718253968,2.863683035714286,34.82142857142857
seasonal_mean_4weeks,hour,4,0.17661614190886257,0.014834638500179406,0.26789601722282025,12.230616071428571,3.2812807539682542,33.33333333333333
seasonal_mean_4weeks,hour,5,0.17612348515428777,0.017494228785432366,0.2670839074273412,13.45353298611111,3.869556795634921,35.714285714285715
seasonal_mean_4weeks,hour,6,0.17964498452637243,0.011553082391460351,0.2640388051668461,12.953773561507935,2.5554317956349206,44.345238095238095
seasonal_mean_4weeks,hour,7,0.17500862374416937,0.0129568184876211,0.24469670344456404,12.935423859126983,2.865924851190476,37.202380952380956
seasonal_mean_4weeks,hour,8,0.16559868810548978,0.013277404018658056,0.21918538751345534,12.002415178571429,2.936835317460318,38.98809523809524
seasonal_mean_4weeks,hour,9,0.15864684136167923,0.01102288639217797,0.20051041442411194,11.556470486111111,2.438157490079365,38.095238095238095
seasonal_mean_4weeks,hour,10,0.15072900183889487,0.006936285656620023,0.18218704251883747,9.599409474206348,1.5342403273809526,39.285714285714285
seasonal_mean_4weeks,hour,11,0.1580140103606028,0.01299931265697883,0.1982479682454252,11.854969990079365,2.8753241567460313,34.82142857142857
seasonal_mean_4weeks,hour,12,0.15407396506099746,0.012761276686401148,0.18606326695371367,10.199659970238097,2.822672867063492,37.202380952380956
seasonal_mean_4weeks,hour,13,0.15152088266953712,0.013864013724434875,0.18339176533907425,9.94182638888889,3.0665877976190474,41.66666666666667
seasonal_mean_4weeks,hour,14,0.16028632490132758,0.012134427700035881,0.19729525026910658,9.95818898809524,2.684019841269841,43.75
seasonal_mean_4weeks,hour,15,0.17849254350556154,0.013260580373161105,0.22887767761033367,11.375639384920635,2.9331140873015875,41.07142857142857
seasonal_mean_4weeks,hour,16,0.1991551186311446,0.011933747084678868,0.2686310952637244,12.423577132936508,2.6396312003968254,43.452380952380956
seasonal_mean_4weeks,hour,17,0.20419352910836025,0.014101104458198779,0.29225228740581266,13.158405009920635,3.1190300099206345,43.75
seasonal_mean_4weeks,hour,18,0.21464978359346967,0.015683735871905274,0.32143622174381054,12.328629712301588,3.4690930059523812,41.07142857142857
seasonal_mean_4weeks,hour,19,0.221139641639756,0.018149939451022605,0.3340252691065662,13.29697867063492,4.01459375,40.17857142857143
seasonal_mean_4weeks,hour,20,0.21530875044851094,0.0200933463401507,0.3291358584499462,12.969928571428571,4.444456845238095,37.202380952380956
seasonal_mean_4weeks,hour,21,0.20865156978830285,0.017678224793684964,0.3242150565123789,11.811462797619047,3.9102549603174603,37.202380952380956
seasonal_mean_4weeks,hour,22,0.20383113002332257,0.015667468379978473,0.30119940796555433,11.98938814484127,3.4654947916666665,40.773809523809526
seasonal_mean_4weeks,hour,23,0.19843986589522783,0.016955471833512738,0.3031962728740581,12.352290178571428,3.7503888888888888,39.58333333333333
autogluon_pooled,daytype,weekday,0.15239683122916547,-0.04008140810695926,0.2561407282169141,12.875306753127383,-8.86533944979094,84.01041666666667
autogluon_pooled,daytype,weekend,0.16401938212586334,-0.06466164881321841,0.26690850638852265,16.212353994701978,-14.303695564557355,87.06597222222221
seasonal_mean_4weeks,daytype,weekday,0.1771182833130301,0.012701377900015907,0.2561407282169141,10.777766493055555,2.809333101851852,40.12152777777778
seasonal_mean_4weeks,daytype,weekend,0.19489229930568636,0.01792605553201063,0.26690850638852265,14.433008246527777,3.9653928674768517,35.67708333333333
autogluon_pooled,season,autumn,0.12952807819869228,-0.0654040081177326,0.21441766588851158,14.787485603072934,-14.675413630988382,97.0734126984127
autogluon_pooled,season,spring,0.17845916625663458,-0.008897052249065408,0.24557123588977423,12.891531667835258,-1.9141372410132147,59.27579365079365
autogluon_pooled,season,summer,0.06912964476246786,-0.03446453257700033,0.1256116048983696,7.662137792090837,-7.616661699517073,98.31349206349206
autogluon_pooled,season,winter,0.24544314036656126,-0.0779100863314803,0.4488151456430948,19.97384022559575,-17.4704093588067,84.87103174603175
seasonal_mean_4weeks,season,autumn,0.14949971003407378,-0.017358767066355404,0.21441766588851158,7.9205784556878305,-3.8949766865079365,54.31547619047619
seasonal_mean_4weeks,season,spring,0.2085588600459274,0.05095585040240273,0.24557123588977423,13.916322213955027,10.96278724371693,21.775793650793652
seasonal_mean_4weeks,season,summer,0.08845794690739543,0.003787668486197898,0.1256116048983696,2.9663145667989417,0.8370747354497354,38.24404761904761
seasonal_mean_4weeks,season,winter,0.2820078700139803,0.020753201058552183,0.4488151456430948,22.48526988260582,4.653658275462964,41.07142857142857
autogluon_pooled,week_monday,2023-03-27,0.22054781352349767,0.005251777533707824,0.3021632738896366,12.964953912856489,1.1148773450128322,50.595238095238095
autogluon_pooled,week_monday,2023-04-24,0.17645733681166634,0.03173341431387304,0.22174710954746135,11.806248107538071,6.845350801992613,31.547619047619047
autogluon_pooled,week_monday,2023-05-15,0.13935209176474464,-0.06302133974396558,0.2139540626368813,13.903392983111216,-13.702639870045088,95.68452380952381
autogluon_pooled,week_monday,2023-06-19,0.0719463040575564,-0.03263321398440054,0.12673668413010258,7.24683463767472,-7.118702536311376,95.83333333333334
autogluon_pooled,week_monday,2023-07-17,0.06422397157466342,-0.03228661725854203,0.12183007100750269,7.18051167892253,-7.172241405290409,99.25595238095238
autogluon_pooled,week_monday,2023-08-14,0.0712638866248384,-0.03843058890227456,0.1282814504490058,8.559067059675263,-8.559041156949435,99.85119047619048
autogluon_pooled,week_monday,2023-09-11,0.07397902844302262,-0.038777747727390725,0.13291234450769554,8.766815513780946,-8.758231308143532,99.10714285714286
autogluon_pooled,week_monday,2023-10-09,0.0973139409641268,-0.049227019713698784,0.15685249208860758,11.208515822992029,-11.111241592520583,97.02380952380952
autogluon_pooled,week_monday,2023-11-13,0.21896804241166917,-0.10902474271186796,0.35614099774339136,24.38712547244583,-24.15676799230103,95.08928571428571
autogluon_pooled,week_monday,2023-12-18,0.2540448257598446,-0.07175500871794588,0.45599963009934474,17.431745230468103,-16.165378392600093,87.05357142857143
autogluon_pooled,week_monday,2024-01-15,0.2842990565689206,-0.09119219577805256,0.5722781787634409,25.98875145462711,-20.19255763656878,74.85119047619048
autogluon_pooled,week_monday,2024-02-12,0.19879868525981984,-0.07103226569580194,0.32068769095027394,16.50102399169204,-16.05329204725124,92.70833333333334
seasonal_mean_4weeks,week_monday,2023-03-27,0.25900507981905185,0.06628951580492,0.3021632738896366,17.32402132936508,14.072317212301588,17.261904761904763
seasonal_mean_4weeks,week_monday,2023-04-24,0.20359703308958793,0.08093283606972039,0.22174710954746135,18.06688132440476,17.45836892361111,7.291666666666667
seasonal_mean_4weeks,week_monday,2023-05-15,0.1642285552635421,0.006244237297415681,0.2139540626368813,6.358063988095237,1.3576755952380952,40.773809523809526
seasonal_mean_4weeks,week_monday,2023-06-19,0.08786756269100633,0.005659859223786656,0.12673668413010258,3.3380008680555555,1.2346578621031747,35.56547619047619
seasonal_mean_4weeks,week_monday,2023-07-17,0.08966597557163272,0.007016719140764559,0.12183007100750269,2.9696520337301586,1.5587140376984128,30.80357142857143
seasonal_mean_4weeks,week_monday,2023-08-14,0.0878312837422493,-0.0012668594317938847,0.1282814504490058,2.5912907986111113,-0.2821476934523809,48.36309523809524
seasonal_mean_4weeks,week_monday,2023-09-11,0.09028467335634971,0.006092823744641225,0.13291234450769554,3.6889711061507935,1.3761077628968255,35.267857142857146
seasonal_mean_4weeks,week_monday,2023-10-09,0.11831151382296062,-0.005382525162623065,0.15685249208860758,5.623438864087301,-1.2149128224206347,47.470238095238095
seasonal_mean_4weeks,week_monday,2023-11-13,0.24163144633390643,-0.053464136041263696,0.35614099774339136,14.449325396825397,-11.846124999999999,80.20833333333334
seasonal_mean_4weeks,week_monday,2023-12-18,0.28086885590608046,0.029101603783555273,0.45599963009934474,15.82121130952381,6.556175595238095,35.86309523809524
seasonal_mean_4weeks,week_monday,2024-01-15,0.29854203068996416,-0.08665298051075268,0.5722781787634409,24.038951884920635,-19.18744568452381,81.84523809523809
seasonal_mean_4weeks,week_monday,2024-02-12,0.266943569255689,0.11766480051183452,0.32068769095027394,27.595646453373018,26.592244915674602,5.5059523809523805
