,gain_share
mean_same_slot_4wk,0.3835690561075328
lag_2d,0.19279798564987688
household,0.11765821989863037
roll_mean_24h,0.06333965410182141
lag_7d,0.054702347519567346
roll_mean_6h,0.04577894549661388
temp_latest,0.03302956333266625
roll_mean_7d,0.02680524784979887
lag_1d,0.02589631112825767
slot_cos,0.01241247383647243
temp_lag1h,0.006319133800933723
roll_mean_1h,0.005633224602564555
month,0.004272394489807261
slot,0.0040182729848168616
temp_chg6h,0.0037953158438838583
roll_std_24h,0.0034275583003639054
slot_sin,0.003212406724298967
temp_lag7d,0.002114316688143222
temp_mean6h,0.0018687576746734668
dow,0.0017373477485211526
temp_mean24h,0.001493574887405602
temp_chg24h,0.0012536846447964093
y_last,0.0011422647947395698
temp_lag24h,0.0010761050762197613
temp_lag6h,0.000902116285202827
y_lag1h,0.0005241246301577231
hour,0.00046361213821317145
dow_sin,0.00033735442970812726
is_holiday,0.000204971552711811
dow_cos,0.00019735682268126546
is_weekend,1.6300958918860207e-05
quarter,0.0
