model,date,actual,prediction,n_households,error
lgbm_l1,2023-03-27,7608.832,5198.291694863524,213,-2410.5403051364765
lgbm_l1,2023-03-28,6566.62,5815.277755218626,210,-751.3422447813737
lgbm_l1,2023-03-29,5149.554,5071.658947566855,213,-77.89505243314488
lgbm_l1,2023-03-30,5111.91,3850.8370501259683,211,-1261.0729498740316
lgbm_l1,2023-03-31,5758.33,3923.9841145864475,214,-1834.3458854135524
lgbm_l1,2023-04-01,6803.561,3927.3074348827226,212,-2876.253565117277
lgbm_l1,2023-04-02,6106.597,5247.983652482702,213,-858.6133475172974
lgbm_l1,2023-04-24,4963.873,3332.0018215794667,216,-1631.871178420533
lgbm_l1,2023-04-25,5794.504,3519.5868763437184,216,-2274.9171236562815
lgbm_l1,2023-04-26,4883.051,4094.6505347819852,216,-788.4004652180151
lgbm_l1,2023-04-27,3868.767,4178.937679009982,215,310.17067900998245
lgbm_l1,2023-04-28,4530.44,3188.2185276689365,216,-1342.221472331063
lgbm_l1,2023-04-29,3912.368,3276.312464904788,216,-636.0555350952118
lgbm_l1,2023-04-30,4191.458,2830.2659836496505,215,-1361.1920163503491
lgbm_l1,2023-05-15,4405.947,2929.74270056036,218,-1476.2042994396402
lgbm_l1,2023-05-16,5105.878,2994.5373026128714,218,-2111.3406973871283
lgbm_l1,2023-05-17,4755.822,3105.748297316636,217,-1650.073702683364
lgbm_l1,2023-05-18,4809.378,3216.5113844586463,217,-1592.8666155413534
lgbm_l1,2023-05-19,4663.453,3002.010696072404,217,-1661.4423039275966
lgbm_l1,2023-05-20,4117.624,3060.541219785095,218,-1057.0827802149047
lgbm_l1,2023-05-21,3403.154,2758.8718027283007,217,-644.2821972716993
lgbm_l1,2023-06-19,2601.244,1829.0765097624194,219,-772.1674902375808
lgbm_l1,2023-06-20,2529.225,1778.660365472984,218,-750.5646345270159
lgbm_l1,2023-06-21,2586.11,1798.2151730529802,218,-787.89482694702
lgbm_l1,2023-06-22,2680.954,1824.6085611284107,218,-856.3454388715895
lgbm_l1,2023-06-23,2683.658,1840.8584788990438,218,-842.7995211009561
lgbm_l1,2023-06-24,2601.974,1867.2645015950054,218,-734.7094984049947
lgbm_l1,2023-06-25,2895.419,1862.6372882398066,218,-1032.7817117601933
lgbm_l1,2023-07-17,2547.417,1804.8406972693624,219,-742.5763027306375
lgbm_l1,2023-07-18,2591.118,1755.5160807774157,218,-835.6019192225842
lgbm_l1,2023-07-19,2354.49,1814.0209931367528,219,-540.4690068632469
lgbm_l1,2023-07-20,2468.775,1834.2289259846473,224,-634.5460740153528
lgbm_l1,2023-07-21,2793.768,1874.5831270825092,224,-919.1848729174908
lgbm_l1,2023-07-22,2687.929,1886.7736599140885,225,-801.1553400859116
lgbm_l1,2023-07-23,2743.296,1912.0577456116412,226,-831.2382543883587
lgbm_l1,2023-08-14,2766.35,1916.8503685848493,225,-849.4996314151506
lgbm_l1,2023-08-15,2742.604,1911.4879091232117,225,-831.1160908767881
lgbm_l1,2023-08-16,2790.55,1927.7892165932117,223,-862.7607834067885
lgbm_l1,2023-08-17,2584.146,1858.947162191072,222,-725.1988378089281
lgbm_l1,2023-08-18,2702.204,1914.6045242762593,222,-787.5994757237409
lgbm_l1,2023-08-19,2726.454,1825.9453934040391,221,-900.508606595961
lgbm_l1,2023-08-20,2886.807,1874.1574504756063,221,-1012.6495495243935
lgbm_l1,2023-09-11,2582.242,1920.043585416758,225,-662.1984145832421
lgbm_l1,2023-09-12,2581.133,1891.4568722586175,226,-689.6761277413823
lgbm_l1,2023-09-13,3130.609,1933.6847952124758,227,-1196.924204787524
lgbm_l1,2023-09-14,3001.041,2037.5495257507403,226,-963.4914742492599
lgbm_l1,2023-09-15,2935.247,2068.23362825186,226,-867.0133717481399
lgbm_l1,2023-09-16,3079.462,2080.529939531114,225,-998.932060468886
lgbm_l1,2023-09-17,2863.17,2006.5146341476595,226,-856.6553658523405
lgbm_l1,2023-10-09,3178.811,2200.5774159306206,226,-978.2335840693795
lgbm_l1,2023-10-10,3027.891,2070.2598631721944,225,-957.6311368278057
lgbm_l1,2023-10-11,3031.387,2039.5404959246875,225,-991.8465040753126
lgbm_l1,2023-10-12,3022.102,2082.165171067567,226,-939.936828932433
lgbm_l1,2023-10-13,2972.647,2083.5457273012485,226,-889.1012726987515
lgbm_l1,2023-10-14,3682.942,2072.999790433174,226,-1609.942209566826
lgbm_l1,2023-10-15,4875.606,2205.378837015329,226,-2670.227162984671
lgbm_l1,2023-11-13,6462.708,6935.100902173569,220,472.3929021735694
lgbm_l1,2023-11-14,7074.686,4939.342744009291,221,-2135.3432559907087
lgbm_l1,2023-11-15,6998.398,5135.048381433323,225,-1863.3496185666772
lgbm_l1,2023-11-16,7575.718,5310.794649311102,222,-2264.9233506888977
lgbm_l1,2023-11-17,8650.349,5557.034855440416,221,-3093.314144559584
lgbm_l1,2023-11-18,9088.771,6634.04640588016,221,-2454.7245941198407
lgbm_l1,2023-11-19,7177.34,6658.26310434155,221,-519.0768956584498
lgbm_l1,2023-12-18,11225.258,10558.450266166425,226,-666.8077338335752
lgbm_l1,2023-12-19,10100.724,10205.468992278997,224,104.7449922789965
lgbm_l1,2023-12-20,10026.324,9031.952844068539,225,-994.3711559314615
lgbm_l1,2023-12-21,9422.856,8160.364091504606,225,-1262.4919084953935
lgbm_l1,2023-12-22,9628.832,8532.81250978738,226,-1096.0194902126204
lgbm_l1,2023-12-23,9514.039,8551.090949683825,226,-962.9480503161758
lgbm_l1,2023-12-24,9116.663,8527.177584874347,225,-589.4854151256532
lgbm_l1,2024-01-15,12429.596,12514.963810526451,223,85.36781052645165
lgbm_l1,2024-01-16,11882.885,10085.87134373605,222,-1797.013656263951
lgbm_l1,2024-01-17,10289.512,10595.544636935187,221,306.032636935186
lgbm_l1,2024-01-18,9969.051,8479.234866974371,221,-1489.816133025628
lgbm_l1,2024-01-19,12938.528,7003.058940535747,221,-5935.469059464253
lgbm_l1,2024-01-20,14116.459,11337.087697481269,221,-2779.3713025187317
lgbm_l1,2024-01-21,13528.962,12509.441234557622,221,-1019.5207654423775
lgbm_l1,2024-02-12,7776.157,6514.49166046711,227,-1261.6653395328904
lgbm_l1,2024-02-13,7499.549,6467.328040056205,226,-1032.2209599437947
lgbm_l1,2024-02-14,6793.509,5790.378928005748,226,-1003.1300719942519
lgbm_l1,2024-02-15,6778.66,5354.832087544452,226,-1423.8279124555474
lgbm_l1,2024-02-16,5942.004,5506.512148850668,226,-435.4918511493315
lgbm_l1,2024-02-17,7044.893,4887.659686305606,226,-2157.2333136943944
lgbm_l1,2024-02-18,6868.709,5625.226666526173,225,-1243.4823334738267
lgbm_l2,2023-03-27,7608.832,6894.146675857051,213,-714.685324142949
lgbm_l2,2023-03-28,6566.62,7571.639812903478,210,1005.0198129034779
lgbm_l2,2023-03-29,5149.554,6547.626565099233,213,1398.0725650992326
lgbm_l2,2023-03-30,5111.91,5567.204731566803,211,455.2947315668034
lgbm_l2,2023-03-31,5758.33,5951.728803397038,214,193.39880339703814
lgbm_l2,2023-04-01,6803.561,5956.782796487744,212,-846.7782035122555
lgbm_l2,2023-04-02,6106.597,7271.067379663598,213,1164.4703796635986
lgbm_l2,2023-04-24,4963.873,4952.900326093688,216,-10.972673906311684
lgbm_l2,2023-04-25,5794.504,5291.898689474429,216,-502.60531052557053
lgbm_l2,2023-04-26,4883.051,5754.385422854402,216,871.334422854402
lgbm_l2,2023-04-27,3868.767,5712.930713425674,215,1844.1637134256744
lgbm_l2,2023-04-28,4530.44,4614.193493805157,216,83.75349380515763
lgbm_l2,2023-04-29,3912.368,5140.282909514253,216,1227.9149095142534
lgbm_l2,2023-04-30,4191.458,4213.819771561381,215,22.36177156138092
lgbm_l2,2023-05-15,4405.947,4493.551880070216,218,87.60488007021559
lgbm_l2,2023-05-16,5105.878,4555.333415056393,218,-550.5445849436064
lgbm_l2,2023-05-17,4755.822,4689.488588458407,217,-66.3334115415928
lgbm_l2,2023-05-18,4809.378,4711.271137989218,217,-98.1068620107817
lgbm_l2,2023-05-19,4663.453,4546.1965901317535,217,-117.25640986824692
lgbm_l2,2023-05-20,4117.624,4774.301493183764,218,656.6774931837645
lgbm_l2,2023-05-21,3403.154,4167.650404466287,217,764.496404466287
lgbm_l2,2023-06-19,2601.244,2534.193411210691,219,-67.05058878930913
lgbm_l2,2023-06-20,2529.225,2511.067347102124,218,-18.157652897875778
lgbm_l2,2023-06-21,2586.11,2585.2614653017645,218,-0.8485346982356532
lgbm_l2,2023-06-22,2680.954,2702.703048683407,218,21.749048683406727
lgbm_l2,2023-06-23,2683.658,2640.8317956547476,218,-42.826204345252336
lgbm_l2,2023-06-24,2601.974,2762.001789503491,218,160.02778950349102
lgbm_l2,2023-06-25,2895.419,2692.8708513220695,218,-202.54814867793039
lgbm_l2,2023-07-17,2547.417,2561.2037854830032,219,13.786785483003314
lgbm_l2,2023-07-18,2591.118,2465.0041590557285,218,-126.11384094427149
lgbm_l2,2023-07-19,2354.49,2637.3502322141894,219,282.86023221418964
lgbm_l2,2023-07-20,2468.775,2732.170093679238,224,263.395093679238
lgbm_l2,2023-07-21,2793.768,2754.1479476838813,224,-39.620052316118745
lgbm_l2,2023-07-22,2687.929,2862.0086613653207,225,174.0796613653206
lgbm_l2,2023-07-23,2743.296,2793.05384045869,226,49.757840458690225
lgbm_l2,2023-08-14,2766.35,2781.761547688857,225,15.4115476888569
lgbm_l2,2023-08-15,2742.604,2737.9009969110625,225,-4.703003088937294
lgbm_l2,2023-08-16,2790.55,2746.6282057334984,223,-43.92179426650182
lgbm_l2,2023-08-17,2584.146,2587.2689438608745,222,3.1229438608743294
lgbm_l2,2023-08-18,2702.204,2738.710257552376,222,36.5062575523757
lgbm_l2,2023-08-19,2726.454,2661.2822775096347,221,-65.17172249036548
lgbm_l2,2023-08-20,2886.807,2704.21232855001,221,-182.59467144998962
lgbm_l2,2023-09-11,2582.242,2773.1380031682706,225,190.89600316827045
lgbm_l2,2023-09-12,2581.133,2734.1199424397664,226,152.9869424397666
lgbm_l2,2023-09-13,3130.609,2806.617986721262,227,-323.99101327873814
lgbm_l2,2023-09-14,3001.041,3123.2684371327528,226,122.22743713275258
lgbm_l2,2023-09-15,2935.247,3143.538689481086,226,208.291689481086
lgbm_l2,2023-09-16,3079.462,3230.5740816013454,225,151.11208160134538
lgbm_l2,2023-09-17,2863.17,3029.0515227622604,226,165.88152276226037
lgbm_l2,2023-10-09,3178.811,3235.590415636296,226,56.77941563629565
lgbm_l2,2023-10-10,3027.891,3102.6450600933445,225,74.75406009334438
lgbm_l2,2023-10-11,3031.387,3098.967663396389,225,67.5806633963889
lgbm_l2,2023-10-12,3022.102,3077.349684839181,226,55.24768483918115
lgbm_l2,2023-10-13,2972.647,3195.7369335933654,226,223.08993359336546
lgbm_l2,2023-10-14,3682.942,3151.490097802681,226,-531.4519021973192
lgbm_l2,2023-10-15,4875.606,3570.4424509754763,226,-1305.1635490245235
lgbm_l2,2023-11-13,6462.708,8817.96655186632,220,2355.258551866321
lgbm_l2,2023-11-14,7074.686,7283.91572676709,221,209.22972676709014
lgbm_l2,2023-11-15,6998.398,7368.425974043996,225,370.0279740439955
lgbm_l2,2023-11-16,7575.718,7528.536678986988,222,-47.181321013012166
lgbm_l2,2023-11-17,8650.349,7740.874769961848,221,-909.4742300381522
lgbm_l2,2023-11-18,9088.771,8927.006120829572,221,-161.76487917042869
lgbm_l2,2023-11-19,7177.34,8561.739872441955,221,1384.3998724419544
lgbm_l2,2023-12-18,11225.258,11479.827172937528,226,254.5691729375285
lgbm_l2,2023-12-19,10100.724,11255.6615781294,224,1154.9375781294002
lgbm_l2,2023-12-20,10026.324,10428.082360169105,225,401.758360169104
lgbm_l2,2023-12-21,9422.856,9529.682157990697,225,106.82615799069754
lgbm_l2,2023-12-22,9628.832,10239.59858318714,226,610.76658318714
lgbm_l2,2023-12-23,9514.039,10197.749634661486,226,683.7106346614855
lgbm_l2,2023-12-24,9116.663,10292.370940830142,225,1175.7079408301415
lgbm_l2,2024-01-15,12429.596,13711.68841843509,223,1282.0924184350897
lgbm_l2,2024-01-16,11882.885,10738.405605727505,222,-1144.4793942724955
lgbm_l2,2024-01-17,10289.512,11412.555579247051,221,1123.0435792470507
lgbm_l2,2024-01-18,9969.051,9485.986822075809,221,-483.0641779241905
lgbm_l2,2024-01-19,12938.528,8581.561708805757,221,-4356.966291194243
lgbm_l2,2024-01-20,14116.459,13070.362388570617,221,-1046.0966114293842
lgbm_l2,2024-01-21,13528.962,14288.153305463336,221,759.1913054633369
lgbm_l2,2024-02-12,7776.157,8257.563904302926,227,481.4069043029258
lgbm_l2,2024-02-13,7499.549,8323.103344123416,226,823.5543441234158
lgbm_l2,2024-02-14,6793.509,7464.234640948932,226,670.7256409489319
lgbm_l2,2024-02-15,6778.66,7018.671050404062,226,240.0110504040622
lgbm_l2,2024-02-16,5942.004,7305.921662413369,226,1363.9176624133688
lgbm_l2,2024-02-17,7044.893,6798.033247435023,226,-246.8597525649766
lgbm_l2,2024-02-18,6868.709,7751.002729778418,225,882.2937297784183
lgbm_q60,2023-03-27,7608.832,6718.952991027995,213,-889.8790089720051
lgbm_q60,2023-03-28,6566.62,7580.7854300009185,210,1014.1654300009186
lgbm_q60,2023-03-29,5149.554,6499.450858401142,213,1349.8968584011418
lgbm_q60,2023-03-30,5111.91,5011.843174661961,211,-100.06682533803905
lgbm_q60,2023-03-31,5758.33,5137.472090451971,214,-620.857909548029
lgbm_q60,2023-04-01,6803.561,5237.552773720779,212,-1566.0082262792203
lgbm_q60,2023-04-02,6106.597,6968.620853140277,213,862.0238531402774
lgbm_q60,2023-04-24,4963.873,4144.985693275899,216,-818.8873067241002
lgbm_q60,2023-04-25,5794.504,4594.79472326505,216,-1199.7092767349495
lgbm_q60,2023-04-26,4883.051,5411.519374213939,216,528.4683742139387
lgbm_q60,2023-04-27,3868.767,5418.4607160053465,215,1549.6937160053467
lgbm_q60,2023-04-28,4530.44,4003.68536810983,216,-526.7546318901695
lgbm_q60,2023-04-29,3912.368,4299.640563393189,216,387.2725633931891
lgbm_q60,2023-04-30,4191.458,3449.992653287065,215,-741.4653467129347
lgbm_q60,2023-05-15,4405.947,3729.324063134902,218,-676.6229368650979
lgbm_q60,2023-05-16,5105.878,3793.3463136709884,218,-1312.5316863290113
lgbm_q60,2023-05-17,4755.822,3926.685815829624,217,-829.136184170376
lgbm_q60,2023-05-18,4809.378,4260.371101681513,217,-549.0068983184865
lgbm_q60,2023-05-19,4663.453,3952.5419262837977,217,-710.9110737162027
lgbm_q60,2023-05-20,4117.624,3970.6363892596005,218,-146.9876107403993
lgbm_q60,2023-05-21,3403.154,3393.2090327095793,217,-9.944967290420664
lgbm_q60,2023-06-19,2601.244,2092.4314677180078,219,-508.8125322819924
lgbm_q60,2023-06-20,2529.225,2034.3916100011866,218,-494.83338999881335
lgbm_q60,2023-06-21,2586.11,2050.447593355664,218,-535.662406644336
lgbm_q60,2023-06-22,2680.954,2090.041478797409,218,-590.912521202591
lgbm_q60,2023-06-23,2683.658,2115.1646923417393,218,-568.4933076582606
lgbm_q60,2023-06-24,2601.974,2169.0691338378147,218,-432.9048661621855
lgbm_q60,2023-06-25,2895.419,2142.2431962045634,218,-753.1758037954364
lgbm_q60,2023-07-17,2547.417,2070.4969880138415,219,-476.92001198615844
lgbm_q60,2023-07-18,2591.118,2011.6579905935741,218,-579.4600094064258
lgbm_q60,2023-07-19,2354.49,2096.6024579839127,219,-257.8875420160871
lgbm_q60,2023-07-20,2468.775,2120.722877121273,224,-348.052122878727
lgbm_q60,2023-07-21,2793.768,2163.4539556616724,224,-630.3140443383277
lgbm_q60,2023-07-22,2687.929,2200.212138777682,225,-487.71686122231813
lgbm_q60,2023-07-23,2743.296,2226.996287665897,226,-516.2997123341029
lgbm_q60,2023-08-14,2766.35,2202.8100109109823,225,-563.5399890890176
lgbm_q60,2023-08-15,2742.604,2190.831783480705,225,-551.772216519295
lgbm_q60,2023-08-16,2790.55,2203.340297483864,223,-587.2097025161361
lgbm_q60,2023-08-17,2584.146,2117.744154903622,222,-466.4018450963781
lgbm_q60,2023-08-18,2702.204,2200.1859167182456,222,-502.01808328175457
lgbm_q60,2023-08-19,2726.454,2121.0080216619617,221,-605.4459783380385
lgbm_q60,2023-08-20,2886.807,2178.9608061280287,221,-707.8461938719711
lgbm_q60,2023-09-11,2582.242,2221.367599781329,225,-360.8744002186713
lgbm_q60,2023-09-12,2581.133,2182.2248414874816,226,-398.9081585125182
lgbm_q60,2023-09-13,3130.609,2226.39042453872,227,-904.2185754612801
lgbm_q60,2023-09-14,3001.041,2358.1051981931796,226,-642.9358018068206
lgbm_q60,2023-09-15,2935.247,2417.163802119787,226,-518.083197880213
lgbm_q60,2023-09-16,3079.462,2457.354667102319,225,-622.1073328976809
lgbm_q60,2023-09-17,2863.17,2334.692762637571,226,-528.4772373624292
lgbm_q60,2023-10-09,3178.811,2585.184137508642,226,-593.6268624913582
lgbm_q60,2023-10-10,3027.891,2406.065045504324,225,-621.8259544956759
lgbm_q60,2023-10-11,3031.387,2388.6489904462796,225,-642.7380095537205
lgbm_q60,2023-10-12,3022.102,2430.1506847519427,226,-591.9513152480572
lgbm_q60,2023-10-13,2972.647,2454.6084062107825,226,-518.0385937892174
lgbm_q60,2023-10-14,3682.942,2458.5229819828605,226,-1224.4190180171395
lgbm_q60,2023-10-15,4875.606,2672.312918181317,226,-2203.293081818683
lgbm_q60,2023-11-13,6462.708,8810.02612334153,220,2347.31812334153
lgbm_q60,2023-11-14,7074.686,6553.682345996376,221,-521.0036540036235
lgbm_q60,2023-11-15,6998.398,6925.416485375351,225,-72.98151462464921
lgbm_q60,2023-11-16,7575.718,7067.174174527719,222,-508.54382547228124
lgbm_q60,2023-11-17,8650.349,7297.493365634563,221,-1352.8556343654373
lgbm_q60,2023-11-18,9088.771,8694.47104094582,221,-394.29995905418036
lgbm_q60,2023-11-19,7177.34,8635.646927093241,221,1458.306927093241
lgbm_q60,2023-12-18,11225.258,12565.909802922792,226,1340.6518029227918
lgbm_q60,2023-12-19,10100.724,12036.163753022895,224,1935.4397530228944
lgbm_q60,2023-12-20,10026.324,11104.848893783083,225,1078.524893783082
lgbm_q60,2023-12-21,9422.856,9973.418266852861,225,550.5622668528613
lgbm_q60,2023-12-22,9628.832,10556.782006557309,226,927.9500065573084
lgbm_q60,2023-12-23,9514.039,10613.267248779068,226,1099.2282487790671
lgbm_q60,2023-12-24,9116.663,10611.58728183633,225,1494.924281836329
lgbm_q60,2024-01-15,12429.596,14602.009023216706,223,2172.4130232167063
lgbm_q60,2024-01-16,11882.885,11899.81946010977,222,16.934460109769134
lgbm_q60,2024-01-17,10289.512,12518.270927636868,221,2228.758927636867
lgbm_q60,2024-01-18,9969.051,10401.021964799354,221,431.970964799355
lgbm_q60,2024-01-19,12938.528,8757.393728780125,221,-4181.134271219875
lgbm_q60,2024-01-20,14116.459,13735.958931524101,221,-380.50006847589975
lgbm_q60,2024-01-21,13528.962,15289.600062324158,221,1760.6380623241585
lgbm_q60,2024-02-12,7776.157,8367.059469048309,227,590.9024690483084
lgbm_q60,2024-02-13,7499.549,8195.746779379022,226,696.197779379022
lgbm_q60,2024-02-14,6793.509,7353.417200258311,226,559.9082002583109
lgbm_q60,2024-02-15,6778.66,6840.672767445044,226,62.01276744504412
lgbm_q60,2024-02-16,5942.004,7020.43870705907,226,1078.4347070590702
lgbm_q60,2024-02-17,7044.893,6132.335892313999,226,-912.5571076860015
lgbm_q60,2024-02-18,6868.709,7495.566450971716,225,626.8574509717164
lgbm_q75,2023-03-27,7608.832,9699.945078793868,213,2091.1130787938673
lgbm_q75,2023-03-28,6566.62,10596.78449844268,210,4030.1644984426794
lgbm_q75,2023-03-29,5149.554,9474.21558868889,213,4324.66158868889
lgbm_q75,2023-03-30,5111.91,7635.8903425395465,211,2523.9803425395467
lgbm_q75,2023-03-31,5758.33,7841.383677051589,214,2083.053677051589
lgbm_q75,2023-04-01,6803.561,8002.465829807676,212,1198.904829807676
lgbm_q75,2023-04-02,6106.597,10148.518976217472,213,4041.9219762174725
lgbm_q75,2023-04-24,4963.873,6306.570441832195,216,1342.6974418321952
lgbm_q75,2023-04-25,5794.504,7201.114152523646,216,1406.6101525236463
lgbm_q75,2023-04-26,4883.051,8042.358274445438,216,3159.3072744454375
lgbm_q75,2023-04-27,3868.767,8006.385748752469,215,4137.618748752469
lgbm_q75,2023-04-28,4530.44,6086.039555435521,216,1555.5995554355213
lgbm_q75,2023-04-29,3912.368,6818.728431322135,216,2906.3604313221354
lgbm_q75,2023-04-30,4191.458,5223.991263405545,215,1032.5332634055458
lgbm_q75,2023-05-15,4405.947,5787.794692728563,218,1381.8476927285628
lgbm_q75,2023-05-16,5105.878,6002.917358035389,218,897.0393580353893
lgbm_q75,2023-05-17,4755.822,6144.945280194781,217,1389.1232801947808
lgbm_q75,2023-05-18,4809.378,6542.424854308667,217,1733.0468543086672
lgbm_q75,2023-05-19,4663.453,5956.783191748931,217,1293.3301917489307
lgbm_q75,2023-05-20,4117.624,6213.319514361443,218,2095.695514361443
lgbm_q75,2023-05-21,3403.154,5181.757259576517,217,1778.6032595765168
lgbm_q75,2023-06-19,2601.244,2785.7833658876784,219,184.5393658876783
lgbm_q75,2023-06-20,2529.225,2692.3974304613093,218,163.17243046130943
lgbm_q75,2023-06-21,2586.11,2733.572698465923,218,147.46269846592304
lgbm_q75,2023-06-22,2680.954,2786.5584241981423,218,105.60442419814217
lgbm_q75,2023-06-23,2683.658,2840.7344001654865,218,157.07640016548658
lgbm_q75,2023-06-24,2601.974,2938.3712070029433,218,336.3972070029431
lgbm_q75,2023-06-25,2895.419,2893.121112233494,218,-2.297887766505937
lgbm_q75,2023-07-17,2547.417,2760.7063821889283,219,213.28938218892836
lgbm_q75,2023-07-18,2591.118,2697.5303628083448,218,106.41236280834482
lgbm_q75,2023-07-19,2354.49,2793.877553049577,219,439.38755304957704
lgbm_q75,2023-07-20,2468.775,2801.2655286177187,224,332.4905286177186
lgbm_q75,2023-07-21,2793.768,2842.3405428338388,224,48.572542833838725
lgbm_q75,2023-07-22,2687.929,2986.402290429721,225,298.4732904297207
lgbm_q75,2023-07-23,2743.296,3024.7396662223437,226,281.44366622234384
lgbm_q75,2023-08-14,2766.35,2959.022758335892,225,192.672758335892
lgbm_q75,2023-08-15,2742.604,2948.1885654226944,225,205.5845654226946
lgbm_q75,2023-08-16,2790.55,2904.760231727264,223,114.21023172726382
lgbm_q75,2023-08-17,2584.146,2779.4515090349573,222,195.30550903495714
lgbm_q75,2023-08-18,2702.204,2920.3726402911434,222,218.16864029114322
lgbm_q75,2023-08-19,2726.454,2855.222416526689,221,128.76841652668872
lgbm_q75,2023-08-20,2886.807,2929.6039827084996,221,42.796982708499854
lgbm_q75,2023-09-11,2582.242,2984.493329256227,225,402.25132925622665
lgbm_q75,2023-09-12,2581.133,2926.611543763019,226,345.4785437630194
lgbm_q75,2023-09-13,3130.609,2969.46504362981,227,-161.1439563701897
lgbm_q75,2023-09-14,3001.041,3171.2551282534973,226,170.21412825349717
lgbm_q75,2023-09-15,2935.247,3287.0216048879806,226,351.7746048879808
lgbm_q75,2023-09-16,3079.462,3386.847492137837,225,307.385492137837
lgbm_q75,2023-09-17,2863.17,3203.235436711687,226,340.06543671168674
lgbm_q75,2023-10-09,3178.811,3603.07972931066,226,424.26872931065964
lgbm_q75,2023-10-10,3027.891,3346.8063021395833,225,318.9153021395832
lgbm_q75,2023-10-11,3031.387,3321.2202851826873,225,289.8332851826872
lgbm_q75,2023-10-12,3022.102,3374.9690246043215,226,352.8670246043216
lgbm_q75,2023-10-13,2972.647,3397.8451007273065,226,425.1981007273066
lgbm_q75,2023-10-14,3682.942,3454.388507123172,226,-228.55349287682793
lgbm_q75,2023-10-15,4875.606,3779.5631055607455,226,-1096.0428944392543
lgbm_q75,2023-11-13,6462.708,12341.47392210017,220,5878.7659221001695
lgbm_q75,2023-11-14,7074.686,10120.674981278571,221,3045.9889812785714
lgbm_q75,2023-11-15,6998.398,10381.002569060316,225,3382.604569060316
lgbm_q75,2023-11-16,7575.718,10306.485664238513,222,2730.767664238513
lgbm_q75,2023-11-17,8650.349,10671.38327851471,221,2021.0342785147095
lgbm_q75,2023-11-18,9088.771,12080.382514555777,221,2991.611514555776
lgbm_q75,2023-11-19,7177.34,12047.85642569911,221,4870.51642569911
lgbm_q75,2023-12-18,11225.258,15789.459733292948,226,4564.201733292948
lgbm_q75,2023-12-19,10100.724,15447.907054309177,224,5347.183054309176
lgbm_q75,2023-12-20,10026.324,14319.515556937631,225,4293.191556937631
lgbm_q75,2023-12-21,9422.856,13379.474174991012,225,3956.618174991012
lgbm_q75,2023-12-22,9628.832,14184.393212061215,226,4555.561212061215
lgbm_q75,2023-12-23,9514.039,14428.888382345995,226,4914.849382345994
lgbm_q75,2023-12-24,9116.663,14394.473617664875,225,5277.810617664874
lgbm_q75,2024-01-15,12429.596,17741.703717192373,223,5312.1077171923735
lgbm_q75,2024-01-16,11882.885,15176.9731366089,222,3294.0881366088997
lgbm_q75,2024-01-17,10289.512,15717.597293726556,221,5428.085293726555
lgbm_q75,2024-01-18,9969.051,13510.397312129791,221,3541.346312129792
lgbm_q75,2024-01-19,12938.528,12165.034605872008,221,-773.4933941279924
lgbm_q75,2024-01-20,14116.459,17298.49266744886,221,3182.033667448859
lgbm_q75,2024-01-21,13528.962,18245.4073769486,221,4716.445376948599
lgbm_q75,2024-02-12,7776.157,11681.013918540926,227,3904.856918540926
lgbm_q75,2024-02-13,7499.549,11500.027366805438,226,4000.478366805438
lgbm_q75,2024-02-14,6793.509,10472.310892802434,226,3678.801892802434
lgbm_q75,2024-02-15,6778.66,9842.007633038314,226,3063.3476330383146
lgbm_q75,2024-02-16,5942.004,10096.599023698358,226,4154.595023698358
lgbm_q75,2024-02-17,7044.893,9082.375189070304,226,2037.4821890703042
lgbm_q75,2024-02-18,6868.709,10870.109416730764,225,4001.400416730764
pooled_baseline_stored,2023-03-27,7608.832,7045.215155442975,213,-563.6168445570256
pooled_baseline_stored,2023-03-28,6566.62,6827.989078613481,210,261.3690786134812
pooled_baseline_stored,2023-03-29,5149.554,6985.2296288798925,213,1835.6756288798924
pooled_baseline_stored,2023-03-30,5111.91,6225.674322060574,211,1113.7643220605742
pooled_baseline_stored,2023-03-31,5758.33,6131.131510321875,214,372.80151032187496
pooled_baseline_stored,2023-04-01,6803.561,5496.232844092777,212,-1307.328155907223
pooled_baseline_stored,2023-04-02,6106.597,5143.129036437048,213,-963.4679635629518
pooled_baseline_stored,2023-04-24,4963.873,4356.44734613234,216,-607.42565386766
pooled_baseline_stored,2023-04-25,5794.504,5157.825002864863,216,-636.6789971351373
pooled_baseline_stored,2023-04-26,4883.051,5926.867974340967,216,1043.8169743409662
pooled_baseline_stored,2023-04-27,3868.767,5976.273260043672,215,2107.5062600436722
pooled_baseline_stored,2023-04-28,4530.44,5372.521067831647,216,842.0810678316475
pooled_baseline_stored,2023-04-29,3912.368,5147.81456619693,216,1235.4465661969302
pooled_baseline_stored,2023-04-30,4191.458,4806.787521528618,215,615.329521528618
pooled_baseline_stored,2023-05-15,4405.947,3053.827129844802,218,-1352.119870155198
pooled_baseline_stored,2023-05-16,5105.878,3074.585149798683,218,-2031.292850201317
pooled_baseline_stored,2023-05-17,4755.822,3057.9962492268883,217,-1697.8257507731118
pooled_baseline_stored,2023-05-18,4809.378,3151.237002427052,217,-1658.1409975729475
pooled_baseline_stored,2023-05-19,4663.453,3255.7589500845893,217,-1407.6940499154111
pooled_baseline_stored,2023-05-20,4117.624,3339.998963608634,218,-777.6250363913659
pooled_baseline_stored,2023-05-21,3403.154,3119.6785623390515,217,-283.4754376609485
pooled_baseline_stored,2023-06-19,2601.244,1830.0521065919122,219,-771.1918934080879
pooled_baseline_stored,2023-06-20,2529.225,1831.579719769029,218,-697.6452802309709
pooled_baseline_stored,2023-06-21,2586.11,1839.0323300889418,218,-747.0776699110584
pooled_baseline_stored,2023-06-22,2680.954,1805.6834476175507,218,-875.2705523824495
pooled_baseline_stored,2023-06-23,2683.658,1883.435986552526,218,-800.222013447474
pooled_baseline_stored,2023-06-24,2601.974,2132.1787434651633,218,-469.7952565348369
pooled_baseline_stored,2023-06-25,2895.419,2472.853561513633,218,-422.56543848636693
pooled_baseline_stored,2023-07-17,2547.417,1883.933159597454,219,-663.4838404025459
pooled_baseline_stored,2023-07-18,2591.118,1842.8187409927268,218,-748.2992590072731
pooled_baseline_stored,2023-07-19,2354.49,1906.9027544122991,219,-447.58724558770064
pooled_baseline_stored,2023-07-20,2468.775,1909.6891208144175,224,-559.0858791855826
pooled_baseline_stored,2023-07-21,2793.768,1949.3655228876805,224,-844.4024771123195
pooled_baseline_stored,2023-07-22,2687.929,1999.5662580340925,225,-688.3627419659076
pooled_baseline_stored,2023-07-23,2743.296,1874.7712189061745,226,-868.5247810938254
pooled_baseline_stored,2023-08-14,2766.35,2036.9170493760985,225,-729.4329506239014
pooled_baseline_stored,2023-08-15,2742.604,2036.4916118625474,225,-706.1123881374524
pooled_baseline_stored,2023-08-16,2790.55,2016.9802852989626,223,-773.5697147010376
pooled_baseline_stored,2023-08-17,2584.146,1844.3990041222098,222,-739.7469958777904
pooled_baseline_stored,2023-08-18,2702.204,1847.4800912988208,222,-854.7239087011794
pooled_baseline_stored,2023-08-19,2726.454,1899.9776416365644,221,-826.4763583634358
pooled_baseline_stored,2023-08-20,2886.807,1765.1936589347767,221,-1121.613341065223
pooled_baseline_stored,2023-09-11,2582.242,2088.111232583555,225,-494.130767416445
pooled_baseline_stored,2023-09-12,2581.133,2019.213464881966,226,-561.9195351180338
pooled_baseline_stored,2023-09-13,3130.609,2131.753366605491,227,-998.8556333945089
pooled_baseline_stored,2023-09-14,3001.041,2002.454676603737,226,-998.5863233962632
pooled_baseline_stored,2023-09-15,2935.247,2083.044701129778,226,-852.202298870222
pooled_baseline_stored,2023-09-16,3079.462,2123.8540078901647,225,-955.6079921098353
pooled_baseline_stored,2023-09-17,2863.17,1838.9411112328535,226,-1024.2288887671466
pooled_baseline_stored,2023-10-09,3178.811,2355.309032923218,226,-823.501967076782
pooled_baseline_stored,2023-10-10,3027.891,2412.80454418737,225,-615.08645581263
pooled_baseline_stored,2023-10-11,3031.387,2431.69038678717,225,-599.69661321283
pooled_baseline_stored,2023-10-12,3022.102,2336.857472624187,226,-685.244527375813
pooled_baseline_stored,2023-10-13,2972.647,2316.692501428166,226,-655.9544985718339
pooled_baseline_stored,2023-10-14,3682.942,2376.6795583585526,226,-1306.2624416414474
pooled_baseline_stored,2023-10-15,4875.606,2094.5981535175038,226,-2781.007846482496
pooled_baseline_stored,2023-11-13,6462.708,5344.082582725027,220,-1118.6254172749723
pooled_baseline_stored,2023-11-14,7074.686,5422.737576492002,221,-1651.948423507998
pooled_baseline_stored,2023-11-15,6998.398,5264.7871881154115,225,-1733.6108118845887
pooled_baseline_stored,2023-11-16,7575.718,5136.77278454822,222,-2438.9452154517794
pooled_baseline_stored,2023-11-17,8650.349,5085.837421600177,221,-3564.5115783998235
pooled_baseline_stored,2023-11-18,9088.771,5237.790449701368,221,-3850.980550298633
pooled_baseline_stored,2023-11-19,7177.34,5302.613905991503,221,-1874.726094008497
pooled_baseline_stored,2023-12-18,11225.258,7720.226145970989,226,-3505.031854029011
pooled_baseline_stored,2023-12-19,10100.724,8127.786758842278,224,-1972.9372411577224
pooled_baseline_stored,2023-12-20,10026.324,8484.078746678915,225,-1542.2452533210853
pooled_baseline_stored,2023-12-21,9422.856,8280.182463634392,225,-1142.673536365608
pooled_baseline_stored,2023-12-22,9628.832,8493.74280455582,226,-1135.0891954441795
pooled_baseline_stored,2023-12-23,9514.039,8600.108458353867,226,-913.9305416461339
pooled_baseline_stored,2023-12-24,9116.663,8465.436342136476,225,-651.2266578635245
pooled_baseline_stored,2024-01-15,12429.596,11902.08364922813,223,-527.512350771869
pooled_baseline_stored,2024-01-16,11882.885,11059.093418084334,222,-823.791581915666
pooled_baseline_stored,2024-01-17,10289.512,10628.495075092023,221,338.9830750920228
pooled_baseline_stored,2024-01-18,9969.051,9849.049472717756,221,-120.00152728224384
pooled_baseline_stored,2024-01-19,12938.528,8871.351779733026,221,-4067.1762202669743
pooled_baseline_stored,2024-01-20,14116.459,9352.451074374269,221,-4764.007925625732
pooled_baseline_stored,2024-01-21,13528.962,9923.069798996243,221,-3605.892201003757
pooled_baseline_stored,2024-02-12,7776.157,6171.864271379939,227,-1604.292728620061
pooled_baseline_stored,2024-02-13,7499.549,6130.973280961751,226,-1368.5757190382492
pooled_baseline_stored,2024-02-14,6793.509,6135.7625527988275,226,-657.7464472011725
pooled_baseline_stored,2024-02-15,6778.66,5763.196556851546,226,-1015.4634431484537
pooled_baseline_stored,2024-02-16,5942.004,5149.6551002415135,226,-792.3488997584864
pooled_baseline_stored,2024-02-17,7044.893,4361.528082764119,226,-2683.364917235881
pooled_baseline_stored,2024-02-18,6868.709,4202.688899249471,225,-2666.0201007505284
seasonal_mean_4weeks,2023-03-27,7608.832,7766.342833333333,213,157.5108333333328
seasonal_mean_4weeks,2023-03-28,6566.62,7654.134333333333,210,1087.5143333333335
seasonal_mean_4weeks,2023-03-29,5149.554,7789.415416666667,213,2639.8614166666666
seasonal_mean_4weeks,2023-03-30,5111.91,6914.111666666667,211,1802.2016666666668
seasonal_mean_4weeks,2023-03-31,5758.33,7205.781166666667,214,1447.4511666666667
seasonal_mean_4weeks,2023-04-01,6803.561,7646.532416666667,212,842.9714166666672
seasonal_mean_4weeks,2023-04-02,6106.597,7585.683333333333,213,1479.0863333333336
seasonal_mean_4weeks,2023-04-24,4963.873,6570.120083333333,216,1606.2470833333336
seasonal_mean_4weeks,2023-04-25,5794.504,6218.705666666667,216,424.2016666666668
seasonal_mean_4weeks,2023-04-26,4883.051,6030.361833333333,216,1147.310833333333
seasonal_mean_4weeks,2023-04-27,3868.767,6547.705,215,2678.938
seasonal_mean_4weeks,2023-04-28,4530.44,6178.726,216,1648.286
seasonal_mean_4weeks,2023-04-29,3912.368,6341.969416666667,216,2429.601416666667
seasonal_mean_4weeks,2023-04-30,4191.458,5988.896916666667,215,1797.438916666667
seasonal_mean_4weeks,2023-05-15,4405.947,4723.687833333333,218,317.7408333333333
seasonal_mean_4weeks,2023-05-16,5105.878,4611.3835,218,-494.4944999999998
seasonal_mean_4weeks,2023-05-17,4755.822,4724.089833333333,217,-31.73216666666667
seasonal_mean_4weeks,2023-05-18,4809.378,4880.66025,217,71.2822500000002
seasonal_mean_4weeks,2023-05-19,4663.453,4459.187,217,-204.26600000000053
seasonal_mean_4weeks,2023-05-20,4117.624,4346.27175,218,228.6477500000001
seasonal_mean_4weeks,2023-05-21,3403.154,4428.333833333333,217,1025.1798333333331
seasonal_mean_4weeks,2023-06-19,2601.244,2755.4505,219,154.20649999999978
seasonal_mean_4weeks,2023-06-20,2529.225,2582.6518333333333,218,53.426833333333434
seasonal_mean_4weeks,2023-06-21,2586.11,2837.4881666666665,218,251.3781666666664
seasonal_mean_4weeks,2023-06-22,2680.954,2836.2741666666666,218,155.3201666666664
seasonal_mean_4weeks,2023-06-23,2683.658,2769.62575,218,85.96775000000025
seasonal_mean_4weeks,2023-06-24,2601.974,2800.697,218,198.72299999999996
seasonal_mean_4weeks,2023-06-25,2895.419,2826.0866666666666,218,-69.33233333333328
seasonal_mean_4weeks,2023-07-17,2547.417,2581.514,219,34.09700000000021
seasonal_mean_4weeks,2023-07-18,2591.118,2527.007416666667,218,-64.11058333333312
seasonal_mean_4weeks,2023-07-19,2354.49,2742.188666666667,219,387.6986666666671
seasonal_mean_4weeks,2023-07-20,2468.775,2700.66325,224,231.88824999999997
seasonal_mean_4weeks,2023-07-21,2793.768,2869.78575,224,76.01774999999998
seasonal_mean_4weeks,2023-07-22,2687.929,2911.72325,225,223.79424999999992
seasonal_mean_4weeks,2023-07-23,2743.296,2901.3665,226,158.07050000000027
seasonal_mean_4weeks,2023-08-14,2766.35,2762.930083333333,225,-3.4199166666667224
seasonal_mean_4weeks,2023-08-15,2742.604,2792.7425,225,50.13850000000002
seasonal_mean_4weeks,2023-08-16,2790.55,2675.55475,223,-114.9952500000004
seasonal_mean_4weeks,2023-08-17,2584.146,2543.6355,222,-40.51050000000032
seasonal_mean_4weeks,2023-08-18,2702.204,2698.025,222,-4.179000000000087
seasonal_mean_4weeks,2023-08-19,2726.454,2719.903,221,-6.551000000000386
seasonal_mean_4weeks,2023-08-20,2886.807,2816.7209166666667,221,-70.08608333333314
seasonal_mean_4weeks,2023-09-11,2582.242,3035.5778333333333,225,453.3358333333331
seasonal_mean_4weeks,2023-09-12,2581.133,2991.268666666667,226,410.135666666667
seasonal_mean_4weeks,2023-09-13,3130.609,3045.3129166666668,227,-85.29608333333317
seasonal_mean_4weeks,2023-09-14,3001.041,2982.6064166666665,226,-18.43458333333365
seasonal_mean_4weeks,2023-09-15,2935.247,2890.1289166666666,226,-45.11808333333329
seasonal_mean_4weeks,2023-09-16,3079.462,3043.4254166666665,225,-36.03658333333351
seasonal_mean_4weeks,2023-09-17,2863.17,3109.32825,226,246.15824999999995
seasonal_mean_4weeks,2023-10-09,3178.811,3215.94575,226,37.13474999999971
seasonal_mean_4weeks,2023-10-10,3027.891,3049.3888333333334,225,21.497833333333347
seasonal_mean_4weeks,2023-10-11,3031.387,3256.304,225,224.91699999999992
seasonal_mean_4weeks,2023-10-12,3022.102,3197.2593333333334,226,175.15733333333355
seasonal_mean_4weeks,2023-10-13,2972.647,3360.39025,226,387.74325
seasonal_mean_4weeks,2023-10-14,3682.942,3466.757,226,-216.18499999999995
seasonal_mean_4weeks,2023-10-15,4875.606,3428.9194166666666,226,-1446.6865833333331
seasonal_mean_4weeks,2023-11-13,6462.708,5419.13725,220,-1043.5707499999999
seasonal_mean_4weeks,2023-11-14,7074.686,6109.91225,221,-964.7737499999994
seasonal_mean_4weeks,2023-11-15,6998.398,6247.01075,225,-751.3872499999998
seasonal_mean_4weeks,2023-11-16,7575.718,6418.038833333333,222,-1157.6791666666668
seasonal_mean_4weeks,2023-11-17,8650.349,6527.2835000000005,221,-2123.0654999999997
seasonal_mean_4weeks,2023-11-18,9088.771,6932.2330833333335,221,-2156.537916666667
seasonal_mean_4weeks,2023-11-19,7177.34,7413.758333333333,221,236.41833333333307
seasonal_mean_4weeks,2023-12-18,11225.258,9896.847333333333,226,-1328.4106666666667
seasonal_mean_4weeks,2023-12-19,10100.724,9364.5615,224,-736.1625000000004
seasonal_mean_4weeks,2023-12-20,10026.324,9904.623833333333,225,-121.70016666666743
seasonal_mean_4weeks,2023-12-21,9422.856,10584.518666666667,225,1161.662666666667
seasonal_mean_4weeks,2023-12-22,9628.832,10379.556833333334,226,750.7248333333337
seasonal_mean_4weeks,2023-12-23,9514.039,11437.914333333334,226,1923.8753333333334
seasonal_mean_4weeks,2023-12-24,9116.663,11872.4235,225,2755.7605000000003
seasonal_mean_4weeks,2024-01-15,12429.596,10433.55875,223,-1996.0372499999994
seasonal_mean_4weeks,2024-01-16,11882.885,10411.461833333333,222,-1471.4231666666674
seasonal_mean_4weeks,2024-01-17,10289.512,9984.59625,221,-304.9157500000001
seasonal_mean_4weeks,2024-01-18,9969.051,10125.342666666667,221,156.29166666666788
seasonal_mean_4weeks,2024-01-19,12938.528,10053.227583333333,221,-2885.300416666667
seasonal_mean_4weeks,2024-01-20,14116.459,10496.585333333333,221,-3619.873666666668
seasonal_mean_4weeks,2024-01-21,13528.962,10756.257083333334,221,-2772.7049166666657
seasonal_mean_4weeks,2024-02-12,7776.157,10476.1405,227,2699.9834999999994
seasonal_mean_4weeks,2024-02-13,7499.549,9618.9565,226,2119.4075000000003
seasonal_mean_4weeks,2024-02-14,6793.509,8599.28775,226,1805.7787499999995
seasonal_mean_4weeks,2024-02-15,6778.66,8538.727416666667,226,1760.0674166666668
seasonal_mean_4weeks,2024-02-16,5942.004,9442.222,226,3500.218
seasonal_mean_4weeks,2024-02-17,7044.893,9870.425,226,2825.5319999999992
seasonal_mean_4weeks,2024-02-18,6868.709,10027.710416666667,225,3159.001416666667
