iter	Quantile:alpha=0.95
0	0.0166379262
1	0.01628193723
2	0.01597821399
3	0.01557733062
4	0.01527997851
5	0.01497120288
6	0.01469191551
7	0.01447381192
8	0.01424584222
9	0.0140081982
10	0.01378964571
11	0.01357334493
12	0.01331382808
13	0.01308054622
14	0.01287085621
15	0.01267190629
16	0.01249894846
17	0.01231972668
18	0.01210789275
19	0.01194471622
20	0.01177713931
21	0.01158834712
22	0.01136285734
23	0.0111906312
24	0.01102482084
25	0.01084076307
26	0.01065582874
27	0.01050242854
28	0.01032448524
29	0.0101666272
30	0.0100097559
31	0.009864755315
32	0.009693851749
33	0.00955635867
34	0.009436503702
35	0.009283942021
36	0.009159990606
37	0.009026170055
38	0.008899184984
39	0.00878985345
40	0.00865804528
41	0.008533346131
42	0.008408813236
43	0.008301108988
44	0.0081927029
45	0.008090330498
46	0.007989445579
47	0.00786667454
48	0.007767522646
49	0.007672135154
50	0.007578292702
51	0.007498020583
52	0.007411669665
53	0.007326363816
54	0.00724558218
55	0.007171660325
56	0.007097688251
57	0.007029725478
58	0.006966616716
59	0.00689940257
60	0.006841816527
61	0.006774180797
62	0.006724446549
63	0.006659102297
64	0.00660402885
65	0.006547130303
66	0.006500210423
67	0.006451293379
68	0.006405972474
69	0.006360919157
70	0.006321324959
71	0.006277866416
72	0.006234385762
73	0.006196630613
74	0.006162230786
75	0.006130088723
76	0.006099031967
77	0.006063246612
78	0.006032587452
79	0.005999243006
80	0.005973985172
81	0.005943769991
82	0.005916210266
83	0.005890474224
84	0.005869682596
85	0.005848267131
86	0.005825914839
87	0.00580479556
88	0.005784576672
89	0.005762806309
90	0.005744814295
91	0.005726703009
92	0.005709441585
93	0.005690675098
94	0.005674294664
95	0.005656494891
96	0.005640442186
97	0.005624839706
98	0.005606837637
99	0.005591591208
100	0.005577602188
101	0.005562770183
102	0.005551397357
103	0.00553736386
104	0.005527263145
105	0.005516187412
106	0.005504850673
107	0.00549297979
108	0.00548292474
109	0.005473419278
110	0.005464077943
111	0.005455461538
112	0.005445829396
113	0.005437318087
114	0.005428616027
115	0.005419816432
116	0.005411760588
117	0.005401412952
118	0.00539227738
119	0.005385133328
120	0.00537831963
121	0.005372022248
122	0.005365934227
123	0.005357692003
124	0.005350002903
125	0.005344468768
126	0.005337068842
127	0.005328068371
128	0.00532216594
129	0.005315951248
130	0.005308241608
131	0.005301519963
132	0.005296050806
133	0.005288936499
134	0.005281266948
135	0.005276606346
136	0.005269711753
137	0.005265401489
138	0.005260241443
139	0.005252466222
140	0.005248344725
141	0.005243075206
142	0.00523962513
143	0.00523440774
144	0.00522877624
145	0.005221060413
146	0.005215591785
147	0.005206745293
148	0.00520178058
149	0.00519630409
150	0.005191140312
151	0.005187126943
152	0.005182723139
153	0.005177776484
154	0.00517455675
155	0.005165233143
156	0.005161774608
157	0.005156351309
158	0.005152214106
159	0.005148227477
160	0.005143020714
161	0.005137088221
162	0.00513316207
163	0.005127667736
164	0.00512236497
165	0.005118120331
166	0.005111534846
167	0.005106698795
168	0.005102124795
169	0.005099902787
170	0.005093306031
171	0.005089078244
172	0.005083020486
173	0.005077423966
174	0.005074556573
175	0.005070360773
176	0.005062317199
177	0.005059606389
178	0.005056563352
179	0.005053001745
180	0.005050279674
181	0.005046173552
182	0.005041455026
183	0.005037206522
184	0.005031524147
185	0.005025858351
186	0.005022427419
187	0.005020263709
188	0.005016519249
189	0.005010243249
190	0.005006983915
191	0.005004765634
192	0.004999194727
193	0.00499388207
194	0.00499073933
195	0.004986349474
196	0.004983047495
197	0.004979063014
198	0.004974797123
199	0.004971845399
200	0.004967742252
201	0.004963200154
202	0.004956998958
203	0.004951496316
204	0.004946834138
205	0.004943092876
206	0.004941040767
207	0.004937443049
208	0.004932801228
209	0.004928221449
210	0.004924244302
211	0.004917345527
212	0.004914380556
213	0.00491040421
214	0.004907282655
215	0.004903898797
216	0.004900782255
217	0.0048962749
218	0.004891608947
219	0.004888355709
220	0.004884940568
221	0.004880145262
222	0.00487701436
223	0.004874950995
224	0.004870031476
225	0.004867689793
226	0.00486386676
227	0.004859805275
228	0.004856614264
229	0.004854155317
230	0.004852588544
231	0.004849118173
232	0.004846576176
233	0.004843760224
234	0.004841164499
235	0.004839190725
236	0.004833941573
237	0.004831335036
238	0.004828129084
239	0.004824463701
240	0.004819067233
241	0.00481661653
242	0.004814203691
243	0.004810800122
244	0.004808582507
245	0.004805677612
246	0.004803592619
247	0.004800354695
248	0.004796778363
249	0.004792395845
250	0.004788779122
251	0.004784058829
252	0.004779917996
253	0.004776978316
254	0.004775440658
255	0.004773637462
256	0.004769996976
257	0.004767630056
258	0.004763580549
259	0.004760272604
260	0.004755526969
261	0.004753630456
262	0.004749760298
263	0.00474482748
264	0.00474089792
265	0.004738298004
266	0.004735124508
267	0.004733490108
268	0.00473102926
269	0.004727022169
270	0.004725065469
271	0.004722442368
272	0.004720635282
273	0.004716773482
274	0.004712100155
275	0.00470932364
276	0.004706010195
277	0.004704053067
278	0.004699199969
279	0.00469680893
280	0.004695288076
281	0.004692215986
282	0.004691059388
283	0.004687634035
284	0.004684087568
285	0.004681760151
286	0.004679566283
287	0.004677273104
288	0.004674849756
289	0.004670936992
290	0.004669103876
291	0.004665120304
292	0.004662906321
293	0.004659613868
294	0.004657211203
295	0.004654451788
296	0.004652425208
297	0.004650472611
298	0.004647610726
299	0.004645247591
300	0.004642685819
301	0.004639164569
302	0.004637208215
303	0.004634937346
304	0.00463336358
305	0.004629954663
306	0.004627899093
307	0.004625641012
308	0.004623374362
309	0.004622142542
310	0.00462029785
311	0.004618343006
312	0.004616886074
313	0.0046145823
314	0.004611802523
315	0.004609239711
316	0.004606173566
317	0.004602560908
318	0.004601067691
319	0.004599201582
320	0.004596363282
321	0.004594907623
322	0.004591669701
323	0.004589712404
324	0.004586396945
325	0.004583981398
326	0.004581040087
327	0.004579421848
328	0.00457699043
329	0.004574443367
330	0.004571960295
331	0.004569867548
332	0.004568221514
333	0.004566239212
334	0.004564425633
335	0.004563042412
336	0.004561118429
337	0.004559270879
338	0.004556651577
339	0.004555014485
340	0.004553472229
341	0.004551674437
342	0.004549533808
343	0.004547970716
344	0.004546537305
345	0.004545196243
346	0.004543758596
347	0.004541331469
348	0.00453830309
349	0.004536402783
350	0.00453330194
351	0.004532374024
352	0.004529640892
353	0.004527445879
354	0.004525023123
355	0.004522904071
356	0.004520851922
357	0.004517745605
358	0.004515847989
359	0.004514745188
360	0.004512204442
361	0.004510285591
362	0.004507740649
363	0.004506583369
364	0.004504602158
365	0.004502563836
366	0.00449986452
367	0.004497950231
368	0.004496356707
369	0.004494733305
370	0.004493020262
371	0.004491245098
372	0.00448862424
373	0.00448595328
374	0.004484736036
375	0.004482951092
376	0.004480390211
377	0.004477813638
378	0.004476054361
379	0.004474633619
380	0.004472660537
381	0.004470416976
382	0.004468316466
383	0.004466807717
384	0.004465997255
385	0.004463811986
386	0.004461903397
387	0.004456696288
388	0.004453440744
389	0.004450421243
390	0.004448665103
391	0.004446866818
392	0.004444675697
393	0.004442088379
394	0.00443941484
395	0.004438188237
396	0.004436089562
397	0.004434523718
398	0.004431750734
399	0.004427501463
