group,removed,n_features_removed,val_mae,test_mae,val_delta_pct,val_ci_pct,test_delta_pct,test_ci_pct,verdict
pv_group,(none: full model),0,6.22149574047386,9.442011623245696,,,,,
pv_group,all target history,5,7.406635322130467,12.920048520943531,19.04911023159104,13.257630640729303,36.835761662643016,10.440097780333291,keep
pv_group,target lags as of cutoff,4,6.830010888177968,10.412717659813083,9.780849703800659,6.044024420139818,10.280712154362996,6.883218950569408,keep
pv_group,same-time-of-day 7d mean,1,6.768027560800664,10.2388974379409,8.784572763931155,7.393145414562911,8.439788537575147,5.803871568108795,keep
pv_group,all weather,12,6.274977366874176,9.687530716672908,0.8596265051246784,7.061705439230025,2.600283744861724,4.722492814868347,no clear effect
pv_group,weather: Temperature_avg_hourly,2,6.098359616759262,9.318396629667815,-1.9792045008331003,2.488819425252122,-1.3092018789041533,1.316649702752893,no clear effect
pv_group,weather: DewPoint_hourly,2,6.150151358554814,9.50124375677656,-1.1467400267578038,3.1330890984599975,0.6273253613143006,1.3704241024622024,no clear effect
pv_group,weather: Humidity_avg_hourly,2,6.1662920034876905,9.678755115796786,-0.887306514204331,2.093984928033995,2.50734167672746,2.0900907162100575,no clear effect
pv_group,weather: Precipitation_total_hourly,2,6.1108779187722915,9.478537555425026,-1.7779940116642003,2.483651592333843,0.38684481270289417,1.6421019941680348,no clear effect
pv_group,weather: Sunshine_duration_hourly,2,6.117463380058392,9.57254323062247,-1.6721438823575347,3.1299828755545294,1.3824554828487265,2.095359086031142,no clear effect
pv_group,weather: WindSpeed_hourly,2,6.164481496622625,9.266306849676656,-0.9164073436606162,5.804875010928631,-1.860882834929629,3.1114327773328228,no clear effect
pv_group,all calendar/time,6,6.101171213870032,9.980352271454485,-1.934012842298654,5.682770689550932,5.701546129041247,6.627611761908797,no clear effect
pv_group,"time of day (hour, minute, horizon)",3,6.239873564905137,9.902713242429085,0.2953923814770203,3.3201210024557084,4.879274010309075,6.361420675233784,no clear effect
pv_group,"day of week (dow, is_weekend)",2,6.2482815281250685,9.57187204254437,0.43053614064145285,3.696673884826087,1.3753469544452348,1.8976237313080808,no clear effect
pv_group,month,1,5.937944432545902,9.607976364022992,-4.557606719607932,3.213891418587701,1.7577265036266256,1.7379435776163432,drop candidate
non_pv_group,(none: full model),0,2.055881112383668,6.390702292282362,,,,,
non_pv_group,all target history,5,2.7157336825039002,7.338236555970267,32.0958525347399,8.772758803753563,14.826762699182236,7.970357797887444,keep
non_pv_group,target lags as of cutoff,4,2.0491510856455615,6.323823524297385,-0.32735486004360764,2.7696360563409,-1.046501071810873,3.6224940391004035,no clear effect
non_pv_group,same-time-of-day 7d mean,1,2.2797429854585483,6.693414208551592,10.888853043419722,4.608845608561393,4.736755092390947,5.463739173497142,keep
non_pv_group,all weather,12,2.033169272677408,6.77159840582706,-1.104725344741691,3.8482875600322974,5.960160497613566,6.539944978266819,no clear effect
non_pv_group,weather: Temperature_avg_hourly,2,2.035719869831923,6.431041506338791,-0.9806618889731936,1.916346808960241,0.6312172310881073,4.1523713543386425,no clear effect
non_pv_group,weather: DewPoint_hourly,2,2.019191999208535,6.41638199432361,-1.7845931340161016,2.2568688898314266,0.40182910839485203,1.9498339443737047,no clear effect
non_pv_group,weather: Humidity_avg_hourly,2,2.0450936214343103,6.437387038821857,-0.5247137533575704,1.2569971968438203,0.7305104259961102,1.7582871026816265,no clear effect
non_pv_group,weather: Precipitation_total_hourly,2,2.0522540254863197,6.46419522992283,-0.17642493408302526,1.831525320995747,1.1499978293343587,2.3255206191713844,no clear effect
non_pv_group,weather: Sunshine_duration_hourly,2,2.032882451855446,6.4003059580970545,-1.1186765805517156,1.7975642739445166,0.15027559375266542,1.6099137464814104,no clear effect
non_pv_group,weather: WindSpeed_hourly,2,2.0356571631959683,6.458404428220107,-0.9837119990003325,2.2855074273728375,1.059384913290433,2.7925879706519403,no clear effect
non_pv_group,all calendar/time,6,2.2579944541979486,6.782756640485874,9.83098393174801,4.282409956691404,6.134761568802396,3.971686344019201,keep
non_pv_group,"time of day (hour, minute, horizon)",3,2.1272978630830086,6.666486384404114,3.473778238885481,2.8593348790752664,4.315395703142023,3.9401072288939765,keep
non_pv_group,"day of week (dow, is_weekend)",2,2.1623258240897996,6.518510224898228,5.177571361736742,2.826847170468888,1.9999043418156321,2.175572921611737,keep
non_pv_group,month,1,2.0568763639942684,6.379128583755628,0.04840997879719323,1.4370437843515984,-0.1811022951375842,1.5433212129236682,no clear effect
all_known_group,(none: full model),0,9.156079353779917,15.032662141824881,,,,,
all_known_group,all target history,5,11.904616396477731,18.767209307910097,30.01871146478358,17.52275113206452,24.842886315489714,9.48423130645035,keep
all_known_group,target lags as of cutoff,4,9.617547091416865,15.761918990992129,5.040014615496308,5.758014146587175,4.851149066526685,6.617511349593718,no clear effect
all_known_group,same-time-of-day 7d mean,1,9.526060881992137,15.964180406853155,4.040829201196032,9.925491743572861,6.196628755704826,4.814699547426656,no clear effect
all_known_group,all weather,12,9.063389733725577,16.07317478295423,-1.0123287104985077,7.635639202968119,6.921679149791867,6.565509647746607,no clear effect
all_known_group,weather: Temperature_avg_hourly,2,9.094883932657964,15.347553710413182,-0.6683583524938497,3.1412116878934526,2.0947159300027685,2.2454584595855556,no clear effect
all_known_group,weather: DewPoint_hourly,2,9.1834450291578,15.020290705487525,0.29887984060104966,2.7730059460483276,-0.08229704240431807,1.9809064628658666,no clear effect
all_known_group,weather: Humidity_avg_hourly,2,9.11594063222679,15.241911893667174,-0.43838328614481403,2.245894223044743,1.3919673699051907,2.3081409140756963,no clear effect
all_known_group,weather: Precipitation_total_hourly,2,8.910858528395115,15.269569488283885,-2.678229577418059,2.1875659465540473,1.575950714676575,2.944615320840677,drop candidate
all_known_group,weather: Sunshine_duration_hourly,2,8.930962810681262,15.327575025399549,-2.4586565319109046,3.6400034965026404,1.9618140871678431,2.342800004754111,no clear effect
all_known_group,weather: WindSpeed_hourly,2,9.089353631017003,14.812794805233509,-0.7287586769916738,3.6345616585035736,-1.4625974728697102,4.839586830298437,no clear effect
all_known_group,all calendar/time,6,9.259658340655353,16.332359328067426,1.1312591653399624,5.1688059129895425,8.64582183767997,6.4690189739993,no clear effect
all_known_group,"time of day (hour, minute, horizon)",3,9.235565906961071,15.972778363771903,0.8681287056379535,3.853818686829685,6.253823927375896,5.596981434790705,no clear effect
all_known_group,"day of week (dow, is_weekend)",2,9.277460254157656,15.48293762552301,1.325686417600007,3.849036164584675,2.995314332551528,2.5969187623083605,no clear effect
all_known_group,month,1,9.117207147129779,15.114539052260474,-0.4245507836723879,2.3556128381806847,0.5446600852405878,1.751607747838636,no clear effect
