group,section,variant,n_features,val_mae,test_mae,val_delta_pct,val_ci_pct,test_delta_pct,test_ci_pct,verdict
pv_group,Reference models,current model,23,0.03155027462711311,0.05436649371785858,,,,,
pv_group,Reference models,extended model (current + all candidate groups),110,0.030805412854377247,0.05673372560923235,-2.360872548778878,5.656285814982238,4.354211076511213,5.756220011182733,no clear effect
pv_group,Add one group to the current model,"1 calendar (local time, holidays, daylight)",34,0.029598549157420384,0.05480000882725901,-6.186080763986393,4.025849801922655,0.7973939089215631,3.8678359585246564,helps
pv_group,Add one group to the current model,2a history: more lags + same-weekday stats,31,0.028558108115282112,0.05252985527288748,-9.483804965867527,2.986063490550791,-3.378254361045533,2.7162156022269026,helps
pv_group,Add one group to the current model,2b history: rolling stats + trend as of cutoff,36,0.03157442354607602,0.05477769851270719,0.07654107372543013,3.8627096443923152,0.7563570256757872,3.4924537060372236,no clear effect
pv_group,Add one group to the current model,2c history: heat pump / other split (submetered households),30,0.03374189917803686,0.055697709789991987,6.946451581883713,3.935801315149172,2.4485965179985887,2.955407805928183,hurts
pv_group,Add one group to the current model,3a weather as of cutoff: temperature + heating degree,37,0.028216831790502758,0.0518164651568049,-10.565495470349141,4.035076429580964,-4.690441458828221,3.721274955440485,helps
pv_group,Add one group to the current model,"3b weather as of cutoff: defrost, sun, rain, wind",30,0.03003383897386591,0.05383726715108404,-4.806410312333791,3.493362154922165,-0.9734425205366788,2.596125963412262,helps
pv_group,Add one group to the current model,4 PV: solar geometry x PV share,29,0.02914561027445439,0.05457494294259629,-7.621690717684726,3.3752855624154545,0.3834148764852838,2.2525687284082987,helps
pv_group,Add one group to the current model,5 portfolio composition as of cutoff,34,0.03997336455555545,0.06043120228320359,26.697358511116928,6.918682459763534,11.15523211193008,5.200080057293978,hurts
pv_group,Add one group to the current model,6 behavioural (complete days up to D-2),29,0.030016057750391543,0.05617442933538343,-4.862768691728334,3.5184333898519426,3.325459292827206,3.3129349217324178,helps
pv_group,Add one group to the current model,7 interactions + weather-corrected lag,27,0.031011951247636272,0.0535504878781374,-1.7062399165749922,3.338697767009533,-1.5009351972484062,2.579449584810043,no clear effect
pv_group,Add one group to the current model,combined: solar geometry + calendar + interactions,44,0.028537418035274358,0.054655667857229494,-9.549383095542424,5.225444395556316,0.5318977178694244,4.143637671933095,helps
pv_group,Remove one group from the extended model,"1 calendar (local time, holidays, daylight)",99,0.036880803003550205,0.05605342937774604,19.72182673834766,3.9315249123665437,-1.199103750337185,2.277903798893977,keep
pv_group,Remove one group from the extended model,2a history: more lags + same-weekday stats,102,0.030321889053781977,0.05614726180652007,-1.5696066236183057,3.0640247965001355,-1.0337128337943047,2.25276269251304,no clear effect
pv_group,Remove one group from the extended model,2b history: rolling stats + trend as of cutoff,97,0.03231520070729681,0.05780844045469989,4.901047293398078,2.7167680953570152,1.8943138916522184,2.2386680629877787,keep
pv_group,Remove one group from the extended model,2c history: heat pump / other split (submetered households),103,0.034105608571636005,0.05537164393538967,10.713038428861122,2.803799697607126,-2.400832413553026,1.8253519329302517,keep
pv_group,Remove one group from the extended model,3a weather as of cutoff: temperature + heating degree,96,0.035418776473031086,0.0583355054767679,14.975821426130667,3.433421449318928,2.8233292461140405,2.5414118238725543,keep
pv_group,Remove one group from the extended model,"3b weather as of cutoff: defrost, sun, rain, wind",103,0.02971016901085982,0.05785756496616718,-3.5553616784648883,2.3602911124682064,1.980901738545347,1.5113895189159006,drop candidate
pv_group,Remove one group from the extended model,4 PV: solar geometry x PV share,104,0.03046852675748656,0.05495435206871,-1.0935938384699124,2.5100033797221433,-3.136359407767838,2.4247257847992767,no clear effect
pv_group,Remove one group from the extended model,5 portfolio composition as of cutoff,99,0.028045204775346163,0.052517981837334804,-8.960139869181713,3.077663898162842,-7.430754329328785,3.128993464137279,drop candidate
pv_group,Remove one group from the extended model,6 behavioural (complete days up to D-2),104,0.03613303925140402,0.056644810298214096,17.29444894055284,3.689214164692459,-0.1567239063950798,1.4952914931846386,keep
pv_group,Remove one group from the extended model,7 interactions + weather-corrected lag,106,0.03335867508677455,0.05502139531405873,8.28835583040888,2.7086953778527856,-3.018187641981633,2.185931122917119,keep
pv_group,Target transformation,"current features, target = residual to rolling_mean_same_timeofday_7d",23,0.02991143438062628,0.05624064284685315,-5.194377119869725,4.1507919886413225,3.4472503206123455,3.644424522055647,helps
pv_group,Target transformation,"current features, target = log1p(y)",23,0.030588020359754324,0.054156164935406564,-3.04990773846342,2.209487158232336,-0.38687207518576044,1.7157402067752456,helps
pv_group,Target transformation,"extended features, target = residual to rolling_mean_same_timeofday_7d",110,0.026885917548863818,0.05728755929875891,-14.783887409464635,6.054857544352055,5.372915156271706,7.166874006292951,helps
pv_group,Target transformation,"extended features, target = log1p(y)",110,0.029737742630596874,0.05614102653103021,-5.744900854075648,5.967931733107601,3.2640192365186906,5.316660114780214,no clear effect
non_pv_group,Reference models,current model,23,0.04888649523937992,0.03474069030886259,,,,,
non_pv_group,Reference models,extended model (current + all candidate groups),110,0.04740737886184103,0.03267421643420333,-3.0256134547919227,4.644499571419349,-5.948280982004808,4.908609200949344,no clear effect
non_pv_group,Add one group to the current model,"1 calendar (local time, holidays, daylight)",34,0.0474584546794161,0.0348953934749525,-2.9211350762029737,3.0289102043909297,0.44530826737901336,2.801805508257541,no clear effect
non_pv_group,Add one group to the current model,2a history: more lags + same-weekday stats,31,0.04936254467538586,0.03457571417518092,0.9737851602470023,3.8498705266393474,-0.4748786861025255,3.6049396159857388,no clear effect
non_pv_group,Add one group to the current model,2b history: rolling stats + trend as of cutoff,36,0.04845995581588516,0.03579917566528459,-0.8725097215624695,3.059608501315288,3.0468172825914372,4.135947377982351,no clear effect
non_pv_group,Add one group to the current model,2c history: heat pump / other split (submetered households),30,0.049000259467401656,0.0356880985659663,0.2327109510810142,2.0629778153833196,2.727085295890104,2.2697160874776823,no clear effect
non_pv_group,Add one group to the current model,3a weather as of cutoff: temperature + heating degree,37,0.04752096511633143,0.032180230595998637,-2.7932665583040315,4.156962191691393,-7.3702039023984645,4.401318007761077,no clear effect
non_pv_group,Add one group to the current model,"3b weather as of cutoff: defrost, sun, rain, wind",30,0.04874416760848004,0.03462184898430037,-0.2911389540259542,2.284540046853419,-0.3420810683543284,2.2765262871332292,no clear effect
non_pv_group,Add one group to the current model,4 PV: solar geometry x PV share,29,0.048378739258520424,0.034101319980439415,-1.0386426320258684,2.254763848827262,-1.8404076681805885,2.054779328573366,no clear effect
non_pv_group,Add one group to the current model,5 portfolio composition as of cutoff,34,0.054838959243792874,0.03924797235210419,12.176090708212643,4.35350583987641,12.974071623705647,5.596832111430748,hurts
non_pv_group,Add one group to the current model,6 behavioural (complete days up to D-2),29,0.047505328868667894,0.035350084565466226,-2.825251358169454,2.8920906327472067,1.7541224747862096,3.039767470673743,no clear effect
non_pv_group,Add one group to the current model,7 interactions + weather-corrected lag,27,0.04808811218051696,0.03483898017849846,-1.6331362167681742,3.0604194352006693,0.28292434249871623,3.4686910259452093,no clear effect
non_pv_group,Add one group to the current model,combined: solar geometry + calendar + interactions,44,0.04695550328030966,0.0345845146821006,-3.9499496734525033,4.189385408739138,-0.44954669977340517,4.163306387250147,no clear effect
non_pv_group,Remove one group from the extended model,"1 calendar (local time, holidays, daylight)",99,0.047565692886120434,0.0334925448112627,0.33394384604299243,1.5909034186321627,2.504508038340423,2.303868437376776,no clear effect
non_pv_group,Remove one group from the extended model,2a history: more lags + same-weekday stats,102,0.04316497214042861,0.03455366974544304,-8.948832066366787,3.3202923896273457,5.752099105496226,2.9942096826812197,drop candidate
non_pv_group,Remove one group from the extended model,2b history: rolling stats + trend as of cutoff,97,0.0468059292708261,0.032316813311193765,-1.2686834949633652,2.0266132131524452,-1.09383839006293,2.0965913418783155,no clear effect
non_pv_group,Remove one group from the extended model,2c history: heat pump / other split (submetered households),103,0.047614955460681,0.03207259411813235,0.43785715182632345,1.5887826649994876,-1.841275420582718,1.8851860705446286,no clear effect
non_pv_group,Remove one group from the extended model,3a weather as of cutoff: temperature + heating degree,96,0.04811308763092627,0.03447540769284425,1.4886053311276313,3.1424917228851057,5.512576750747816,3.719178529069938,no clear effect
non_pv_group,Remove one group from the extended model,"3b weather as of cutoff: defrost, sun, rain, wind",103,0.04631433143690645,0.033148139534980754,-2.3056483002784023,2.1061306611978194,1.4504497811960384,2.2912335420601826,drop candidate
non_pv_group,Remove one group from the extended model,4 PV: solar geometry x PV share,104,0.04670012813581604,0.033153432365142205,-1.4918578985058955,1.7861570174925467,1.4666485787161219,2.212615638733173,no clear effect
non_pv_group,Remove one group from the extended model,5 portfolio composition as of cutoff,99,0.04557914588022562,0.03281712969412903,-3.856431267679683,2.168320073687296,0.4373884840160973,2.158792506513883,drop candidate
non_pv_group,Remove one group from the extended model,6 behavioural (complete days up to D-2),104,0.045409237564504316,0.03277776045652378,-4.214831836959139,1.9755121308977304,0.31689825685324885,1.9552143117583098,drop candidate
non_pv_group,Remove one group from the extended model,7 interactions + weather-corrected lag,106,0.04656782967412241,0.03323906579756454,-1.7709251341765009,2.590403912450716,1.728731167887854,2.551507056124733,no clear effect
non_pv_group,Target transformation,"current features, target = residual to rolling_mean_same_timeofday_7d",23,0.050256081151055614,0.035858530041676925,2.8015628957840275,3.8283343959692706,3.2176670148928035,3.7731936413095206,no clear effect
non_pv_group,Target transformation,"current features, target = log1p(y)",23,0.04867701483530824,0.034487388262161175,-0.42850362466348263,1.6982953101105687,-0.7291220883909676,1.722784789581774,no clear effect
non_pv_group,Target transformation,"extended features, target = residual to rolling_mean_same_timeofday_7d",110,0.04752626651235202,0.03531910499368955,-2.782422262768769,4.5930902269562965,1.6649487378764052,5.145655207587972,no clear effect
non_pv_group,Target transformation,"extended features, target = log1p(y)",110,0.04607593319694744,0.032858454770739544,-5.749158389592368,4.772680166441897,-5.41795664216516,5.105684026770169,helps
all_households_group,Reference models,current model,23,0.050437095705028426,0.032796542106393184,,,,,
all_households_group,Reference models,extended model (current + all candidate groups),110,0.049035311575809655,0.03221018457244151,-2.779272100473099,5.784303286048718,-1.78786389141121,5.58911197569021,no clear effect
all_households_group,Add one group to the current model,"1 calendar (local time, holidays, daylight)",34,0.0512905476769489,0.03358044795497633,1.6921116491554573,2.6916401510968444,2.3902088398225745,3.063925064993048,no clear effect
all_households_group,Add one group to the current model,2a history: more lags + same-weekday stats,31,0.052295126393319125,0.03249391159472565,3.6838574115310507,3.6853513655356744,-0.9227512787347777,2.665599849074891,no clear effect
all_households_group,Add one group to the current model,2b history: rolling stats + trend as of cutoff,36,0.0517874950743589,0.03325339398050926,2.6773931973165546,3.2947168387795114,1.3929879334047934,3.6007316041012842,no clear effect
all_households_group,Add one group to the current model,2c history: heat pump / other split (submetered households),30,0.05190047722870983,0.033209332062061586,2.9013992642235125,2.2409799311938223,1.2586386526033644,2.344380035603641,hurts
all_households_group,Add one group to the current model,3a weather as of cutoff: temperature + heating degree,37,0.05119579491797751,0.031172462181690484,1.5042484154642621,4.47619110968165,-4.951985241109035,4.261503481094474,no clear effect
all_households_group,Add one group to the current model,"3b weather as of cutoff: defrost, sun, rain, wind",30,0.05097664247038717,0.03266674235293769,1.0697419385806395,2.171561792020551,-0.3957726794319266,2.4234672963303496,no clear effect
all_households_group,Add one group to the current model,4 PV: solar geometry x PV share,29,0.04999306151207847,0.033420108405127436,-0.880372247337169,4.476430308247345,1.9013172081110858,3.3577457288010617,no clear effect
all_households_group,Add one group to the current model,5 portfolio composition as of cutoff,34,0.0612611341567011,0.03805114207440342,21.460471306625113,6.773503847759076,16.021810930445405,7.231189424350054,hurts
all_households_group,Add one group to the current model,6 behavioural (complete days up to D-2),29,0.05173790475361126,0.03351820941061546,2.579072070664738,2.646716316921605,2.2004371737763067,2.7284608831307877,no clear effect
all_households_group,Add one group to the current model,7 interactions + weather-corrected lag,27,0.050244896748010574,0.0324423034798382,-0.38106666200982264,2.738750063530545,-1.0801096817030837,3.011761165726977,no clear effect
all_households_group,Add one group to the current model,combined: solar geometry + calendar + interactions,44,0.04870621659587719,0.03262990215569933,-3.431758083918918,5.304162230122912,-0.5081021961195393,3.7732315347478043,no clear effect
all_households_group,Remove one group from the extended model,"1 calendar (local time, holidays, daylight)",99,0.051054489721612896,0.03202281375919934,4.117804253535837,2.154515498376749,-0.5817129449251234,2.429035314474138,keep
all_households_group,Remove one group from the extended model,2a history: more lags + same-weekday stats,102,0.04904788312878184,0.03061629891666507,0.025637754850907645,3.0844011016162374,-4.948390321054348,2.986772067570356,no clear effect
all_households_group,Remove one group from the extended model,2b history: rolling stats + trend as of cutoff,97,0.0497444398305878,0.03187302537151527,1.4461583540298681,1.7585922441513038,-1.0467471869587028,2.181559337205621,no clear effect
all_households_group,Remove one group from the extended model,2c history: heat pump / other split (submetered households),103,0.04956446997269537,0.03141881898551501,1.0791374213409928,1.3993645604779026,-2.4568800130489623,2.4527196313130237,no clear effect
all_households_group,Remove one group from the extended model,3a weather as of cutoff: temperature + heating degree,96,0.05188185360912753,0.03448474900113677,5.80508605297034,3.809645149971089,7.061631154517959,4.069546107273121,keep
all_households_group,Remove one group from the extended model,"3b weather as of cutoff: defrost, sun, rain, wind",103,0.04948469225147509,0.03231287669249736,0.9164429902126354,1.3896386066319593,0.3188187879671986,1.7958978759133948,no clear effect
all_households_group,Remove one group from the extended model,4 PV: solar geometry x PV share,104,0.051588282344716095,0.0317966669230253,5.206392468740598,2.460219757520748,-1.2838102448192807,2.6012796455170037,keep
all_households_group,Remove one group from the extended model,5 portfolio composition as of cutoff,99,0.05063942261815373,0.03082857489721274,3.2713385329755424,5.812479090984339,-4.289356591923568,3.5963049087733605,no clear effect
all_households_group,Remove one group from the extended model,6 behavioural (complete days up to D-2),104,0.04802962405709393,0.031423689477500676,-2.0509455051813297,1.8576280136266499,-2.441759044168108,2.9700831040825793,drop candidate
all_households_group,Remove one group from the extended model,7 interactions + weather-corrected lag,106,0.05009273870170113,0.031018801248219433,2.1564605014422558,2.6327461457950796,-3.698778321318286,3.145830943856502,no clear effect
all_households_group,Target transformation,"current features, target = residual to rolling_mean_same_timeofday_7d",23,0.05176129221309914,0.03498313816571492,2.625441630927807,3.005462469307836,6.667154275680455,4.086795517319328,no clear effect
all_households_group,Target transformation,"current features, target = log1p(y)",23,0.05048776524069248,0.03275570032604857,0.1004608511964725,1.4727358395275891,-0.12453075148021056,1.553642073593405,no clear effect
all_households_group,Target transformation,"extended features, target = residual to rolling_mean_same_timeofday_7d",110,0.05056477681023767,0.03354196487254303,0.25314920184135864,4.9822871405493565,2.2728699987080003,5.9331028654520965,no clear effect
all_households_group,Target transformation,"extended features, target = log1p(y)",110,0.048440614620512745,0.030655139798127957,-3.958358538706735,5.497576901242085,-6.529353921881273,4.904910096995206,no clear effect
