Household_ID,summer_midday_mean,summer_night_mean,winter_midday_mean,winter_night_mean,ratio_summer_midday_to_night,ratio_winter_midday_to_night,seasonal_contrast,summer_midday_cv,summer_midday_zero_frac,corr_summer_midday_vs_sunshine,n_summer_midday_hours,n_winter_midday_hours,Group,Weather_ID,Installation_HasPVSystem,detector_proba_pv,detector_pred_pv
100105,0.1045049180327868,0.7642213114754097,1.2624165289256195,1.7071473829201105,0.1367469298010404,0.7394888933175943,0.184920870396779,2.991706715704505,0.8032786885245902,-0.3670431810170227,915.0,605.0,control,8jB,True,0.9995075999902211,True
1001121,1.411606557377049,1.1068214936247722,1.5130096774193549,2.4028346774193547,1.2753696648536563,0.6296769776289094,2.02543480254931,0.8145540593640858,0.0,-0.2337617715586985,915.0,620.0,control,Hg,,0.41444806660592504,False
1001188,0.0314481532147742,0.2723394892840857,0.3355698744769875,0.8186854951185495,0.1154740845605748,0.4098886281457758,0.2817206349025785,5.286472971333733,0.9053351573187416,-0.1898670668929243,3655.0,2390.0,control,8jB,,0.9996752800392917,True
100120,0.3861535519125683,0.4022163023679417,1.250730463576159,1.6392472406181011,0.960064397288702,0.7629907390324802,1.2582910226487465,0.8773204174722679,0.0,-0.0838085666088359,1830.0,1510.0,treatment,8jB,False,0.10877560230590352,False
1001228,0.7221213114754098,0.8208561020036429,1.3434892857142855,1.4560267857142857,0.879717297237324,0.9227091828913077,0.9534068952047614,0.8439520350645812,0.0163934426229508,-0.0220101860154721,915.0,280.0,treatment,z6I,False,0.03524906224489958,False
1006811,0.031311475409836,0.9331739526411658,0.7911586206896553,2.741751724137931,0.0335537391728681,0.2885595415968648,0.1162801236347427,3.1577737246811,0.8021857923497268,-0.2720921618374264,915.0,725.0,control,wDD,,0.9998532086833928,True
1007079,0.6306163934426231,0.5332632058287795,0.972760975609756,0.9138634146341464,1.1825612315827052,1.0644489756701645,1.1109609371723794,0.5028179825862117,0.0,-0.1696646202738908,915.0,1025.0,control,8jB,,0.11671380415529183,False
1009851,0.4866843866171004,1.615584262701363,0.8348371859296483,1.8005582077051927,0.3012435797086387,0.4636546501840928,0.6497154284746864,0.8460145460700677,0.0,-0.0945616927647703,2690.0,1990.0,control,Hg,,0.2084391240689349,False
1011091,1.015070666666667,0.5857077777777778,1.615487029288703,1.199750348675035,1.733066735971863,1.346519324685168,1.287071566074311,0.8149377491989143,0.0033333333333333,-0.0829190692271417,1500.0,1195.0,control,8jB,,0.02658182321085734,False
1015877,0.0716256830601092,0.7231452641165756,1.057529014084507,2.158128638497653,0.0990474343320359,0.490021306061111,0.2021288321689498,3.083148388470096,0.8202185792349727,-0.3646092568000137,1830.0,1775.0,treatment,8jB,True,0.9998751566128486,True
1017510,0.1107566484517304,0.6371062537947783,1.4644004175365344,2.3511009046624918,0.173843291903091,0.6228573238317707,0.2791061215008605,5.099378689155633,0.7697632058287796,-0.1799997448065567,2745.0,2395.0,control,Hg,True,0.9998344797197186,True
101797,0.5790120218579236,2.0542987249544624,1.00618115942029,2.852458937198068,0.2818538583626675,0.3527416806247342,0.799037578614133,0.9881457611572128,0.0,-0.2095095227223333,915.0,690.0,control,Hg,,0.031339996288275856,False
1019970,0.5778688721804511,0.8026423558897242,0.8033169102296451,0.9207700069589424,0.7199581082908177,0.8724403533546738,0.8252233009654617,0.8534122974894929,0.0015037593984962,-0.0075249784853915,3325.0,2395.0,treatment,Hg,False,0.007072075837051957,False
1020729,0.6809680672268907,0.5354836601307189,1.342816149068323,1.1242769151138716,1.2716878551637918,1.194382034369457,1.0647245341689575,1.1341486875452955,0.0140056022408963,-0.1144541075616354,1785.0,1610.0,control,Hg,,0.06639347798298664,False
102106,1.0643650273224043,1.295968731026108,2.218722346368715,2.809402234636871,0.8212891266903277,0.789748907797639,1.0399370212244352,0.9751497392907972,0.0018214936247723,-0.0834458574673705,2745.0,1790.0,control,Hg,,0.003270361360285434,False
102119,0.0186131147540983,0.3205696721311475,0.5921439330543934,1.340803347280335,0.0580626190567509,0.4416336924094717,0.1314723492674936,8.529600694653558,0.9699453551912568,-0.1566261404881738,1830.0,1195.0,control,8jB,True,0.999623918612513,True
102310,0.733789964157706,1.0650489844683393,1.1838269565217392,1.78201884057971,0.688972972002791,0.6643178677822663,1.0371134142497662,0.92044840966837,0.007168458781362,-0.1936170036584594,1395.0,1150.0,control,MqO,,0.009914259576648488,False
10266,0.3261530054644808,0.6565995749848209,1.2624666666666666,2.8137773333333334,0.4967304547402741,0.4486732662570314,1.1071095429512667,2.285804088372482,0.4939890710382513,-0.1722252665343056,2745.0,1875.0,control,z6I,,0.9995716205725199,True
103119,0.3856,0.6769890710382513,2.3094464912280706,2.564438596491228,0.5695808344566508,0.9005661100203186,0.6324697633178755,1.7326867615936326,0.6131147540983607,-0.3243961256508547,915.0,1140.0,control,Hg,,0.9998572133450153,True
103721,0.5660261859582543,1.2186843769765972,1.585408356545961,1.6085571030640669,0.4644567507811121,0.9856089992242048,0.4712383421282644,0.8809646620318149,0.0641366223908918,-0.1962778087924019,2635.0,1795.0,treatment,8jB,False,0.9748294294270065,True
103724,0.0803071038251366,0.4456493624772313,0.9763765690376568,1.382497907949791,0.1802024429671198,0.7062409016485228,0.2551571886398641,2.6733041569764,0.7819672131147541,-0.3476436401166328,1830.0,1195.0,control,8jB,True,0.9991089069218906,True
1037311,0.233487431693989,0.289856102003643,0.577123489932886,0.6603970917225951,0.8055287781764711,0.8739037424097428,0.9217591584575076,0.9624542334709264,0.0007285974499089,0.0079642726246962,2745.0,2235.0,treatment,Hg,False,0.01726488382244123,False
1037610,1.8329173041894355,1.7230749848208866,2.453724631578948,2.259488421052632,1.063747846342257,1.085964685066112,0.9795418405134394,0.7149027833601881,0.0018214936247723,-0.0166355752484644,2745.0,2375.0,treatment,8jB,False,0.0003298237979150118,False
1038167,0.3687049180327869,1.0522386156648451,1.2646169642857144,3.5878333333333337,0.350400481928545,0.3524737207095408,0.9941180330357046,3.048314632500316,0.6437158469945355,-0.0576286611768827,915.0,1120.0,control,Hg,True,0.999311343701796,True
103991,0.296952808988764,0.3661616729088639,0.9538594142259414,1.9767677824267784,0.810988235414454,0.482534884828473,1.680683119320454,0.921478010037064,0.0037453183520599,-0.2010646723201523,1335.0,1195.0,control,z6I,,0.13657611466720365,False
1041141,0.6737879781420766,1.8269881602914388,1.5128577405857742,2.6902852161785216,0.3687971234770316,0.5623410229844508,0.6558246836052527,0.5458749896015028,0.0,-0.1570873179909189,915.0,1195.0,control,8jB,,0.05445271742322626,False
104118,0.5208312727272727,1.2788757575757577,1.3757733333333333,2.542888888888889,0.4072571316189171,0.5410277025255614,0.7527472802553504,1.0513885202655728,0.0109090909090909,-0.2609438035695955,1375.0,600.0,treatment,Hg,False,0.00623304613591913,False
105113,0.29024229390681,1.27868339307049,1.2454904347826083,2.614693719806763,0.2269852689725281,0.4763427644881693,0.4765166722253542,0.9286587690837976,0.0007168458781362,-0.2568308465602459,1395.0,1725.0,control,Hg,,0.029821330777434454,False
105210,0.5445431034482758,1.6195811781609195,0.6354766666666667,1.8560611111111112,0.3362246430071631,0.3423791721417218,0.9820242303407076,2.537355004961064,0.0043103448275862,-0.1496400525672633,1160.0,600.0,control,8jB,,0.0594849158983465,False
105461,0.13775956284153,1.2549435336976322,1.6700084210526316,2.9293324561403504,0.1097735150167497,0.5700986303388085,0.1925517957331551,3.2798754541993302,0.8142076502732241,-0.3221112055453876,915.0,950.0,control,Hg,True,0.9988679075232586,True
1056907,0.7065208459214501,0.6613066465256797,1.0874393305439332,1.2577831241283124,1.0683710040316594,0.8645682309480552,1.2357278070004043,0.4466204907365688,0.0030211480362537,-0.1755965810420059,1655.0,1195.0,control,Hg,,0.08730714476777483,False
105697,2.9096204158790173,2.7012227473219914,4.753556812339332,3.808162810625536,1.0771493830946124,1.2482546174433398,0.8629244130502933,0.5274572078988014,0.0,-0.2774714443698652,2645.0,1945.0,control,Hg,,0.05265520482475288,False
105714,0.7538778523489932,1.2487997762863534,1.4056995815899582,2.903584379358438,0.6036819245682878,0.4841256178339666,1.2469530682330543,0.7112311746416594,0.0033557046979865,-0.1028693034380408,1490.0,1195.0,treatment,Hg,False,0.08181470788079039,False
1057211,1.0489901639344263,0.687459927140255,1.5825658914728682,2.04093023255814,1.525892815742862,0.7754140079003341,1.96784272684817,0.7431106765565776,0.0240437158469945,-0.1803494282446609,915.0,645.0,control,Hg,True,0.602114360118913,True
105807,0.4982856102003642,0.8417079538554948,2.1177308176100627,2.4858378756114607,0.5919934674704409,0.8519183163098069,0.6948946350100046,1.3329305188875842,0.0,-0.1863135996013221,2745.0,2385.0,treatment,8jB,False,0.06425689175330947,False
105900,0.6637134693877551,1.711185714285714,1.7351555555555556,3.402062962962963,0.3878675843579044,0.5100304063874098,0.7604793351541619,0.699584045144329,0.0040816326530612,-0.0674587179069525,1225.0,1125.0,treatment,MqO,False,0.005680258439080472,False
106100,0.346087431693989,0.7140792349726776,0.8251253968253968,1.1253968253968254,0.4846625062654723,0.7331861777150916,0.6610360655950706,0.8782942563534589,0.0,-0.197122463328675,1830.0,1260.0,treatment,8jB,False,0.004263141268713718,False
1061006,0.3345398907103825,0.7872531876138433,1.49698102189781,1.5273248175182486,0.4249457429627813,0.9801327161895108,0.4335593904209776,1.323277000347731,0.0,-0.2943134176019069,915.0,685.0,control,8jB,,0.01954280414475953,False
106102,0.3103175384615384,0.3814887179487179,1.0678753138075314,1.6891429567642955,0.813438311177667,0.6321994888183663,1.286679798963538,1.4538678460106669,0.5335384615384615,-0.0277262371423222,1625.0,1195.0,control,8jB,True,0.9900542711389617,True
106109,0.383759633027523,1.0064529051987767,1.3651817021276595,2.087117375886525,0.3812991457873824,0.6540991502922945,0.5829378399543753,1.2422575943895944,0.0730275229357798,-0.2087195403209789,2725.0,2350.0,control,Hg,,0.41151411759806633,False
1061168,0.9419828451882843,0.6602269874476987,1.0081509202453989,0.8480373210633947,1.426756044659422,1.1888048971491374,1.20015996576134,0.4071603145445627,0.0238493723849372,,2390.0,1630.0,treatment,HbsbG,False,0.9086865690590012,True
1061228,0.7558530054644808,1.8446648451730416,2.536511801242236,4.66014182194617,0.4097508593186079,0.5442992720300811,0.7528043493248743,2.374419275791229,0.5956284153005464,-0.1372298242007586,1830.0,805.0,control,MqO,True,0.9918258557626771,True
106310,0.4578465346534653,1.397667491749175,0.9958700854700856,2.4540135327635326,0.327579010999585,0.4058127928694055,0.807217063521709,0.9139862270125666,0.0049504950495049,,1010.0,1170.0,control,sV3mR,,0.04111802872140331,False
1065698,,,,,,,,,,,,,control,ceOxS,,0.04049440101924841,False
1066796,0.1644939890710382,1.3067468123861563,1.1336443396226414,2.1464394654088053,0.1258805359323338,0.5281510882985607,0.2383419039007533,3.651108837295451,0.7836065573770492,-0.2440419533682569,915.0,1060.0,control,8jB,True,0.9994177832240315,True
106691,0.4722501035196687,0.3335155279503106,0.7063799442896936,0.6311954503249769,1.415976360746921,1.1191144421684398,1.2652650233011646,0.8449828974930118,0.0020703933747412,-0.1528706065323532,2415.0,1795.0,control,Hg,,0.09757074303310537,False
106791,0.3049785714285714,2.2650238095238096,0.8944551724137931,1.7419137931034483,0.1346469605070901,0.5134899189357722,0.2622192871598165,1.8898920215964816,0.5785714285714286,-0.3470880985283322,140.0,870.0,control,z6I,True,0.9994678113496429,True
106841,0.351744262295082,0.4200482695810564,0.4588623188405797,0.482542270531401,0.8373900995852243,0.9509266790974732,0.880604275799679,0.7840805793208956,0.0,-0.1095563941834365,915.0,690.0,control,Hg,,0.035459379799591385,False
1071058,1.051686972477064,0.8723620795107034,1.6505732590529247,1.570130919220056,1.205562457582913,1.0512328869192815,1.1468081645694188,0.8068282595534492,0.0044036697247706,-0.1222654751074226,2725.0,1795.0,treatment,Hg,False,0.017730571331286502,False
107114,0.7773048409405255,0.9818651452282158,1.6205702928870294,2.015976987447699,0.7916615074057405,0.8038634880146777,0.984820829915944,0.8937715132921423,0.0027662517289073,-0.1141682469550861,3615.0,2390.0,treatment,Hg,False,0.0017508341091484144,False
1073767,1.0981581651376149,0.9779908256880736,2.186527576601671,2.128492571959145,1.1228716428551326,1.0272657773896332,1.0930682862894954,0.6778473151774799,0.0,-0.2295527206805533,2725.0,1795.0,control,8jB,,0.13849737462983083,False
107461,0.433814371257485,1.1084900199600798,1.169488622754491,1.3808712574850297,0.3913561362267457,0.8469208236577186,0.4620929433952748,1.1291486927045828,0.0059880239520958,-0.1454905965997149,1670.0,835.0,treatment,8jB,False,0.03323252000477018,False
1075697,0.5811924882629108,0.4123255086071987,1.0091029288702928,0.4755,1.4095477386934674,2.1221933309575034,0.6641938404629231,0.8229887326434396,0.0046948356807511,-0.0688142378532278,1065.0,1195.0,control,Hg,,0.07778277586685348,False
107719,0.1156340659340659,0.4616336996336996,1.1078605042016807,1.4843585434173672,0.2504887880278673,0.7463564036564285,0.3356155139832835,2.613192008736028,0.765934065934066,-0.4198692514367064,910.0,595.0,control,Hg,True,0.999536512196075,True
1078861,0.1340188235294117,1.4779955882352942,,,0.090676064662296,,,3.920106581030504,0.77,-0.151640724936723,1700.0,0.0,treatment,8jB,True,0.9948323974412525,True
1079731,0.7442384615384615,0.6307022144522144,1.963442677824268,1.7431352859135285,1.1800156151106225,1.126385710673789,1.0476123799588624,0.6638026794188739,0.0034965034965034,-0.2856503561761143,1430.0,1195.0,control,8jB,,0.03115917384590314,False
108100,0.4020981012658228,0.2987457805907172,0.9823179916317992,1.113805439330544,1.3459540766425035,0.8819475618849774,1.5261157633519729,0.9248899937935724,0.010126582278481,-0.1252837388876693,1580.0,1195.0,control,8jB,,0.6196096808880737,True
1081057,0.7249074681238615,0.604424408014572,1.0644202150537634,1.0086189964157706,1.199335199756501,1.0553243780221155,1.1364611912067168,0.6050528061888857,0.0018214936247723,-0.0518063480935073,2745.0,2325.0,treatment,8jB,False,0.01813620386860269,False
108511,1.19382131147541,0.6993069216757741,2.246192993630573,1.9408598726114648,1.7071492852017156,1.1573184779219925,1.4750903210903228,0.7063823139595632,0.0,-0.0664038987349983,1830.0,1570.0,treatment,Hg,False,0.6529521887060498,True
108757,0.0740622950819672,0.594136612021858,0.9659841359773372,1.8454650613786596,0.1246553294030001,0.5234366969026746,0.2381478603632905,3.5597854368704605,0.8557377049180328,,1830.0,1765.0,control,HbsbG,,0.9998163302840275,True
108798,0.0110792349726775,0.2334808743169398,0.3521335689045936,0.6402143698468786,0.047452430547429,0.5500244691302605,0.0862733082083863,9.137301565504796,0.981967213114754,-0.144309418282125,1830.0,1415.0,control,wDD,True,0.998741983964405,True
1088228,0.7088,0.7680464480874316,1.466116317991632,1.6982566248256623,0.9228608527062844,0.8633066973268181,1.0689837754808025,0.6948304945549226,0.0,-0.1968333071143701,915.0,1195.0,control,8jB,,0.07914123801511957,False
108849,0.6596000000000001,1.4008333333333336,1.9732325203252032,3.1357967479674795,0.4708625817965496,0.6292603376172858,0.7482794539053355,1.3456651787134335,0.6,,20.0,615.0,control,Hg,True,0.9960684164026433,True
108927,0.4500737967914439,0.7561729055258467,1.1887096234309624,1.3497921896792189,0.5951995813423917,0.8806612103107975,0.6758553395718855,0.9846954092980496,0.0053475935828877,-0.1679182475249238,935.0,1195.0,control,Hg,,0.054166933586859305,False
108987,0.4465191256830602,1.6991065573770492,1.2191665271966527,2.3672663877266387,0.2627964230638732,0.5150102808528689,0.5102741301177061,1.327496972267873,0.0,-0.254032356552355,915.0,1195.0,treatment,MqO,False,0.008576998893998098,False
1090081,0.4653699270072993,0.2161535279805352,0.5737849122807017,0.2661301169590643,2.152960126791019,2.156031488795988,0.9985754558683724,0.7547490464046105,0.0072992700729927,-0.0508888535740825,3425.0,2850.0,control,Hg,,0.025401494961339935,False
109073,0.1581016393442623,0.2308743169398907,0.5846044776119403,0.7711231343283581,0.6847952662721893,0.7581207871828746,0.9032798966202236,1.045127798145432,0.0,-0.1647047065143012,915.0,670.0,control,8jB,,0.029291924569275134,False
109104,0.9072648451730418,1.7714656952034002,1.8480668181818185,3.138048484848485,0.5121549051893265,0.5889223277157392,0.8696476276860287,0.5681843064096689,0.0,0.0107957381275473,2745.0,2200.0,treatment,Hg,False,0.012496620973663261,False
109107,0.9610207650273224,0.665244990892532,1.8657715481171544,1.1369225941422594,1.4446118019437624,1.6410717473028746,0.8802855842945337,0.7007626847221898,0.0,-0.1341236235660636,915.0,1195.0,control,8jB,,0.11362219188824821,False
109111,0.3558089020771513,1.10592037586548,1.396073640167364,1.660494421199442,0.3217310304086762,0.8407578022206925,0.3826679093062098,0.8693635316744313,0.0029673590504451,-0.1484051156408024,1685.0,1195.0,control,8jB,,0.013150983063983301,False
1091217,0.4643522900763359,0.5187604961832062,1.0819498607242342,1.2823635097493038,0.89511883324351,0.8437154149339062,1.0609250671491297,0.9827264487821562,0.0038167938931297,-0.1287398822654488,2620.0,1795.0,treatment,8jB,False,0.006320049887401684,False
109677,0.7796371584699454,1.294768670309654,1.2759375886524822,2.0191985815602838,0.6021439785714688,0.6319029739346065,0.9529057520051848,0.6059998378742102,0.0,0.1384064263573377,915.0,705.0,control,Hg,,0.035134792537516175,False
109711,0.0783928961748633,0.7544071038251365,0.6669154811715482,1.422776150627615,0.1039132529073241,0.4687423814894271,0.22168520921266,4.23722323383927,0.8666666666666667,-0.2934142010561808,1830.0,1195.0,treatment,8jB,True,0.9995248032063608,True
109879,1.141472131147541,0.8136666666666666,1.7378159574468086,2.375605496453901,1.4028743930531025,0.7315254826783616,1.9177382418951503,0.7558416837463169,0.0196721311475409,-0.0778330013830173,915.0,940.0,control,Hg,True,0.6342113116710651,True
1101068,0.1200569892473118,0.6155560035842295,1.096016713091922,1.2207093779015783,0.1950382882276345,0.8978522922269956,0.217227588453185,4.170084116496403,0.8462365591397849,-0.2304411989691556,1860.0,1795.0,control,8jB,True,0.9982491241600552,True
1101151,0.7805267759562842,0.6252695810564664,1.4612787401574805,1.4988635170603677,1.2483044107750974,0.9749244834669136,1.2804113876964314,0.7238018395702398,0.0710382513661202,-0.3164195410947943,915.0,635.0,control,8jB,True,0.8214591712934968,True
1101186,0.0695085610200364,0.7951703096539162,0.7125311064718163,1.5158208072373005,0.0874134259996312,0.4700628880866591,0.1859611303403215,2.9136189657739515,0.7723132969034608,-0.2719181032515282,2745.0,2395.0,control,Hg,,0.9998532086833928,True
1101758,0.3883745856353591,0.34523802946593,0.8538648451730421,0.8210494839101398,1.1249472899499506,1.0399675804028563,1.0817138064190186,1.2081595405673216,0.0027624309392265,-0.0777236841285124,3620.0,2745.0,treatment,Hg,False,0.009574828843820583,False
110411,0.9970655826558266,0.9811210478771454,1.6773972144846796,2.782401114206128,1.0162513431071327,0.602859597029479,1.6857181143247844,0.8891692035357469,0.002710027100271,-0.0318237557783406,1845.0,1795.0,control,Hg,,0.047972179590909034,False
110766,0.2201398907103825,0.2104644808743169,0.8876719665271967,1.155654811715481,1.0459716993379202,0.768111686576648,1.3617442848704078,1.2974485337135713,0.0,-0.0980471223457561,915.0,1195.0,control,8jB,,0.10719294557527542,False
110810,0.0132142076502732,0.0057641165755919,0.0990208,0.329212,2.292494864907568,0.3007812594923636,7.621800868766463,3.46914039542838,0.9278688524590164,-0.099041851640779,915.0,625.0,control,Hg,True,0.9997533126473379,True
111119,0.4417764216366159,0.546076514100786,1.0453669535283991,1.2697369477911646,0.8090009554138781,0.8232941124907173,0.982639063173186,0.7940005895080203,0.003883495145631,-0.1389513647847211,3605.0,2905.0,treatment,Hg,False,0.004166109643793591,False
1111201,0.4283551912568306,2.1243069216757737,2.8378128133704736,4.714361188486537,0.2016446808538004,0.6019506567084869,0.3349853988969947,4.2958384645209415,0.7923497267759563,-0.224691129561354,1830.0,1795.0,treatment,8jB,True,0.9990628065631004,True
1111228,0.6086712694877506,1.2241722345953971,1.10991643454039,0.8534582172701949,0.4972104841839705,1.300492996705196,0.3823246149296115,0.8510458688566822,0.0026726057906458,-0.0868219787963129,2245.0,1795.0,control,8jB,,0.017927030794012616,False
111387,0.5395016393442622,0.4105519125683061,1.5509665271966528,1.5540195258019525,1.3140887250269524,0.9980354181175914,1.3166754417448163,1.033151520789248,0.0,-0.1997539142816086,915.0,1195.0,control,8jB,,0.1607209518363571,False
111651,0.4804421052631578,1.5165295055821373,1.1810200836820084,2.2994630404463043,0.3168036648774166,0.5136068999190277,0.6168212789340681,0.8639246634354728,0.0047846889952153,-0.1728296756321668,1045.0,1195.0,control,Hg,,0.11284866030294269,False
1118211,0.35516,1.7631201754385966,2.1980125000000004,3.990974702380953,0.2014383392281526,0.5507457861581284,0.3657555705207271,2.1786921043273466,0.4336842105263158,-0.3249680892017054,950.0,1120.0,control,Hg,True,0.9985116401487968,True
111901,0.8936384,0.5879026666666667,2.643116417910448,1.689623134328358,1.520044814674538,1.5643230518154052,0.9716949532326572,1.0952694451577885,0.016,-0.1592892259478928,625.0,670.0,treatment,8jB,False,0.05231820955076023,False
1121071,0.2785819875776398,1.325734989648033,0.5524841201716738,2.238113733905579,0.2101339934096482,0.2468525668745044,0.8512530214704094,1.433054670722239,0.5565217391304348,-0.025796365301331,1610.0,1165.0,control,8jB,True,0.9937649981098882,True
1121081,0.0408194871794871,0.5615393162393162,1.060115481171548,1.791094839609484,0.0726921268004158,0.5918812659873931,0.1228153871015815,4.511958790146839,0.9148717948717948,-0.2358508257488956,975.0,1195.0,control,8jB,True,0.9986565846633176,True
112110,0.7324218579234973,0.6470910746812386,1.3739024999999998,1.3691447916666666,1.1318682741595427,1.0034749490063368,1.1279487099108392,1.0454844677862898,0.3595628415300546,-0.2163394548995517,915.0,800.0,control,Hg,True,0.991914886114719,True
112120,0.369256270096463,0.2323311897106109,1.070910022271715,0.7920931700074241,1.5893529859525293,1.3520000712311124,1.1755568803375036,0.958544657339862,0.062700964630225,-0.1769815230736605,3110.0,2245.0,treatment,8jB,True,0.2343614518075784,False
112122,0.3991450819672131,1.0157117486338798,2.454320416666667,3.349660416666666,0.3929708231730691,0.7327072333824887,0.5363272058321963,3.0666480865108765,0.6972677595628415,-0.1620317299785797,3660.0,2400.0,control,wDD,True,0.9984314715755265,True
112691,0.3756254545454545,0.3546866666666667,0.4203411764705883,0.666,1.0590346067292855,0.631142907613496,1.677963253573983,1.0764001411139603,0.2465454545454545,-0.1102965185379901,1375.0,85.0,treatment,Hg,True,0.9992319188588,True
112810,1.0134567639257297,0.7007294429708223,1.6235396923076924,1.5503502564102565,1.446288255890981,1.0472083231481522,1.3810893438500391,0.9260712111885114,0.0079575596816976,-0.1446177408763225,1885.0,1625.0,treatment,Hg,True,0.14327555434140177,False
113116,0.165335519125683,0.5838979963570128,0.93536815920398,1.4360572139303482,0.2831582231095582,0.6513446331598229,0.4347287268429501,1.7785533455308518,0.585792349726776,,915.0,1005.0,control,HbsbG,True,0.9993616611949283,True
1137376,1.013332101616628,0.9701961123941494,2.314831428571429,3.2792875,1.0444611029372528,0.7058946275895082,1.4796274997925438,0.9258420394850092,0.0023094688221709,-0.0796087043602684,4330.0,2800.0,treatment,8jB,False,0.12224748839891825,False
113817,0.3606535519125683,0.4550241347905283,1.1188923076923076,1.4997692307692307,0.7926031265981008,0.7460429809714315,1.062409468106037,1.024387677442916,0.0,,1830.0,1430.0,control,ceOxS,,0.0330084514591246,False
113987,0.2103606557377049,1.0890737704918034,0.2270508287292817,1.1569014732965008,0.1931555615766142,0.1962577055782616,0.9841935174340946,0.8896904223413422,0.0,-0.0533820690723528,915.0,905.0,control,Hg,,0.02157963295718313,False
114104,0.541135519125683,0.6760309653916211,0.9373543859649124,1.875860623781676,0.8004596635779933,0.4996929804279569,1.601902958277396,1.1215207446823037,0.0,-0.060047414409706,915.0,855.0,control,Hg,,0.07844231894661548,False
1141047,0.2251540983606557,0.2907959927140255,0.6001192825112108,0.9312092675635276,0.7742682292808509,0.6444515786246408,1.201437400360255,1.4769141033277469,0.5016393442622951,-0.0998834157039056,915.0,1115.0,treatment,wDD,True,0.9923839588755369,True
1141091,0.4924826747720365,1.0556403242147925,1.9754401673640165,2.498089260808926,0.4665250686954911,0.7907804570299196,0.589955232894482,1.5716878217611532,0.5586626139817629,0.0027511044730701,1645.0,1195.0,control,Hg,True,0.9989214913739869,True
1141141,0.0566956790123456,0.4197124485596708,0.6168108786610879,1.0162252440725246,0.1350821954576484,0.6069627597413514,0.2225543384493833,2.6338080410144684,0.7512345679012346,-0.3271268094422954,1620.0,1195.0,control,Hg,True,0.9992019334583645,True
114119,0.961727868852459,0.9335619307832422,0.981759405940594,1.9950676567656764,1.030170401277595,0.4920932894737931,2.093445335089166,0.6179906528580721,0.0,0.1268967100923402,915.0,1010.0,control,Hg,,0.7591030725482183,True
114671,1.0812282208588957,0.7446467280163599,2.409165925925926,2.000671604938272,1.452001573604096,1.2041785968168714,1.2058025092310396,0.8553101598660855,0.0098159509202454,-0.1659149802812974,1630.0,675.0,treatment,z6I,,0.5919641069987714,True
114677,0.1046535519125683,0.4692112932604735,0.8315079365079364,1.5740502645502643,0.2230414174078114,0.5282600913291124,0.4222189430336011,5.858748228291664,0.8732240437158469,-0.0716988372558605,915.0,630.0,control,Hg,True,0.9989879010331721,True
114721,0.4380052486187846,0.8372407918968693,1.8696017605633803,2.3981519953051644,0.523153258725523,0.7796010278845874,0.6710525512582711,0.900666357291671,0.0027624309392265,-0.1691075738311251,3620.0,2840.0,treatment,Hg,False,0.014132052225992762,False
1147810,0.837783606557377,0.5023979963570128,1.7245281690140846,0.51062441314554,1.6675695616469646,3.3772928293629265,0.4937592462071242,0.9197420369768652,0.0,-0.0042653847418569,915.0,710.0,control,8jB,,0.08369621234135363,False
114791,2.3591245901639346,2.5431275045537345,2.0796129032258066,3.5568287250384025,0.9276469960470628,0.5846817668183765,1.5865844442096717,0.4439763508168624,0.0,,915.0,1085.0,control,HbsbG,,0.3987065361261865,False
114798,1.5707842990654206,1.1900915887850467,1.4611473118279572,2.555794802867384,1.3198852204888023,0.571699774249746,2.30870341381701,0.737093651386486,0.0074766355140186,-0.2719251417064123,2675.0,1860.0,treatment,8jB,False,0.3684010018423386,False
114810,0.1274555555555555,0.3885265265265266,1.0801031315240082,1.3281276965901183,0.3280485291313914,0.8132524713527945,0.4033784595645965,2.928060195989561,0.7717717717717718,-0.3592183129139188,3330.0,2395.0,control,Hg,,0.9998092529054827,True
1148611,0.2704691771269177,1.1980002324500234,1.004667436489607,2.0683375673595075,0.225767215899268,0.4857366864791763,0.4647934203523388,3.391366874050889,0.7110181311018131,-0.1475589824556041,3585.0,2165.0,treatment,Hg,True,0.9996603081831953,True
1151067,0.6996349344978166,0.4562489082969432,1.3578092050209205,1.1962280334728037,1.533450100975297,1.1350755600326687,1.3509674201170911,0.6958342187455248,0.0043668122270742,-0.1500827474818157,1145.0,1195.0,control,Hg,,0.16150678036895744,False
1158778,0.4143786885245902,0.2802199453551913,2.748032608695652,1.0291479468599034,1.47876229152549,2.670201711114853,0.5538017166905651,2.1594931426860144,0.4475409836065573,-0.2918873742155184,1830.0,1380.0,control,8jB,True,0.9971829365965805,True
1159664,1.1596644808743168,0.9065928961748634,1.485402870813397,1.629689792663477,1.2791457839204612,0.911463566563631,1.4033976023233197,0.6947194070446323,0.0,-0.0612786702647623,915.0,1045.0,treatment,Hg,False,0.5828810145202659,True
116117,0.0441530054644808,0.3959157559198543,0.726675766016713,1.194857010213556,0.1115212132992727,0.6081696469160228,0.1833718829356043,7.307145871763491,0.914207650273224,-0.1572716607132769,1830.0,1795.0,control,8jB,True,0.9997467281555332,True
116121,2.317263023679417,3.4444939283545843,3.697102315789473,5.362020701754386,0.6727441162267808,0.6894979563543697,0.9757013926246096,0.7042854381761227,0.0,-0.1467076746875258,2745.0,2375.0,treatment,wDD,False,0.022445369948406853,False
116310,0.0246688888888888,0.2947759259259259,0.8103914634146341,1.0972794715447154,0.083686918500556,0.7385460900619881,0.1133130614685563,5.510372678353408,0.9222222222222224,,450.0,820.0,control,sV3mR,True,0.9997879738379919,True
116977,0.1779713114754098,0.2096448087431694,0.5317377855887522,0.3242328646748682,0.8489182848950868,1.6399873162825864,0.5176371039377048,1.8087390863187836,0.45,-0.1591796507910959,3660.0,2845.0,control,Hg,True,0.9984257135678354,True
117010,0.6746485639686685,0.4553999129677981,1.6436384401114208,1.1925868152274837,1.4814420133988335,1.3782128220140517,1.0749007625933475,0.7107065213998198,0.0046997389033942,-0.1423983117956525,1915.0,1795.0,control,Hg,,0.04675998070592955,False
117105,0.3026087431693989,0.6801621129326049,1.0056142259414227,1.0778479776847978,0.4449067912128523,0.932983358285338,0.4768646592266277,1.2477488847257798,0.0,-0.3133573985672029,915.0,1195.0,control,Hg,,0.09006185435871877,False
1171127,0.1197614232209738,0.4813448813982522,1.1288056737588652,1.3053372734436564,0.2488058517898444,0.8647616954819064,0.2877160876687447,2.7105600712777784,0.7235955056179775,-0.3595517167699575,2670.0,2115.0,treatment,Hg,True,0.9995688598568218,True
118101,0.0127679758308157,0.487634944612286,0.4551313807531381,1.1433389121338913,0.026183471820231,0.3980721515930001,0.0657756934652433,5.381647121913267,0.9474320241691844,-0.2439235120388401,1655.0,1195.0,control,8jB,True,0.9996387627414628,True
118114,0.481769306930693,1.893556105610561,1.4862560669456066,2.613407949790795,0.2544256837720425,0.5687041960152385,0.4473778909224457,2.7856678220153706,0.6297029702970297,-0.1731202864168664,1010.0,1195.0,control,8jB,,0.9995489583724185,True
118117,0.3875202185792349,1.5003955676988463,0.3595555,2.4011983333333333,0.2582787012451483,0.1497400256399755,1.724847449045691,0.7621204959345711,0.0,-0.0282445242928071,2745.0,2000.0,treatment,MqO,False,0.34683391558608934,False
118708,0.5269593705293276,0.622072484501669,1.419972025052192,1.3105013917884485,0.8471028435721044,1.0835333971788834,0.7817967085995172,1.3093915769350115,0.0028612303290414,-0.148697372160192,3495.0,2395.0,treatment,Hg,False,0.022681826114281458,False
1191021,0.9512875,1.5909242424242425,3.328398870056497,4.165377589453861,0.5979464481290655,0.7990629417327076,0.7483095722502958,0.9302517813064342,0.0056818181818181,-0.2096394737425453,880.0,885.0,treatment,8jB,False,0.08139646798278519,False
1191088,0.0797715846994535,0.8790209471766849,0.8646316666666667,2.196975,0.0907504934389456,0.3935555327969898,0.2305913292438911,3.1255312440226217,0.7704918032786885,-0.2938395253176732,915.0,600.0,control,Hg,True,0.9998747546104051,True
1191127,0.5653821917808219,1.1765285388127855,1.438235294117647,1.5765448179271708,0.4805511920274703,0.9122704776694062,0.5267639409478021,3.1723666602570595,0.6684931506849315,-0.0380557691021395,730.0,595.0,treatment,z6I,True,0.9986325690195377,True
119117,0.048703825136612,1.0746830601092896,0.62804769874477,1.753483960948396,0.0453192452216182,0.3581713393061672,0.1265295132475105,3.321222401023237,0.853551912568306,-0.3215720920289395,915.0,1195.0,control,8jB,True,0.9998494730283118,True
119122,0.2265156398104265,0.9028894154818324,1.0518443514644351,2.512195258019526,0.2508786080846291,0.4186953016914977,0.5991913620026265,1.883246571985296,0.6199052132701421,,1055.0,1195.0,control,ceOxS,True,0.9998522220663871,True
1193858,0.5170513661202186,0.7778023679417121,1.4468992700729926,1.608785888077859,0.6647593108882976,0.8993734224022285,0.7391360410814942,1.0574178281130244,0.0,-0.0780268499273756,915.0,685.0,control,Hg,,0.0530599795487357,False
119461,0.1802805970149253,0.4775099502487562,2.6413008403361347,2.8937240896358545,0.3775431211873368,0.9127687224211192,0.4136240779437574,3.0001342175960386,0.7223880597014926,-0.1367134793700666,335.0,595.0,control,8jB,,0.9994164746507602,True
119498,1.4456010928961749,0.9583642987249544,2.7577115789473683,2.246400877192982,1.5084045751907276,1.2276132933108983,1.2287294243307916,0.4775702317954149,0.0,-0.2167078440361586,915.0,950.0,treatment,Hg,False,0.44182779414882434,False
1197401,0.814831693989071,0.4684717668488161,1.9566107843137253,1.5100866013071896,1.739340023562255,1.2956944208497758,1.3423998711220166,1.0071712254311675,0.0,-0.1259929641703478,915.0,1020.0,control,Hg,,0.14930508826598277,False
119781,0.6325755474452555,1.221662104622871,1.895606862745098,3.5906556372549017,0.517799107504061,0.5279277809537625,0.9808142821516176,0.8213146206031686,0.0,-0.1926496441323633,2740.0,2040.0,control,8jB,,0.008784672817654816,False
119816,0.60000796812749,0.8193997343957504,2.493617573221757,2.703600418410041,0.7322530664108082,0.922332145032078,0.7939147197188287,0.916924678398406,0.0,-0.3092444599809756,1255.0,1195.0,control,Hg,,0.01974085896195723,False
1199104,0.4005956284153005,0.6173469945355192,0.6939808823529412,1.1962058823529411,0.6488986452695076,0.580151705146173,1.1184982126459722,0.6379734270673583,0.0,-0.1296034160757685,1830.0,1360.0,control,Hg,,0.01718178289282671,False
120461,0.5442216216216217,0.4626311311311311,2.8498585774058576,2.505296373779637,1.1763618680199972,1.1375335099002253,1.034133814768391,1.123102857003851,0.003003003003003,-0.2098784990280964,1665.0,1195.0,control,8jB,,0.027770124014082284,False
120701,0.5521261904761905,0.630343253968254,1.2583056277056277,1.3558434343434345,0.8759135391714643,0.9280611579720932,0.9438101483370162,0.6944559256191943,0.0,-0.2141762876317766,1260.0,1155.0,treatment,Hg,True,0.0003761202327899437,False
120741,0.4789336976320583,0.652522161505768,1.7236393234672305,2.230170190274841,0.733973075377034,0.7728734474990058,0.949667863156831,1.28497728298278,0.0,-0.1981880434106515,2745.0,2365.0,treatment,Hg,False,0.009785085037180499,False
120871,0.6354043715846994,0.608799635701275,1.2885095238095237,1.5172232142857145,1.043700315051566,0.8492550810436513,1.2289597534923906,1.4807428083436796,0.0852459016393442,-0.1708611452008343,915.0,840.0,control,Hg,True,0.3276890453658473,False
120901,0.2513464114832536,0.4602320574162679,0.772753781512605,1.412392857142857,0.5461297348435624,0.5471238243698117,0.9981830629887224,1.0024736186937528,0.0047846889952153,-0.2130765136980797,1045.0,1190.0,control,8jB,,0.007145415857197917,False
120912,,,2.0283484848484847,1.7478257575757576,,1.160498108038992,,,,,0.0,330.0,treatment,Hg,False,0.8815047241294239,True
121046,0.5965628415300547,1.0334253187613844,1.384,2.4501446540880503,0.5772674916123278,0.5648646081735643,1.021957267740436,0.593799785795825,0.0,-0.2105771542234457,915.0,1060.0,control,Hg,,0.01587225846825338,False
1211151,0.2760935323383084,0.8012558043117746,1.6827638418079096,1.3225315442561203,0.3445760153655978,1.2723808737238156,0.2708120048654486,2.1730488616366377,0.6592039800995025,-0.2901378859548951,2010.0,1770.0,treatment,wDD,True,0.9956455944860169,True
1214111,1.7931322404371584,0.5872604735883424,2.0463991631799163,1.2192824267782427,3.0533848625645925,1.6783635343512628,1.819263109612791,0.7599867274965496,0.0,-0.1618005939856037,915.0,1195.0,control,Hg,,0.3432298431334163,False
121701,0.6754426229508197,0.7585469034608379,1.6977749253731345,2.1648199004975126,0.8904427924880342,0.784256891292877,1.1353968353661588,0.664102180265991,0.0,-0.1553262905530684,1830.0,1675.0,control,8jB,,0.14915449982939685,False
121728,1.0718784916201116,1.362994646182495,1.550799331103679,1.2738397435897435,0.7864143080988997,1.2174210601511375,0.6459673927451771,0.32170764687727,0.0013966480446927,-0.0243609208507859,3580.0,2990.0,treatment,Hg,False,0.03187973087922948,False
121778,1.5430005780346818,1.2847485549132946,2.583076987447699,3.152913528591353,1.20101367083368,0.8192666763689381,1.465961823513533,0.4601098351660308,0.0,-0.1555651261046033,1730.0,1195.0,control,8jB,,0.6436305520340723,True
1218377,0.0684508196721311,0.4016903460837887,1.2219213389121335,1.062028591352859,0.1704069324530218,1.1505540894672113,0.1481085800424492,4.341811811937978,0.8748633879781421,,1830.0,1195.0,control,sV3mR,True,0.9998739988531117,True
121876,0.5998131147540983,0.5192850637522768,1.6004355555555558,1.5124577777777777,1.1550748454421889,1.0581687496143146,1.0915790566137915,1.0953362841440466,0.0,-0.1945872553629939,915.0,1125.0,control,Hg,,0.07576051651213478,False
121887,0.468909708737864,1.1421998381877023,1.056510924369748,1.3384873949579832,0.4105321092339414,0.789331993972878,0.520100683069547,0.9621150533919868,0.0067961165048543,-0.1143691418872553,1030.0,595.0,treatment,z6I,False,0.05176555939806609,False
122108,0.8958797814207651,0.9073005464480872,1.423165322580645,1.396990591397849,0.9874123684020336,1.0187365121454433,0.969251967147578,0.9276121821311896,0.0,-0.0057297637218407,1830.0,1240.0,control,8jB,,0.03474131939109783,False
1223661,0.6553606557377049,0.654556466302368,1.3375324444444443,1.336397037037037,1.0012286020790229,1.0008496033558447,1.00037867699793,0.7283118255695421,0.0,-0.0860012228138531,915.0,1125.0,control,8jB,,0.05083378906523843,False
122671,1.1532120218579234,1.1271857923497268,3.989648175182481,4.417390510948905,1.023089564901224,0.9031685483304622,1.132778114109974,0.8671399746119288,0.0,-0.2423499068375393,915.0,685.0,treatment,Hg,False,0.127109851689347,False
1228011,0.3869901734104046,1.09842774566474,0.7847899581589959,2.0700271966527195,0.3523128170585387,0.3791206025833954,0.9292895576178564,1.3382453305673292,0.0028901734104046,-0.2210587955491343,1730.0,1195.0,treatment,8jB,False,0.0027898397771299586,False
1228100,0.0524,0.0790833333333333,0.3174666666666666,0.430859078590786,0.6625922023182297,0.7368225075006131,0.899256192058816,3.811438589338316,0.95,,20.0,615.0,control,Hg,True,0.9995806218817492,True
1228211,0.5942376344086022,0.5028709677419355,0.9522702928870296,1.1993619246861924,1.1816900806123978,0.7939807603415346,1.4883107244363052,0.8770471325461365,0.0,-0.0544882036684458,930.0,1195.0,control,Hg,True,0.21006972346381167,False
122850,0.2972456140350877,1.0473667502088555,0.8749693593314765,1.883801764159703,0.2838027978029796,0.4644699755453139,0.6110250667328477,0.8403650867545486,0.0050125313283208,-0.1556438988807873,1995.0,1795.0,treatment,8jB,False,0.00866741014517499,False
122887,1.0250193078324226,1.2081709168184578,1.7485065934065935,1.3662788461538464,0.8484058783103815,1.279758226754912,0.6629423125192074,0.6909551014944806,0.0018214936247723,-0.1366778212477038,2745.0,1820.0,treatment,Hg,False,0.0020122882867155143,False
128268,0.5827864716636196,1.2674814137720902,1.371627638190955,2.359452261306533,0.4597988304453451,0.5813330749194408,0.7909387067114022,0.7917077879874306,0.0,-0.2150812386032598,2735.0,1990.0,control,8jB,,0.012447487945237524,False
190821,0.1714080133555926,0.323104062326099,0.7855398747390396,0.7134961725817677,0.530504049133854,1.1009727941448988,0.4818502800024997,1.7795608192034706,0.6046744574290485,-0.2309620516078395,2995.0,2395.0,treatment,Hg,True,0.9988267573803284,True
279461,0.551736641221374,0.7758225190839694,1.8248401673640169,2.0057914923291493,0.7111634783079274,0.9097855755909056,0.7816825166150021,1.0562287824704102,0.1221374045801526,-0.3934591089264012,1310.0,1195.0,control,8jB,True,0.7797904218128577,True
2794690,0.5476091074681239,0.4614365513054038,1.3450346555323591,1.3570845511482252,1.186748440102844,0.9911207480730138,1.1973802812726697,1.000606056214168,0.0021857923497267,-0.1254528972607919,2745.0,2395.0,treatment,8jB,False,0.0809723040294555,False
287100,0.984615300546448,0.6480437158469946,2.7865427272727272,0.8759651515151516,1.5193655558553696,3.181111397471533,0.4776209839941532,0.8582376868508974,0.0,,915.0,1100.0,control,HbsbG,,0.14838670812039584,False
2887690,1.2915358851674643,0.934232057416268,2.520204184100418,2.2876401673640165,1.3824572545062983,1.1016611004012833,1.254884332398352,0.5520582288081076,0.0,-0.1629215738532525,1045.0,1195.0,control,8jB,,0.3447833449642452,False
298120,1.2007786885245904,1.1849653916211291,1.5597,1.845235772357724,1.0133449440931157,0.8452578382474754,1.1988589732502757,0.4851594782417378,0.0,-0.1096978474677339,1830.0,1230.0,control,8jB,True,0.05769794267825089,False
310610,0.4817247357293869,0.4018801973220578,1.1053916167664672,1.2603383233532934,1.19867746392924,0.877059434188615,1.3667003822131625,0.8754714019139221,0.0084566596194503,-0.0002416486649719,2365.0,1670.0,treatment,8jB,False,0.17876315745271698,False
311110,0.998512568306011,1.088673041894353,2.4638778846153846,2.348306891025641,0.9171831485498548,1.0492146039478116,0.8741616301363223,0.8985042957939343,0.0,-0.1673350613791081,915.0,1040.0,control,Hg,,0.09905476096090748,False
3699704,0.5608907103825136,0.4204890710382514,0.8529443037974683,0.7278579465541491,1.333900805073457,1.171855453162952,1.1382810068196796,0.766858450952563,0.0,-0.1132482858377663,915.0,1185.0,control,8jB,,0.0811262120716812,False
382698,1.899535057471264,3.042115421455939,4.335093036211699,5.659701949860724,0.6244125532101467,0.765957832164356,0.8152048676697425,1.1532528061407417,0.4333333333333333,-0.104273742091241,1740.0,1795.0,control,Hg,True,0.9772090982342639,True
4115111,0.1699081967213114,0.8080437158469945,0.6957663865546219,1.578502801120448,0.2102710452283055,0.4407761494377806,0.4770472392766958,2.6087415161846685,0.6863387978142077,-0.2469212606393707,915.0,595.0,control,z6I,True,0.9969804794575396,True
417510,0.6645743169398908,0.5033606557377048,0.8101845238095239,1.3984464285714286,1.3202746566791514,0.5793461281439012,2.2789047730568663,0.7976505613986669,0.007103825136612,0.0011882642765877,1830.0,840.0,treatment,8jB,False,0.11469284551327584,False
419075,0.0014198198198198,0.0058993993993994,0.4089291139240506,0.6287095639943742,0.2406719266989055,0.6504261066524984,0.3700219352165222,3.858136696589841,0.9975975975975976,-0.2919097838502574,1665.0,1185.0,control,8jB,True,0.9992510637262133,True
461089,0.4373396957123098,0.5365110650069157,1.2015962343096234,1.2084198047419803,0.8151550345129834,0.9943533113198072,0.8197841001112838,0.8369847407356422,0.0027662517289073,-0.1761523285995221,3615.0,2390.0,treatment,Hg,False,0.0005894779792435102,False
461101,,,1.3632098039215688,2.139339869281046,,0.6372104888503265,,,,,0.0,510.0,control,8jB,True,0.5679229492472995,True
461104,0.2174656050955414,0.7895207006369426,0.8555198795180723,1.6594001004016066,0.275440029526904,0.5155597371068136,0.534254344748877,1.364790185826833,0.0993630573248407,-0.0922070097982438,1570.0,1660.0,treatment,8jB,False,0.42729286721841137,False
461158,1.0925472527472526,1.1451552197802195,2.349886192468619,2.0256680613668063,0.9540604049789304,1.1600549158498596,0.8224269316422689,0.62700045913632,0.0,-0.1271348432759837,1820.0,1195.0,treatment,Hg,False,0.07586092847572562,False
461226,0.0349693989071038,0.0179307832422586,0.6345377777777778,1.1902696296296296,1.9502438033319789,0.5331042328411116,3.658278593922245,4.508045896416816,0.9081967213114754,-0.0897451747032048,915.0,1125.0,control,8jB,True,0.9974629766704076,True
466710,0.7793314685314685,0.5701695804195804,1.888594142259414,1.7213856345885634,1.3668415420513464,1.0971359957414866,1.2458269051026647,0.8219388621662432,0.0034965034965034,-0.1919049965450344,1430.0,1195.0,control,8jB,,0.11723308092264435,False
466866,0.4287475409836065,0.5298488160291439,0.418721327014218,0.4438996840442338,0.8091884477477509,0.943279173346952,0.8578461929532282,0.880618678468969,0.0,0.0703792256089416,915.0,1055.0,control,8jB,,0.012692679329882628,False
4675977,0.6350546448087431,0.8051939890710382,1.70985,1.6597210144927534,0.7886976969877943,1.0302032601078843,0.7655748409349828,0.775845003109514,0.0,-0.2694697568855498,915.0,920.0,control,Hg,,0.04180987030097821,False
467969,0.1339855555555555,1.0033777777777777,1.7332500000000002,2.1900666666666666,0.1335345056697378,0.7914142644059543,0.1687289598829388,3.275683991420341,0.8033333333333333,-0.3468206756276032,900.0,600.0,control,Hg,True,0.9998497278869393,True
468646,0.58636996996997,0.7731676676676676,1.428271129707113,1.756455369595537,0.7583994966302843,0.813155377831208,0.9326624619430486,0.9147392898067618,0.0,-0.0566757721578946,1665.0,1195.0,treatment,z6I,False,0.06186497154280081,False
468980,0.3343471766848816,0.2186405585913782,1.2156037735849057,1.6227344514325646,1.5292093051671616,0.7491082552119108,2.0413729184369656,1.0253261960137696,0.004007285974499,-0.1220182482791491,2745.0,2385.0,treatment,8jB,False,0.5124120531245523,True
469790,0.6347770491803278,2.0553524590163934,1.4372323144104802,2.8982598253275107,0.3088409709953619,0.495894916615376,0.6227951943998328,1.017240950498298,0.0021857923497267,-0.1225985184702928,2745.0,2290.0,control,Hg,,0.2446917086417452,False
4710670,0.3132516129032258,1.5043086654016444,1.584585487528345,3.200873015873016,0.2082362616847579,0.4950479071398464,0.4206386062469164,1.6776082615422292,0.5920303605313093,-0.1772610009690791,2635.0,2205.0,treatment,Hg,True,0.9997863469550444,True
477661,0.429548087431694,1.3445887978142077,1.3139649546827794,2.6543982880161128,0.3194642764613066,0.4950142413122304,0.6453638093612026,1.125311097063543,0.0,-0.1520351797852688,1830.0,1655.0,treatment,8jB,True,0.005298090909096611,False
481791,0.3311,1.648188888888889,0.966444144144144,1.8274527027027023,0.2008871690812137,0.5288476920441367,0.3798582694097264,1.3673811131779352,0.0166666666666666,-0.0897556005102787,900.0,1110.0,control,8jB,,0.036728892378072205,False
4911611,0.3902535519125683,0.2622112932604736,1.0447274193548386,0.6926774193548387,1.4883171012962473,1.508245238206119,0.986787203827957,0.9745181291757644,0.0,-0.0457223571704479,915.0,620.0,control,8jB,,0.04638989517331802,False
508846,0.1097486338797814,0.2207950819672131,0.7925963302752295,1.433012996941896,0.4970610436697973,0.5530977960190592,0.8986856343442546,2.874783396495645,0.7715846994535519,-0.3558401358794015,915.0,1090.0,control,wDD,True,0.9994554986024273,True
5102111,0.715439344262295,0.6201589253187614,1.5730845188284517,1.6906931659693167,1.1536387126808818,0.9304376160570584,1.2398882985510506,0.6260852268226894,0.0,-0.1664398048116527,1830.0,1195.0,control,8jB,,0.2682527509319427,False
512280,0.85359451303155,0.8912672610882487,1.3705496855345911,1.5862809224318657,0.9577312555936366,0.8640018713920197,1.1084828485968516,0.5634459365490214,0.0013717421124828,-0.1771528948285835,3645.0,2385.0,treatment,wDD,False,0.027924180934264915,False
5769106,0.7746872,0.3603793333333333,1.3485673640167364,0.8361820083682009,2.149643801253864,1.612767735398241,1.332891125034227,0.7413567947546542,0.004,-0.0589350349717936,1250.0,1195.0,treatment,8jB,False,0.090551567898979,False
582662,0.1730142076502732,0.6387714025500909,0.8649970443349753,1.9778579638752047,0.2708546546692122,0.4373403248027941,0.6193223887857728,0.8906865970705439,0.0,-0.0903069931394845,915.0,1015.0,control,8jB,,0.3359406697631885,False
5831058,0.4966335195530726,0.4551266294227188,1.5130664987405542,1.6229542401343409,1.0911985532092483,0.9322915343659408,1.170447776243492,1.0722981883828389,0.0059590316573556,-0.1420609473408034,2685.0,1985.0,treatment,8jB,False,0.34373837924603673,False
5845834,0.5374299999999999,0.8213070512820513,0.8621093457943926,1.4658177570093458,0.6543594130369117,0.5881422446084448,1.112586995808388,1.06307216189903,0.0192307692307692,-0.0751721579256147,1300.0,1070.0,treatment,8jB,False,0.0060849886747858265,False
610891,0.6997340101522843,1.4820393401015228,1.935690034364261,2.0846815578465065,0.4721426693736423,0.9285303201721826,0.5084838471253047,0.6143766496800444,0.0076142131979695,-0.2267213330769975,1970.0,1455.0,treatment,8jB,False,0.06416099893000198,False
611610,0.0468327868852459,0.5587240437158469,1.01214296875,2.288742838541667,0.0838209620867218,0.442226602179087,0.1895430118262698,5.934552097672984,0.9224043715846996,-0.1921098607454762,1830.0,1280.0,control,wDD,True,0.9998601351826871,True
611629,0.7386027149321267,0.5295426093514328,1.5551243421052634,1.302222587719298,1.394793736875573,1.194207777357706,1.1679657119313709,1.0508547649426057,0.0,-0.126415712843853,2210.0,1520.0,treatment,wDD,True,0.03819028145213192,False
6512274,0.0432585635359116,0.5374825046040516,0.6553575342465754,1.397576484018265,0.080483668148006,0.468924271222934,0.1716346819457823,2.367559940089087,0.7823204419889502,-0.3301909715629406,905.0,730.0,control,Hg,True,0.9996956334253111,True
654611,0.7490999999999999,1.1850000000000005,1.004574834437086,0.772130242825607,0.632151898734177,1.3010432420841969,0.485880774970635,1.1950876852595862,0.5,,10.0,755.0,control,8jB,True,0.9912534464092974,True
6569121,0.4716224043715847,1.3293296903460836,1.0830828451882846,2.205711297071129,0.3547821189856975,0.4910356340045337,0.7225180708217641,1.1557113358443143,0.0,-0.18887360165415,1830.0,1195.0,treatment,MqO,,0.08785176250557879,False
6577811,1.0313672131147542,1.9176707650273224,1.100476987447699,2.2490669456066947,0.5378228796745825,0.4893037931117879,1.0991594327406118,0.5241890881088721,0.0027322404371584,-0.0711085814788817,1830.0,1195.0,control,8jB,,0.02013073613863107,False
658466,0.4171079051383399,0.4068975625823451,0.8104181249999999,0.8042994791666668,1.025093152417025,1.007607422349288,1.0173537130432886,0.998284258517978,0.0205533596837944,-0.1138192129844044,2530.0,1600.0,treatment,Hg,False,0.06336126981732473,False
661091,0.5882011331444759,1.0328772426817752,1.6286861924686191,1.620849372384937,0.5694782582461234,1.0048350082476516,0.5667380749793401,1.0934221119705236,0.0,-0.2688193420437041,1765.0,1195.0,treatment,MqO,False,0.6163958574495984,True
669010,2.53748087431694,3.7917877959927138,2.813041791044776,5.588531094527363,0.6692043465614382,0.5033597815711326,1.3294752005665935,0.4168022452468585,0.0,-0.0293871090582312,1830.0,1340.0,treatment,8jB,False,0.05828555751960923,False
6697809,0.1783174863387978,1.315351548269581,1.4542676300578037,3.035971579961464,0.1355664092792413,0.4790122673270421,0.28301239556081,2.3867874417119364,0.6939890710382514,,1830.0,1730.0,control,sV3mR,True,0.9992554433254213,True
671781,0.72391912568306,1.3580746812386155,1.106582727272727,1.927032575757576,0.5330480979314174,0.5742418375245658,0.9282641268864598,0.5639263499453908,0.0,-0.0560446064939138,915.0,1100.0,treatment,Hg,False,0.002266074012672673,False
676510,0.4270779599271402,0.390577109896782,1.0590531100478469,1.0402157097288678,1.093453633368336,1.0181091288497162,1.0740043502053125,0.8746238732563344,0.0018214936247723,-0.088262009126935,2745.0,2090.0,control,8jB,,0.017282376748059467,False
676890,1.0479335260115608,1.5959922928709056,0.9864268907563024,2.530204481792717,0.6566031243963686,0.3898605420449626,1.684199998677072,0.8388659868793975,0.0,-0.0440109500980371,1730.0,1190.0,control,8jB,,0.22563227398243246,False
677172,0.044854945054945,0.2110860805860805,0.4377252631578947,0.5881666666666666,0.2124959870892732,0.7442197730086053,0.2855285425032857,3.2303060581389507,0.8549450549450549,-0.2841647537349266,910.0,950.0,control,Hg,True,0.9992320103967615,True
6773102,0.8735554644808744,1.1795434881602915,1.9597677559912847,2.099952432824982,0.7405877555590087,0.9332438798886924,0.7935629383900574,0.7381644584761675,0.0,-0.253059633750213,3660.0,2295.0,treatment,8jB,False,0.13786350195162317,False
678103,0.0006491803278688,0.0905510018214936,0.2955627906976744,1.4180658914728683,0.0071692230324365,0.2084266975709354,0.0343968556619122,4.584094167460564,0.9989071038251366,,915.0,1290.0,control,sV3mR,True,0.9997903626606628,True
679810,0.4291187613843352,0.1813439587128111,0.9502464891041162,0.5516908797417271,2.366325100820796,1.7224255901220844,1.373832991330019,1.5806332481394818,0.0018214936247723,-0.0963005124654519,2745.0,2065.0,treatment,8jB,False,0.14053879544392264,False
6808461,0.4304218579234973,0.2558734061930783,1.0738235294117648,0.5240105580693816,1.6821672260801783,2.0492402545629345,0.8208736005134518,1.0652423948131355,0.0018214936247723,-0.1236946911317947,2745.0,2210.0,treatment,Hg,False,0.023130318055102697,False
680861,0.9782412955465588,1.0956093117408907,3.356884081632653,3.9157673469387753,0.8928742071315205,0.8572736284388704,1.041527672742576,0.7202397094887327,0.0251012145748987,-0.0063085366198725,1235.0,1225.0,treatment,Hg,False,0.003280985990172255,False
681103,0.4365091445427729,1.0505408062930188,0.4719389121338913,1.2105690376569038,0.415508985398727,0.3898488210530682,1.0658208078617375,0.5959964030722914,0.0,-0.0182948563620868,1695.0,1195.0,control,8jB,,0.056490328769220964,False
683654,1.3219452702702703,1.1486492117117115,2.297029787234042,2.1904794326241137,1.1508694358483158,1.048642481195217,1.0974850404082266,0.6134625297596751,0.0,-0.1154431153072182,1480.0,1175.0,control,8jB,,0.13107811443196665,False
684461,0.7739322404371585,0.5410054644808743,0.849135,0.4396616666666667,1.430544220435538,1.931337354101828,0.7407013680946566,0.3870264105025971,0.0,-0.0198252255139047,915.0,1000.0,control,8jB,,0.09237362375406583,False
688105,,,0.4411799999999999,2.0738888888888884,,0.2127307795338869,,,,,0.0,450.0,control,8jB,True,0.902261989352581,True
688310,0.5891005464480875,0.3398142076502732,1.0916896174863389,1.0305209471766847,1.733595986234844,1.0593570373093704,1.63646053708007,1.2134231455526625,0.0,,915.0,915.0,control,HbsbG,,0.5210875149437861,True
688411,0.2273170454545454,0.1037386363636363,0.3837857677902622,0.1296342072409488,2.1912476722532586,2.9605285206621925,0.7401542180593936,1.1066111621330896,0.0789772727272727,-0.0223436877266571,1760.0,1335.0,control,Hg,,0.17197471877719356,False
6885841,0.5562708520179372,0.3752620827105132,1.212530174563591,0.9278482959268496,1.4823529411764704,1.306819422837185,1.1343211734320504,0.9464726998095748,0.0026905829596412,-0.115977635449949,3345.0,2005.0,treatment,8jB,False,0.026054960915408633,False
689878,0.6210335329341318,0.6920439121756489,1.8005489539748951,1.2976143654114365,0.8973903563167335,1.3875840172314928,0.6467286630377931,0.9598756605126296,0.0029940119760479,-0.151206531321234,1670.0,1195.0,control,8jB,,0.04115874061033614,False
6901131,0.4872087431693989,0.5839362477231329,1.686471129707113,2.6703012552301257,0.8343526285088636,0.6315658678600192,1.3210856871286625,1.0208491631742262,0.0010928961748633,-0.0071915692887288,915.0,1195.0,treatment,8jB,False,0.014411802604047634,False
691171,0.2136808743169398,0.640176684881603,1.569057894736842,2.2104495614035087,0.3337842182685221,0.7098365518644001,0.4702268675680777,5.924158014979928,0.8010928961748633,0.0181495423007673,915.0,1140.0,control,8jB,True,0.9987646242664555,True
697998,0.0736032786885245,0.4429854280510018,0.9052410041841004,1.086731520223152,0.1661528213520614,0.8329941548011932,0.1994645705427745,3.670699060687207,0.8076502732240437,-0.2330000569145911,915.0,1195.0,control,Hg,True,0.9972409275937956,True
6981151,0.8245842201834863,1.461670642201835,3.564722562674095,4.616637883008357,0.5641381829639454,0.7721468854627173,0.7306099313291661,1.0843779317140536,0.0036697247706422,-0.1938160345900961,2725.0,1795.0,treatment,z6I,False,0.02151560319720295,False
700484,0.4574153005464481,1.390950819672131,0.7776406779661017,3.7772551789077218,0.3288508077189013,0.205874541468224,1.597335957003981,1.1753273274785296,0.0699453551912568,0.0237108035956025,915.0,885.0,control,8jB,,0.8028679069390275,True
7011879,0.8957592660550459,0.8141229357798164,2.8000611764705883,2.8031658823529413,1.1002751877970778,0.9988924287706632,1.1014951721590147,1.1766040695321287,0.0,-0.1818982351495129,2725.0,2125.0,control,MqO,,0.05906404695123124,False
7046666,0.8161989071038251,1.1588269581056465,1.0256200836820084,1.578644351464435,0.7043319983149847,0.6496840676816081,1.0841146233251298,1.264443006626596,0.3781420765027322,0.0194419933393998,915.0,1195.0,control,8jB,True,0.9915209590674043,True
7048688,0.2764308943089431,0.5073622402890695,0.6614557377049181,1.7635644028103046,0.5448393127392505,0.3750675261140813,1.4526432570265522,1.7560558300880127,0.4915989159891599,-0.0803604804410292,1845.0,2135.0,treatment,Hg,True,0.9995451928621287,True
706817,0.7629951127819549,1.442094611528822,1.4351894150417828,2.344068245125348,0.529088110226744,0.612264347689688,0.8641497944853389,1.2479149731623076,0.0037593984962406,-0.113718354849943,2660.0,1795.0,treatment,8jB,False,0.0015250938208913201,False
7069411,0.606527950310559,0.7152639751552795,1.73488356545961,2.228402506963788,0.8479777695764495,0.7785324060792768,1.089200350499092,0.8649552313409569,0.0,-0.1198658840379377,2415.0,1795.0,treatment,Hg,False,0.010921829045217393,False
708210,0.7251521023765997,0.7940450944546007,1.7682310344827583,1.790526683087028,0.9132379350251876,0.9875479942215496,0.924752964280042,1.004151282536135,0.0435100548446069,-0.246214936296767,2735.0,2030.0,control,MqO,,0.35758380110661425,False
708499,0.588783520599251,0.5549756554307116,1.4254728033472803,1.6671987447698744,1.0609177444771003,0.8550107225182924,1.2408239061053443,1.0384410954942822,0.0112359550561797,-0.1329830513751885,1335.0,1195.0,control,8jB,,0.3476453880968572,False
7086681,0.583962,0.8327521428571429,1.4532810020876823,2.179825330549756,0.7012434672295734,0.6666960795988008,1.0518187952320976,0.8461953743692374,0.0045714285714285,-0.0535322689959319,3500.0,2395.0,treatment,Hg,False,0.004131877307143482,False
7099511,0.4091361702127659,0.5168345153664303,1.1715915966386554,1.2596694677871147,0.7916192863448616,0.9300785853743144,0.8511316127403048,0.95928373987332,0.0070921985815602,-0.171787150671034,705.0,595.0,treatment,Hg,False,0.000858799046371946,False
710210,0.179208032128514,0.1531907630522088,0.5506318965517242,0.716521551724138,1.169835756137844,0.7684791828337334,1.5222738393825137,0.8121179278526838,0.0040160642570281,-0.0567531818009374,1245.0,1160.0,control,Hg,,0.2047318534196191,False
7115691,0.1514498550724637,0.7079685990338165,1.2871062761506278,2.0314037656903765,0.2139217124589302,0.6336043566962682,0.3376266438165894,4.633295645545104,0.7976811594202898,-0.2024913076032709,1725.0,1195.0,control,8jB,True,0.9996247572934995,True
711910,0.0939548269581056,1.7936174863387977,1.1292457983193276,2.2768767507002803,0.0523828674027314,0.4959626374031948,0.1056185757802286,2.746918341877555,0.7876138433515483,,2745.0,2380.0,control,sV3mR,True,0.9998278310565148,True
712718,0.5068003717472119,0.9034618959107806,1.3468947368421051,1.3094866332497912,0.5609537868072522,1.0285669991907265,0.545374085741239,1.0707133734634349,0.0037174721189591,-0.2178138311894526,2690.0,1995.0,treatment,Hg,True,0.0005792221706477559,False
7146661,0.4975834254143646,0.3927550644567219,1.7076617142857142,0.4118133333333333,1.266905179447263,4.14668874478497,0.305522130408406,1.2156416312800489,0.0,0.0033656924826597,905.0,875.0,treatment,z6I,False,0.044434925992642337,False
716869,0.3289315118397086,0.2621056466302368,1.0203319634703196,0.9889885844748858,1.2549577472619111,1.0316923567040726,1.216406944480136,1.175493208406068,0.0,,2745.0,2190.0,treatment,sV3mR,False,0.2901644700310615,False
716890,0.396811343283582,0.3692910447761194,0.931712970711297,1.2618256624825663,1.0745219763564713,0.7383848644179637,1.4552329389951264,0.9509741864695332,0.008955223880597,-0.0704041483320675,1675.0,1195.0,control,8jB,,0.3379202076569062,False
717486,0.2103999999999999,1.4761666666666666,1.0302348623853212,1.6656743119266058,0.1425313311505024,0.6185091857445396,0.2304433538508053,1.7379528370193542,0.45,,20.0,545.0,control,Hg,True,0.9996569737992317,True
7179878,0.6486250000000001,1.6064158950617284,0.8676276150627615,2.097490237099024,0.4037715276560283,0.4136503711515489,0.9761178904106402,0.3961747238585249,0.0,-0.0191583699855089,1080.0,1195.0,control,8jB,,0.056490328769220964,False
719010,0.5585289617486339,1.2562504553734064,1.5668943722943725,1.3687561327561328,0.4446000073947176,1.1447578825742082,0.3883790748790906,1.047922655317331,0.0,-0.2087418877189128,915.0,1155.0,control,8jB,,0.03264170882149446,False
721074,0.3734353369763205,0.4897067395264117,0.548157808219178,0.753671689497717,0.7625693233004399,0.7273164374589906,1.048469804923716,0.87478242554751,0.1293260473588342,-0.1148528458796058,2745.0,1825.0,treatment,8jB,False,0.9942511774749726,True
721077,0.5234324225865209,0.9764972677595628,1.553264039408867,2.1835726600985224,0.5360306064014534,0.7113406701743482,0.7535497812462675,1.0259503160250685,0.0,-0.2742609773580748,2745.0,2030.0,treatment,8jB,False,0.058458335002394,False
7211010,0.2627797570850202,1.0046578947368423,1.520292050209205,1.1900746164574616,0.2615614314700151,1.2774762432415487,0.2047485680096192,2.1332968567256008,0.6129554655870445,-0.4049312718592971,1235.0,1195.0,treatment,8jB,True,0.9977165809857591,True
7211189,1.028990528233151,1.429271706132362,1.8085073047858944,2.3493975650713685,0.7199404590591246,0.7697749123745927,0.935261006153423,0.7508542940769084,0.0298724954462659,-0.0833155565898577,2745.0,1985.0,treatment,8jB,False,0.06558845570441604,False
7211375,0.5442185792349727,1.2438278688524589,0.9992321428571428,1.388456845238095,0.4375352835091743,0.7196710119469308,0.6079656902193507,0.5720031303634375,0.0,-0.1787414318006063,915.0,1120.0,control,Hg,,0.2850695443814802,False
725101,0.4041333333333334,0.2015742258652094,0.6001481894150418,0.5141453110492108,2.0048859500696934,1.1672734857589693,1.7175803053267356,0.6147863583380148,0.0,-0.0244119492762137,1830.0,1795.0,control,Hg,True,0.009198594080007531,False
727576,0.1432498498498498,0.6960835835835836,0.798234309623431,1.852805439330544,0.20579403569952,0.4308246795259026,0.4776746678625382,3.0349988176860063,0.7237237237237237,-0.2696133372270801,1665.0,1195.0,control,Hg,,0.9998206578490721,True
727690,0.6451132530120481,0.6506258366800535,1.606846994535519,1.6382340619307831,0.9915272598208912,0.9808409139300448,1.0108950857769872,1.0151848523503024,0.0040160642570281,,1245.0,915.0,treatment,HbsbG,False,0.03285364987250227,False
728210,0.048207650273224,0.0931293260473588,0.4346168674698795,0.953968875502008,0.5176419965576591,0.4555881000217859,1.136206140004328,7.482791771135253,0.8907103825136612,0.0109271351209069,915.0,830.0,treatment,Hg,True,0.999310655881773,True
7286748,0.0477071038251366,0.3288224043715847,0.3457526315789473,0.4831166666666666,0.1450847119627084,0.7156710903072704,0.2027254054658222,3.0840679922834786,0.8163934426229508,-0.2773717901495228,915.0,950.0,control,Hg,True,0.9989749880066351,True
731201,1.1977795918367349,2.042028571428572,3.1917603448275864,3.9146515804597697,0.5865635812327477,0.8153370176695826,0.7194124251947728,0.8214223807257026,0.0040816326530612,-0.1493952615449999,1225.0,1160.0,treatment,MqO,,0.025234879218488555,False
7374981,0.4243103825136612,0.6449687310261081,1.282256603773585,2.142306603773585,0.6578774475447947,0.5985401909861747,1.0991366285041844,1.7935841179484098,0.3894353369763206,-0.0795881768192714,2745.0,2120.0,treatment,MqO,True,0.9997584218723509,True
738311,0.6603984790874524,0.8361571609632447,1.2518778242677824,1.4778960948396094,0.789801857735309,0.8470675500388571,0.932395365279993,0.5453908347955359,0.0038022813688212,-0.1591470788328461,1315.0,1195.0,control,8jB,,0.021129950104311974,False
738870,0.8425748633879782,1.0076621129326049,1.9927,2.62462380952381,0.8361680493631222,0.7592326156492267,1.101333151563974,0.8224903881974418,0.0,-0.130135494234397,915.0,700.0,control,8jB,,0.02701652586524192,False
7411010,0.6009879781420765,0.4607135701275046,1.19572739965096,1.3357553810354856,1.304472056196978,0.8951694424199322,1.4572347919635955,0.6023180717057078,0.0,-0.0531154509476839,3660.0,2865.0,treatment,Hg,False,0.5828810145202659,True
7411491,0.6415442622950819,0.3199356405585913,1.295686215538847,1.0456766917293232,2.00522911787814,1.2390887410869438,1.618309529726764,0.9509439248771842,0.0036429872495446,-0.0464151609203883,2745.0,1995.0,treatment,8jB,False,0.15745552878897928,False
741169,0.673496,0.8815599999999999,1.0873698744769875,1.4185327754532775,0.7639820318526249,0.766545470991694,0.9966558550848228,0.6678865935550943,0.005,-0.1415739281778524,1000.0,1195.0,control,Hg,,0.012272531382341207,False
7412010,0.7834754098360657,1.1115582877959926,1.3295276450511944,1.9454345847554035,0.7048441979498417,0.6834090724352748,1.0313649999380086,0.7742964817895048,0.0,-0.0859962949754886,1830.0,1465.0,treatment,MqO,,0.02686519215795939,False
7437311,1.4418913705583756,1.096859560067682,2.150808368200837,1.992507670850767,1.314563343432411,1.0794479738602354,1.2178107470352415,0.5692456182890122,0.0,-0.0643307959489086,985.0,1195.0,control,Hg,,0.09594763794237293,False
7474976,1.077825774877651,0.5460271886895052,2.038468196721311,1.691081420765027,1.973941586067337,1.2054228564578102,1.6375511510274945,0.7552429307661286,0.0065252854812398,,3065.0,1525.0,treatment,HbsbG,True,0.23593278870112425,False
747510,0.6648834782608696,0.6829937198067633,1.713760669456067,2.176060669456067,0.9734840291781636,0.7875518791874687,1.2360887643141991,1.0830646721077182,0.001159420289855,-0.213232584688303,1725.0,1195.0,control,Hg,,0.06940712367141144,False
747511,,,,,,,,,,,,,treatment,wDD,False,0.039095993429459505,False
7510211,0.4568912568306011,0.7456020036429873,0.7317370967741936,3.327153225806452,0.6127816913021226,0.21992888427819,2.786271995664788,1.7284343978424013,0.2038251366120218,-0.2003714526171566,1830.0,1240.0,control,8jB,True,0.9994929651102245,True
751078,0.5019158469945355,0.5424007285974499,1.8097159420289852,1.6332089371980676,0.925359831821021,1.108073744155315,0.8351067216437144,1.439199310090223,0.0,-0.2260659813930683,915.0,690.0,control,Hg,,0.046559843821295036,False
751108,0.5645890710382513,1.5215482695810565,1.6421321100917432,2.340571865443425,0.3710622149330204,0.701594398504247,0.5288842324341537,1.0202082206480827,0.0,-0.2377564805692894,915.0,1090.0,treatment,Hg,False,0.042727728830733544,False
7569701,1.2862711764705883,1.1579372549019609,2.416246861924686,2.0783221757322177,1.110829771669703,1.162594948049098,0.9554744526748034,0.7462814500177624,0.0,-0.1633606660332072,1700.0,1195.0,control,Hg,,0.07531658616892882,False
757271,0.6930120218579235,0.6505245901639345,1.7229703703703705,1.8196197530864195,1.065312568250928,0.9468848463795176,1.1250708809252017,1.133874806759137,0.0,-0.2745318216168149,915.0,675.0,treatment,8jB,False,0.13968735398771087,False
759747,0.0878071428571428,0.4920107142857142,0.7047512605042017,1.3688088235294118,0.1784659161022916,0.5148646387937742,0.3466268658892596,3.13518248226512,0.8014285714285714,-0.1309523426187704,1400.0,1190.0,control,8jB,True,0.9961553722509344,True
760117,1.6223340619307831,0.6237568306010928,2.086034877384196,1.7118133514986376,2.600907889645707,1.2186111736761136,2.1343213863694515,0.4293559838444169,0.0018214936247723,-0.1578848763012058,2745.0,1835.0,treatment,8jB,False,0.14470671782940672,False
761079,0.4093064083457526,0.6948812717337308,1.665937394957983,2.260611344537815,0.5890307092671125,0.736941092940762,0.7992914425718705,0.9696252792404833,0.0029806259314456,-0.193717019004656,3355.0,2380.0,treatment,Hg,False,0.011097290949071106,False
761118,0.5840474074074073,0.6580666666666667,1.0351882845188285,2.395311715481172,0.8875201206677247,0.4321726804191242,2.0536238426894573,2.36244726607114,0.6955555555555556,-0.3972112717616758,1350.0,1195.0,control,Hg,True,0.9999289108277306,True
7612088,0.5216689138576779,0.5176117353308364,0.923889075630252,1.14678081232493,1.00783826611707,0.8056370194729734,1.2509830627897056,0.6642924521687414,0.0179775280898876,,1335.0,1190.0,control,sV3mR,,0.5459992517082685,True
767371,0.3249464480874317,0.2589617486338798,1.0084433333333334,1.097487037037037,1.254804811141591,0.9188658264756354,1.36560178318359,1.1086213787829953,0.0065573770491803,-0.1794539656680248,915.0,900.0,treatment,Hg,False,0.16213533207731545,False
7679818,0.0235136612021857,0.1777764116575592,0.5650872611464969,1.8274824840764328,0.1322653606457016,0.3092162393184735,0.4277439016049754,5.574492276260358,0.9202185792349726,-0.1765508113475476,1830.0,1570.0,treatment,Hg,True,0.9997878485485593,True
768078,0.4103158469945355,0.3616174863387977,0.6400652173913043,1.5467983091787436,1.1346681576402324,0.4138000498146007,2.742068683047791,1.041340833071885,0.0,-0.2347515705570943,915.0,690.0,control,Hg,,0.5491448792662054,True
768113,0.4499788944723618,0.30285594639866,0.9014150417827298,1.3145612813370473,1.485785238240093,0.6857154965540257,2.166766313006945,0.6802202864045519,0.0090452261306532,-0.175000081846749,1990.0,1795.0,treatment,wDD,True,0.6214317278218482,True
768498,,,,,,,,,,,,,treatment,Hg,False,0.04479904569585629,False
771031,0.4456588588588588,0.9997412412412412,1.0005623430962345,1.2193884239888424,0.4457742068393073,0.8205444003012691,0.5432664054201551,0.939337858008638,0.1975975975975976,-0.1255579448457099,1665.0,1195.0,control,8jB,True,0.9986910953483659,True
7710311,0.0133945355191256,0.3348852459016393,1.1815674418604651,1.4308325581395347,0.03999738920436,0.8257901563246639,0.0484352942427601,10.336725513155788,0.9672131147540984,,915.0,1075.0,control,HbsbG,True,0.999625647972489,True
771036,0.4540029126213592,0.4082435275080907,1.281147280334728,1.5570348675034869,1.1120884521858383,0.8228121971275374,1.3515702077195415,1.3163236095046738,0.1970873786407767,-0.2660975635310223,1030.0,1195.0,control,wDD,,0.9826898421826876,True
7710511,1.62644116575592,1.2299532483302975,3.8136207188160673,3.5311560958421424,1.3223601530902642,1.0799921089035176,1.2244164954434855,0.7745106622495079,0.0,-0.1414227822679366,2745.0,2365.0,treatment,z6I,False,0.16897027076954876,False
7710710,0.5654109289617486,0.6054107468123862,1.3213112903225803,1.6531895161290322,0.933929455231436,0.7992497396284308,1.1685076752926031,0.5610195910974654,0.0,-0.1105683135270473,915.0,620.0,control,Hg,,0.35183407869935074,False
7747482,0.341279781420765,0.6495428051001821,1.163027777777778,1.955188657407408,0.5254153825445389,0.5948417168704119,0.8832860366768833,0.9036409473277024,0.0,-0.2402920680003485,915.0,720.0,treatment,8jB,False,0.011037486703471579,False
775840,0.8786163934426229,0.7498970856102003,1.580788717948718,1.998321367521368,1.1716492973534924,0.7910583070577185,1.4811162298659797,1.8438765787669469,0.0,-0.0628789434071298,915.0,975.0,control,Hg,,0.4342095860256025,False
7771161,1.7798316326530612,1.8750454931972789,3.8326533707865167,4.111919943820225,0.9492205064412268,0.932083655117504,1.018385529270506,0.6693510990885556,0.010204081632653,-0.0453912156931993,1960.0,1780.0,treatment,8jB,False,0.04595747307601959,False
778721,1.1464781512605042,0.7260157563025211,2.323660724233983,1.216389972144847,1.5791367354054806,1.9102925685392635,0.8266465364585455,0.7341392039734699,0.0,-0.1212404021999168,2380.0,1795.0,treatment,Hg,False,0.1322161160104834,False
7810010,0.1508173374613003,0.5294638802889577,1.0596594142259412,0.8423905160390517,0.2848491522764327,1.2579194495309554,0.2264446681245332,2.113813880297619,0.6445820433436532,-0.3864951292920639,1615.0,1195.0,control,8jB,True,0.998014954226203,True
781011,0.4195842565597668,0.7158838678328475,1.4289723849372384,0.4101408647140865,0.5861065955152044,3.4841014584913164,0.1682231710235556,1.2923917811039671,0.0927113702623906,-0.2176767904502265,1715.0,1195.0,control,8jB,,0.27274931058907403,False
781099,0.4539131147540983,0.3573661202185792,1.377970947368421,1.4573168421052631,1.2701626961069146,0.9455534359829276,1.3433008096327703,1.069236040025796,0.0,-0.1788388429110831,3660.0,2375.0,treatment,wDD,False,0.26659080665413976,False
7811599,0.0299713310580204,0.8044323094425484,0.9390928870292886,1.7410055788005578,0.0372577415230746,0.539396828168847,0.0690729710991401,5.1421946551778746,0.9242320819112628,-0.2557755882313738,1465.0,1195.0,control,8jB,True,0.9932523121992655,True
7846661,0.4173092896174863,0.2569936247723133,0.4773512437810945,0.2693067993366501,1.623811835749648,1.7725183506576678,0.9161043862519987,0.6408005407286648,0.0,0.0008969651857753,915.0,1005.0,control,Hg,,0.062260183656912264,False
7873107,1.8453252225519283,1.4528214638971315,3.1447531380753144,2.1929100418410044,1.2701665472383117,1.434054784771387,0.8857168922181714,0.7537996634799851,0.0,0.0436085709150724,1685.0,1195.0,control,Hg,,0.02450837572281007,False
7873786,0.0694218430034129,0.5230540386803186,1.0779795555555554,1.6441125925925923,0.1327240358922883,0.6556604215625496,0.2024280123176941,4.361726049938777,0.8621160409556314,-0.2158531166126998,1465.0,1125.0,control,8jB,True,0.9997947598064209,True
7878467,0.3802021857923497,1.2348378870673953,2.42288,1.7129351351351354,0.3078964370742529,1.4144610325882865,0.2176775676250628,3.05005616457023,0.5912568306010929,-0.0624111714116449,915.0,925.0,control,Hg,True,0.9994938237446174,True
788488,0.3392164285714286,0.4342898809523809,1.4340537444933918,1.609689427312775,0.78108296658338,0.8908884659119675,0.876746075934226,1.1601354710499725,0.0107142857142857,-0.0545868620019619,1400.0,1135.0,treatment,MqO,False,0.0018620613091701026,False
7906883,0.176277037037037,0.7739419753086421,1.0898757396449703,1.3823007889546348,0.2277651848082527,0.7884504938098089,0.2888769638632436,3.495783750175377,0.8192592592592592,-0.2929372764272818,675.0,845.0,control,8jB,True,0.9982962166030133,True
796869,0.3276101694915254,0.3612733835530446,0.8238428969359333,0.8924094707520891,0.9068206638129582,0.9231669137729224,0.9822932887692452,1.469289931519677,0.087758945386064,-0.1836183249350889,2655.0,1795.0,treatment,8jB,False,0.528474379410868,True
7984107,0.9460364556962024,0.963203375527426,1.5896026666666667,1.683803703703704,0.982177263631553,0.944054620601064,1.04038181922802,1.4434685384811812,0.0081012658227848,-0.0237892487237128,1975.0,1125.0,treatment,MqO,False,0.027653203117884145,False
801001,1.2675303571428571,0.5320367063492063,1.1728899159663866,1.70334593837535,2.382411480291557,0.6885799822231579,3.459890705215789,0.4834947604672961,0.0083333333333333,0.0569168935128817,1680.0,1190.0,control,8jB,,0.7604740870420713,True
801031,0.4092653421633553,0.4523325974981604,1.5657770773638968,1.9697034383954155,0.9047885216033316,0.7949303671010646,1.1381984624677195,1.131567007209093,0.0198675496688741,-0.2527733366962742,2265.0,1745.0,treatment,8jB,False,0.02420010702708921,False
8010411,0.5246316939890711,0.8938287795992714,1.7692520408163266,2.4607568027210887,0.5869487601688974,0.7189869550944243,0.8163552287145649,1.5618958462994208,0.0,-0.1238595556129,2745.0,1960.0,treatment,z6I,False,0.008161044093661106,False
801209,1.336049027237354,1.406156939040207,2.447363025210084,2.618612745098039,0.950142185515433,0.9346028845966136,1.0166266348787554,0.9969772821422348,0.0,-0.072926671749884,1285.0,1190.0,control,Hg,,0.048522901136702434,False
8061051,0.9589584699453552,1.0924143897996357,1.0512828451882843,2.156921896792189,0.8778339784788461,0.4873995886229214,1.8010560512762062,1.0240564799359142,0.0,-0.0772625908085118,915.0,1195.0,control,8jB,,0.5939661808989285,True
807356,0.023930909090909,0.4288878787878788,0.5802302521008404,0.9428221288515406,0.0557975878417047,0.6154185761503325,0.0906660767225114,5.131315746425998,0.9272727272727272,-0.283749342896733,275.0,595.0,control,8jB,True,0.9993558728178001,True
8079897,0.950139423076923,1.5057644230769232,2.2297238493723848,2.37368479776848,0.6310013761218904,0.9393512784294554,0.6717416483180718,0.4416965017888131,0.0,-0.3242365511467,1040.0,1195.0,control,8jB,,0.4661883744901952,False
808112,0.701244262295082,0.9692556921675772,1.4175151260504202,1.6065241596638655,0.7234873810509868,0.8823490873283898,0.8199559465081893,0.6985454308459376,0.0013661202185792,-0.1713953155082244,3660.0,2380.0,treatment,z6I,False,0.010902224718730424,False
808410,,,1.0234415584415584,1.5820800865800864,,0.6468961761941442,,,,,0.0,385.0,treatment,Hg,True,0.8580165231447723,True
8087988,1.047551912568306,0.9439071038251368,1.9859380281690135,1.5712652582159623,1.1098040350826408,1.263910099064926,0.8780719735554792,0.7536388618020742,0.0,-0.1919501567799653,915.0,710.0,treatment,MqO,False,0.07149307007721123,False
810510,1.3382,1.3505,0.7095109489051095,1.0472445255474452,0.9908922621251388,0.6775026573036644,1.462565868108484,0.082894041247467,0.0,,5.0,685.0,control,8jB,True,0.10734658942195174,False
811080,0.5695386666666666,0.7844422222222222,2.3243030640668523,2.3232604456824517,0.726042849979745,1.0004487737852803,0.7257171671396049,1.5815624737511895,0.0038095238095238,-0.2201932794368016,2625.0,1795.0,treatment,8jB,False,0.15353136169720522,False
8111796,0.473688524590164,0.2199153005464481,0.847664705882353,0.5893935574229692,2.153958926064431,1.4381981194172428,1.4976788642563474,1.1657317888327992,0.0,-0.0619600142125936,915.0,1190.0,control,8jB,,0.2584940579512012,False
8112146,0.8314428571428572,1.260469474969475,1.5582082051282051,1.6614995726495727,0.6596295060322602,0.9378324441235636,0.7033553916432337,0.6166598278617189,0.0,-0.1752184483483534,2730.0,1950.0,control,8jB,,0.20581873953255986,False
812127,0.1456765217391304,0.2149318840579709,0.5850092050209205,1.4995592747559274,0.6777799505067329,0.390120760725606,1.737359348028786,4.651232339194397,0.9281159420289856,-0.0796764941401922,1725.0,1195.0,control,8jB,True,0.9996215766852118,True
812183,0.3934188405797101,0.5654565217391305,0.8427788235294117,1.7307392156862746,0.6957543603347301,0.4869473204807646,1.4288082736502372,1.0083096180350333,0.0,-0.1662054217731712,690.0,425.0,control,Hg,,0.2542139093578506,False
815461,0.1618089719626168,0.4567722741433021,0.8495509523809524,1.948606349206349,0.354244294415849,0.4359787459006111,0.8125265227874322,2.072446507774939,0.6848598130841121,-0.1141686321588269,2675.0,2100.0,treatment,8jB,True,0.9988821960606147,True
816910,0.8314655737704917,0.8432586520947177,2.1092,2.500375901875901,0.986014874208606,0.8435531627134853,1.168882908383461,1.0071271282988596,0.0,-0.1495996669252727,915.0,1155.0,treatment,MqO,False,0.09492023324256949,False
817178,0.829548051948052,1.4091536796536797,1.5183368421052632,1.6102719298245614,0.5886852966611319,0.942907104063278,0.6243301107015793,0.8653177242386647,0.0103896103896103,-0.0643380319334995,385.0,570.0,control,MqO,True,0.0013522089201740283,False
8190108,0.6127612021857923,1.2994754098360657,1.3015429629629631,2.99034012345679,0.4715450539099426,0.4352491386359082,1.0833911248803103,0.7001306453370705,0.0,-0.2203381434523076,1830.0,1350.0,treatment,8jB,False,0.14327083425545553,False
821088,0.6237417624521072,0.54972030651341,1.3976857938718663,1.3783384401114205,1.1346529408894803,1.014036722184779,1.118946598348854,0.7451359100793559,0.003831417624521,-0.178420131017298,2610.0,1795.0,treatment,8jB,False,0.0022793163400106164,False
8212283,0.2683945355191257,1.97853233151184,1.8728006097560976,2.641079268292683,0.1356533483150308,0.7091042787847724,0.191302397085386,2.555815239806971,0.7038251366120218,-0.4313972953615178,1830.0,1640.0,control,8jB,True,0.9991091861971212,True
823761,0.4530654696132596,0.9582969613259668,1.133912714776632,1.7523247422680412,0.4727819119726379,0.6470905120639935,0.7306271737235464,0.8369558322206376,0.0027624309392265,-0.1303065238274281,3620.0,2910.0,treatment,Hg,False,0.0043408005830564,False
826780,0.1039841530054644,0.1744285063752277,0.8852840909090909,0.6782017045454546,0.596141967653931,1.3053404097567514,0.4566946393431744,2.9325087494235884,0.812568306010929,-0.2772918626565575,1830.0,1760.0,treatment,Hg,True,0.9972854320677443,True
827183,0.4042284153005465,1.632556466302368,1.3989764705882357,2.443782679738562,0.2476045537439186,0.572463534579883,0.4325245867854789,1.063712501779161,0.0,-0.2249957131875396,915.0,1020.0,control,8jB,,0.019695886152820495,False
8272971,0.468589108910891,1.718696369636964,0.7600462184873948,2.686306022408964,0.2726421706527896,0.2829335943660723,0.9636260100666336,0.6526740105396838,0.0049504950495049,-0.0263398621623601,1010.0,1190.0,control,wDD,,0.010390662035973634,False
8280779,0.7556011527377522,1.012655619596542,3.0943196652719664,3.52723709902371,0.7461580601693552,0.8772644362717864,0.8505509049704449,1.1531935434511529,0.0,-0.3080364704081169,1735.0,1195.0,treatment,8jB,False,0.049744511329679844,False
828110,0.6440371584699454,0.8044471766848816,1.6353380281690142,1.8376208920187795,0.8005959584866911,0.8899213299498676,0.8996255416552286,0.9397109693440407,0.0,-0.2591084692507658,915.0,710.0,control,8jB,,0.01392791014164297,False
828710,0.0400215488215488,0.5673462401795735,0.655418410041841,1.1825404463040443,0.0705416657187706,0.5542460827367975,0.1272749919502267,3.86869964813588,0.8861952861952862,-0.3014059070177806,1485.0,1195.0,control,8jB,True,0.9988679075232586,True
8312167,0.631464480874317,0.609207650273224,1.579029411764706,1.5992990196078432,1.0365340628784143,0.9873259424318864,1.0498397928502954,0.874042688558857,0.0,-0.2118618810364644,915.0,1020.0,control,Hg,,0.09300560632537454,False
838351,0.5160557377049181,1.0107613843351548,1.0698596774193547,2.010612903225806,0.5105613903565998,0.5321062426799724,0.9595102432648388,1.989099720912156,0.0,-0.0308821385475263,915.0,620.0,control,Hg,,0.09892724136447532,False
8399121,0.5833819672131147,1.4746256830601092,1.3164865497076024,2.451713450292398,0.3956135946327029,0.5369659123706298,0.7367573723369588,1.0646969187852555,0.0040983606557377,-0.148953305649617,1220.0,855.0,treatment,MqO,False,0.0013524434380368829,False
8410090,0.7419551912568306,1.3968533697632055,1.5199849372384937,2.349933054393305,0.5311618293784169,0.646820527247282,0.8211888878031104,0.8782360388612219,0.0,-0.0422918037992769,915.0,1195.0,control,8jB,,0.012503903757074546,False
841087,0.0489049180327868,0.3291821493624772,1.078665714285714,2.089542063492064,0.1485649149794434,0.5162211056345222,0.2877931827231905,4.164653465107946,0.8939890710382513,-0.3030090100342393,915.0,1050.0,control,Hg,True,0.9990177524087847,True
841184,0.4336914675767918,1.030914675767918,1.527729707112971,3.885374476987448,0.420686093399281,0.3932001191034504,1.0699032705241858,2.137028181317955,0.630716723549488,0.0423481067673546,1465.0,1195.0,control,8jB,,0.9990711348103675,True
841211,0.4708243767313019,0.4759044321329639,1.9318351464435148,1.9087754532775447,0.9893254715471052,1.0120808831266004,0.9775162124303768,1.2147264182323907,0.1750692520775623,-0.2190505333629446,1805.0,1195.0,treatment,Hg,True,0.9813622427817829,True
847111,0.3953701657458564,0.6747965009208102,1.189263725490196,0.8948839869281046,0.5859102191643618,1.3289585497809808,0.4408792277689344,1.13247043823894,0.2718232044198895,-0.3620899206157503,905.0,1020.0,control,Hg,True,0.953343562040892,True
847480,0.0080524590163934,0.1797604735883424,0.1819104761904761,0.1716992063492063,0.0447954928892424,1.059471852307237,0.0422809655506091,4.666942826967086,0.9530054644808744,-0.2325057403516187,915.0,1050.0,control,Hg,True,0.9934416697241775,True
847678,0.0657464480874317,1.5527085610200364,1.0279563318777292,2.742592430858806,0.0423430705143019,0.3748119189389866,0.1129715155114763,4.702532986954668,0.8907103825136612,-0.2575336915107136,915.0,1145.0,control,8jB,True,0.9996956334253111,True
8478885,1.0534822822822822,1.22065015015015,1.7571765690376568,1.909481868898187,0.8630501394299548,0.9202373678738236,0.9378560027658974,0.7071670348627469,0.003003003003003,-0.1143404715284718,1665.0,1195.0,control,8jB,,0.02369197610667867,False
850210,0.9919562841530056,0.8827486338797814,1.8375322175732216,1.6837754532775453,1.1237131909151123,1.0913166681438324,1.029685721584718,0.6272890898357042,0.0,-0.2026122392304571,915.0,1195.0,control,8jB,,0.10865703411622044,False
851017,0.2358651465798045,2.7566655808903366,1.518413389121339,4.338902370990238,0.0855617555552842,0.3499533428715525,0.2444947513665813,2.8535293507760207,0.6801302931596092,-0.2356456620162011,1535.0,1195.0,control,8jB,True,0.9992746374441676,True
851058,0.0953978142076502,0.5040874316939892,2.735738053097345,3.8296526548672567,0.1892485473939814,0.7143567053321109,0.2649216364617142,2.932473074169806,0.8131147540983606,-0.3677875352668552,915.0,1130.0,control,8jB,True,0.9993503319574566,True
8566105,0.6070382513661203,0.4291939890710382,1.1365751552795031,1.0488364389233955,1.4143680173154665,1.0836533830252593,1.305184886118238,0.9698078850626796,0.0,-0.1608795444968329,915.0,805.0,control,Hg,,0.2601348223958053,False
856765,0.4610207650273224,0.7450391621129326,1.076230125523013,1.5964281729428174,0.6187872912879728,0.6741487927634827,0.9178794027820312,0.8195964283041304,0.0,-0.0939750504352763,915.0,1195.0,control,8jB,,0.037580294476330385,False
856810,0.0148703096539162,0.5476678809957498,0.1790886917960089,0.8253562453806356,0.027152057241114,0.2169835059688889,0.125134199117453,5.4069304755094905,0.9420765027322404,-0.193726345008303,2745.0,2255.0,control,Hg,True,0.9997575482929549,True
858577,0.4178575645756457,0.9699757072570724,1.3829949874686716,1.9283868003341689,0.4307917831852474,0.7171771696575674,0.6006769336939976,1.2154959924856985,0.0092250922509225,-0.2607411006227258,2710.0,1995.0,treatment,8jB,False,0.2075131559104435,False
859770,0.7159245901639343,0.57968897996357,2.2614428571428573,2.1046593915343914,1.2350150078908275,1.0744935100848616,1.1493927104252943,1.0690524623145456,0.0,,1830.0,1260.0,control,HbsbG,,0.13121611698300364,False
861116,0.4044546528803545,0.1467240275726243,2.025226947368421,0.7714347368421053,2.7565672751190027,2.6252732093174305,1.0500115817796003,2.296608859008475,0.0091580502215657,,3385.0,2375.0,treatment,ceOxS,True,0.010078262169745555,False
861151,0.3684262295081967,0.3415145719489982,0.488695,0.3779388888888889,1.0788009056410557,1.2930529627070808,0.8343052734533966,0.6519443234048035,0.0,,915.0,600.0,control,ceOxS,,0.09169007503498441,False
8611610,0.4614683060109289,1.710257285974499,1.043098127340824,4.092412609238452,0.2698239088325156,0.2548858648773765,1.058606796270659,0.9357047212561336,0.0,-0.0588350474248493,1830.0,1335.0,control,Hg,,0.020977728289902863,False
8611772,0.5097261627906977,1.2621434108527132,0.905690243902439,1.6534349593495936,0.4038575635761732,0.5477628489594217,0.7372854225936943,1.49584828349481,0.2203488372093023,-0.026973404341071,1720.0,1230.0,control,8jB,True,0.9469455755992198,True
8612210,0.0655367999999999,0.5384866666666667,1.1767531380753136,1.5777384937238492,0.1217055204090475,0.7458480240904105,0.1631773719015639,4.8390773532087055,0.92,-0.2652935077530992,1250.0,1195.0,treatment,8jB,True,0.9991373520157305,True
865116,0.0771847411444141,1.0056848319709355,1.084272727272727,2.0382314049586774,0.0767484391637367,0.5319674324685961,0.1442728153631237,2.98122672689098,0.7727520435967302,,1835.0,1210.0,treatment,HbsbG,True,0.9995325320605017,True
8673111,0.4515693989071038,1.086376138433515,0.84042,1.72745,0.4156657928424661,0.4865090161799184,0.8543845622970871,0.7949635952309843,0.0,-0.1877739198685203,915.0,1150.0,control,8jB,,0.05649154148753034,False
8681127,0.2844305927342256,0.4954231994901211,1.0085744680851063,1.1835581560283688,0.5741164180986186,0.8521545501993327,0.6737233497894525,1.1820011544903468,0.0038240917782026,,2615.0,1175.0,control,ceOxS,,0.05450695516784615,False
868122,0.40265,0.4210680952380952,1.3685388794567062,1.5084221844934915,0.9562586302634004,0.9072651499860056,1.0540012809685797,1.0594163436604327,0.01,-0.1798644671748022,3500.0,2945.0,treatment,Hg,False,0.02175662906196899,False
8701118,4.54304424131627,3.490796465569775,5.132290094339623,3.7494878144654087,1.3014348691265634,1.3687976460516569,0.9507868989113156,0.4229544248088813,0.0,-0.2352423634917961,2735.0,2120.0,control,8jB,,0.037998079332037554,False
872117,1.1592544747081712,1.2516005188067445,2.1852234309623437,3.9829128312412823,0.9262176367691072,0.5486495747086974,1.6881770796247817,1.4723790030178296,0.1750972762645914,-0.1810341063833766,1285.0,1195.0,control,8jB,True,0.985959243716018,True
876790,0.7382371134020619,0.7107259450171822,1.463940947075209,2.4879080779944287,1.038708546631451,0.5884224421407611,1.7652429143465154,0.4764221965090868,0.0025773195876288,-0.1580372671128707,1940.0,1795.0,treatment,Hg,False,0.0840327060728404,False
8773113,0.339631693989071,1.0242322404371584,1.3841223214285714,2.127718005952381,0.3315963709989357,0.6505196259825929,0.50974076377491,1.222600335857072,0.0,,915.0,1120.0,treatment,HbsbG,False,0.012302103673920746,False
878751,0.0579923497267759,0.5166630236794172,1.2726588235294116,1.9080238095238091,0.1122440489620938,0.6670036386218013,0.168281014469454,3.270685821693622,0.8644808743169399,-0.3157576603858857,915.0,595.0,control,Hg,True,0.9997138439460468,True
879894,0.2536065573770492,0.5836293260473588,0.760264705882353,1.7214705882352943,0.4345336090196231,0.4416367674696736,0.9839162882865312,2.4893840074666755,0.5617486338797815,,915.0,850.0,control,ceOxS,,0.9993506155476787,True
881223,0.4541380692167577,1.275728293867638,2.4982609603340293,3.795661447459986,0.3559833793761388,0.6581885647377317,0.540853181668368,1.4062062825718755,0.0,,2745.0,2395.0,treatment,sV3mR,False,0.1799778028475492,False
884673,2.113388785046729,1.2500228452751816,3.257653556485356,1.312084379358438,1.6906801287951538,2.48280797160182,0.6809548495626857,0.4677612028941108,0.0,-0.188449304338268,1605.0,1195.0,control,8jB,,0.2327092052734796,False
8877761,0.545620987654321,0.4693091563786008,1.0234778242677824,1.0600627615062763,1.1626046077271883,0.9654879516883424,1.2041627300414777,0.8407850291161183,0.0728395061728395,-0.1227315650147137,1620.0,1195.0,control,Hg,True,0.690653644302069,True
887911,0.9734748251748252,1.225371212121212,1.911338075313808,2.201241283124128,0.7944325895249857,0.8683001222842445,0.914928570360056,0.7469805435402076,0.0034965034965034,-0.1749877962280913,1430.0,1195.0,control,8jB,,0.008837705793483521,False
888888,0.6847590443686007,0.3484971558589306,1.0938108786610876,0.6697761506276151,1.964891342314962,1.6330991744572123,1.203167188525477,1.5051411106948327,0.0034129692832764,-0.150411472324696,1465.0,1195.0,control,8jB,,0.04439911912767149,False
8910784,0.7728620915032679,1.4387151416122006,1.2907196652719664,2.9407036262203627,0.5371890995998078,0.438915249317697,1.2239016539864576,0.4691282246664254,0.0032679738562091,-0.1646110546128531,1530.0,1195.0,control,8jB,,0.08461159503627454,False
8910987,0.5382108527131783,0.821171834625323,1.8086133891213387,2.023055788005579,0.6554180623581036,0.8940007486913412,0.7331292096986716,1.253970833171908,0.0,-0.3370890647847746,1290.0,1195.0,control,wDD,,0.08327716530395086,False
897166,0.417255737704918,0.3981466302367942,0.6354391304347826,0.9133695652173912,1.0479951505724383,0.6957086754730454,1.5063706800261714,0.8923063476553961,0.0,-0.025833170146678,915.0,690.0,control,Hg,,0.5267140235588721,True
8971777,0.7035224043715846,1.9602044626593804,1.323346278317152,3.2198608414239485,0.3589025623465453,0.4109948670116801,0.8732531502305737,0.6051549838665938,0.0,-0.1863199739204761,1830.0,1545.0,control,Hg,,0.09702186159982,False
897237,0.8015612903225806,0.9774354838709676,3.152403908794788,3.1458811074918565,0.820065675483903,1.0020734417735615,0.8183688353544981,1.5294680928529056,0.3473118279569892,-0.3470896812563828,930.0,1535.0,control,Hg,True,0.9993600321681213,True
897410,0.4950461059190031,0.4605763239875389,1.5197411764705882,1.2775728291316526,1.074840542460009,1.1895534577888087,0.9035664058830674,0.8858551947717744,0.0093457943925233,-0.1808908207487474,1605.0,1190.0,control,8jB,,0.09367736676395377,False
8985109,0.5345551912568307,0.7123533697632058,1.3616458015267177,1.4067226463104323,0.7504073314547846,0.9679561248964444,0.7752493239660693,0.9468517501180986,0.1180327868852459,,915.0,655.0,control,HbsbG,True,0.6747370336637435,True
9011578,0.7035554054054054,0.8894296171171172,1.2289974895397489,1.4657266387726635,0.7910186392103958,0.8384902457451809,0.9433844260256168,0.5832971525466117,0.0,-0.1407688920058122,1480.0,1195.0,control,8jB,,0.05137014514741081,False
901207,0.2903014084507042,0.1224536384976525,0.5795832635983265,0.9308131101813112,2.370704635748894,0.6226634082167479,3.807361416239922,0.6383362393881092,0.0,-0.0449830074929326,1420.0,1195.0,control,8jB,,0.7872977190286057,True
9073879,,,1.1720279999999998,1.9117783333333331,,0.6130564300080117,,,,,0.0,500.0,treatment,8jB,False,0.8408080482335741,True
908510,0.6091224043715847,0.7489408014571949,1.6845794871794872,2.013951923076923,0.8133118174179199,0.8364546679971291,0.972332211816542,1.6479481289104927,0.4961748633879781,-0.2968961198144994,915.0,780.0,control,8jB,True,0.9983600089421701,True
9097838,0.6655883720930232,0.555670542635659,1.3327637883008356,1.30725348189415,1.1978111507153169,1.0195144298791403,1.1748839600605878,0.8739007575502264,0.0251162790697674,-0.1369323434818749,2150.0,1795.0,treatment,Hg,True,0.34841622752778695,False
9115910,0.4580977777777777,0.4685029629629629,1.3743606694560668,1.491792189679219,0.9777905669595356,0.921281582625524,1.0613373646013509,0.8907589072036698,0.0,-0.1871703541783471,1125.0,1195.0,control,8jB,,0.0767060167332237,False
966771,0.5943907514450867,1.6944682080924856,1.850630962343096,3.613921896792189,0.3507830649205336,0.512083828924406,0.6850110179369019,0.5524655672145751,0.0,-0.0422907816313661,1730.0,1195.0,control,8jB,,0.07375410346253836,False
970807,0.4954584699453552,0.541035519125683,1.2458494382022471,1.4229026217228462,0.9157595988263754,0.8755690088572445,1.0459022527779802,0.7039692153554231,0.0027322404371584,-0.1545006529791906,1830.0,1780.0,control,8jB,,0.011890305261504204,False
971044,0.8393041009463723,0.8509563617245004,2.1632326180257517,2.419640200286123,0.9863068644853724,0.8940306983533951,1.103213643896042,0.8014116870167909,0.0094637223974763,-0.1677527942096705,1585.0,1165.0,control,8jB,,0.0469546280393976,False
971071,0.7120472677595628,1.2954633424408015,1.743109710391823,2.434940942646224,0.549646790018762,0.7158735063600604,0.7677987593276124,0.5803018344364397,0.0,-0.1777894756748755,3660.0,2935.0,treatment,Hg,False,0.0334890584393156,False
9711086,0.2945970802919708,1.0379166666666666,0.7577727047146402,1.5846625310173696,0.283835003091421,0.4781918483477629,0.5935588489685071,1.0364226095285891,0.0952554744525547,-0.2010188253319526,2740.0,2015.0,control,8jB,,0.7427350405944193,True
971151,0.8215814207650274,1.733877049180328,1.7561700787401575,3.301688976377953,0.4738406458251589,0.5319005185844993,0.8908444892780889,0.8473143560176519,0.0,0.0021390258382165,915.0,635.0,control,8jB,,0.008627952072430197,False
9776611,0.7458043715846995,0.4943554948391014,1.239274739039666,1.0050080027835768,1.508639793368611,1.233099373942535,1.2234535393081116,0.6515210557600117,0.0021857923497267,-0.0465877479671987,2745.0,2395.0,treatment,8jB,False,0.011579667222905925,False
9812028,0.9918459016393444,0.7363105646630237,1.1862962962962962,1.070772633744856,1.3470483098300614,1.107888135081875,1.215870327675738,1.1291970646163698,0.0,0.0189517365625638,915.0,810.0,control,Hg,,0.03652718291262168,False
9816877,0.3927825688073394,0.4085504587155963,1.5978292887029288,2.3942963737796377,0.9614052815952572,0.6673481638284381,1.4406352391529398,1.6989218378811548,0.6422018348623854,-0.2579836567861645,1090.0,1195.0,control,Hg,True,0.9991911848206552,True
984977,0.0395752688172043,0.2040860215053763,0.8964344186046512,0.9925023255813952,0.1939146469968388,0.9032063658687464,0.2146958373243113,5.488010677357543,0.889247311827957,-0.2256107686883039,930.0,1075.0,control,Hg,True,0.9985074758370087,True
987611,0.372048,1.1182353333333337,1.276455230125523,2.1476164574616456,0.3327099304678263,0.5943590279775639,0.5597793838514481,1.3502573046409756,0.004,-0.0437230890230625,1250.0,1195.0,control,8jB,,0.02706812027903881,False
988311,,,0.5948039215686275,3.1908464052287577,,0.186409449415659,,,,,0.0,510.0,control,8jB,True,0.902261989352581,True
9889114,0.79077707948244,0.7940292667898952,2.294238333333333,2.4174041666666666,0.9959041971833064,0.9490503760059428,1.0493691613869296,0.8316171219726849,0.0077634011090573,,2705.0,1200.0,treatment,HbsbG,False,0.14593820742986124,False
9889190,0.3919771653543307,0.3893461286089239,1.0675721627408994,1.0408768736616705,1.0067575777748377,1.0256469230460643,0.9815829942577828,1.4343890875428105,0.0086614173228346,-0.1303046107358484,2540.0,2335.0,treatment,Hg,False,0.07704024221519575,False
991118,0.7535180327868853,1.8407775500910744,2.684888624787776,4.07499207696661,0.4093476872040318,0.6588696552230807,0.621287813088667,0.7002395610674744,0.0010928961748633,-0.2308496400033016,3660.0,2945.0,treatment,Hg,False,0.00274265989622315,False
991158,0.3907715846994535,0.6853588342440802,1.790997489539749,1.2313800557880057,0.570170785250703,1.4544636167536622,0.3920144709589329,2.1819985361165912,0.5770491803278689,-0.3588796663609829,915.0,1195.0,control,8jB,True,0.9993215707111501,True
995696,0.7839562841530054,1.4419653916211297,1.2951550724637682,1.9168128019323676,0.5436720525390992,0.6756815642915694,0.8046276253061929,0.7345090271204542,0.0,-0.1163016210731478,915.0,690.0,control,Hg,,0.014125369955646607,False
996610,,,,,,,,,,,,,treatment,8jB,False,0.0644894670706761,False
9970781,0.7185475409836065,0.4760464480874316,1.6628744394618835,1.9179424514200296,1.5094063696314706,0.8670095592444413,1.740933941889693,0.8436076414608764,0.0,-0.1542837760095378,915.0,1115.0,control,8jB,,0.6293908981983976,True
997610,0.3517956284153006,1.3264826958105649,0.6130363636363637,1.6041282051282053,0.2652093612124591,0.3821617010888282,0.6939715844283801,0.583448915437131,0.0,-0.134870517720148,915.0,715.0,control,Hg,,0.22840508423990957,False
9981041,0.1994965391621129,0.6821053430479659,1.285962811791383,1.92468253968254,0.2924717438374974,0.6681428159074441,0.4377383650234633,2.040878732009129,0.6134790528233152,-0.2930767355994474,2745.0,2205.0,treatment,z6I,True,0.9975694857340424,True
