Household_ID,summer_midday_mean,summer_night_mean,winter_midday_mean,winter_night_mean,ratio_summer_midday_to_night,ratio_winter_midday_to_night,seasonal_contrast,summer_midday_cv,summer_midday_zero_frac,corr_summer_midday_vs_sunshine,n_summer_midday_hours,n_winter_midday_hours,Group,Weather_ID,Installation_HasPVSystem
100105,0.10450491803278687,0.7642213114754097,1.2624165289256197,1.7071473829201103,0.1367469298010404,0.7394888933175943,0.184920870396779,2.991706715704505,0.8032786885245902,-0.3670431810170227,915.0,605.0,control,8jB,True
1001121,1.411606557377049,1.1068214936247722,1.5130096774193549,2.4028346774193547,1.2753696648536563,0.6296769776289094,2.02543480254931,0.8145540593640858,0.0,-0.23376177155869857,915.0,620.0,control,Hg,
1001188,0.03144815321477429,0.27233948928408575,0.3355698744769875,0.8186854951185495,0.11547408456057486,0.4098886281457758,0.2817206349025785,5.286472971333733,0.9053351573187415,-0.18986706689292435,3655.0,2390.0,control,8jB,
100120,0.3861535519125683,0.4022163023679417,1.250730463576159,1.6392472406181013,0.9600643972887021,0.7629907390324802,1.2582910226487463,0.8773204174722679,0.0,-0.08380856660883598,1830.0,1510.0,treatment,8jB,False
1001228,0.7221213114754098,0.8208561020036429,1.3434892857142857,1.4560267857142857,0.879717297237324,0.9227091828913077,0.9534068952047614,0.8439520350645812,0.01639344262295082,-0.022010186015472173,915.0,280.0,treatment,z6I,False
1006811,0.03131147540983607,0.9331739526411658,0.7911586206896553,2.741751724137931,0.03355373917286813,0.28855954159686487,0.11628012363474272,3.1577737246810997,0.8021857923497268,-0.27209216183742646,915.0,725.0,control,wDD,
1007079,0.6306163934426231,0.5332632058287795,0.972760975609756,0.9138634146341464,1.1825612315827052,1.0644489756701645,1.1109609371723794,0.5028179825862117,0.0,-0.16966462027389084,915.0,1025.0,control,8jB,
1009851,0.4866843866171004,1.615584262701363,0.8348371859296483,1.8005582077051927,0.30124357970863874,0.46365465018409285,0.6497154284746864,0.8460145460700677,0.0,-0.09456169276477033,2690.0,1990.0,control,Hg,
1011091,1.0150706666666667,0.5857077777777778,1.615487029288703,1.199750348675035,1.733066735971863,1.346519324685168,1.287071566074311,0.8149377491989143,0.0033333333333333335,-0.08291906922714173,1500.0,1195.0,control,8jB,
1015877,0.07162568306010929,0.7231452641165756,1.057529014084507,2.1581286384976526,0.0990474343320359,0.49002130606111105,0.2021288321689498,3.083148388470096,0.8202185792349727,-0.3646092568000137,1830.0,1775.0,treatment,8jB,True
1017510,0.11075664845173043,0.6371062537947783,1.4644004175365344,2.3511009046624913,0.17384329190309103,0.6228573238317707,0.2791061215008605,5.099378689155633,0.7697632058287796,-0.1799997448065567,2745.0,2395.0,control,Hg,True
101797,0.5790120218579236,2.0542987249544624,1.0061811594202899,2.852458937198068,0.2818538583626675,0.35274168062473427,0.799037578614133,0.9881457611572128,0.0,-0.2095095227223333,915.0,690.0,control,Hg,
1019970,0.5778688721804511,0.8026423558897242,0.8033169102296451,0.9207700069589423,0.7199581082908177,0.8724403533546738,0.8252233009654617,0.8534122974894929,0.0015037593984962407,-0.007524978485391548,3325.0,2395.0,treatment,Hg,False
1020729,0.6809680672268907,0.5354836601307189,1.342816149068323,1.1242769151138716,1.2716878551637918,1.1943820343694567,1.0647245341689577,1.1341486875452957,0.014005602240896359,-0.11445410756163546,1785.0,1610.0,control,Hg,
102106,1.0643650273224043,1.2959687310261079,2.218722346368715,2.809402234636871,0.8212891266903277,0.789748907797639,1.0399370212244352,0.9751497392907971,0.0018214936247723133,-0.0834458574673705,2745.0,1790.0,control,Hg,
102119,0.01861311475409836,0.32056967213114756,0.5921439330543934,1.3408033472803347,0.05806261905675091,0.4416336924094717,0.13147234926749363,8.529600694653558,0.9699453551912568,-0.15662614048817383,1830.0,1195.0,control,8jB,True
102310,0.733789964157706,1.0650489844683393,1.1838269565217392,1.78201884057971,0.688972972002791,0.6643178677822663,1.0371134142497662,0.92044840966837,0.007168458781362007,-0.1936170036584594,1395.0,1150.0,control,MqO,
10266,0.32615300546448084,0.6565995749848209,1.2624666666666666,2.8137773333333334,0.49673045474027416,0.44867326625703147,1.1071095429512667,2.285804088372482,0.49398907103825135,-0.17222526653430562,2745.0,1875.0,control,z6I,
103119,0.3856,0.6769890710382513,2.3094464912280706,2.564438596491228,0.5695808344566508,0.9005661100203186,0.6324697633178755,1.7326867615936326,0.6131147540983607,-0.3243961256508547,915.0,1140.0,control,Hg,
103721,0.5660261859582543,1.2186843769765972,1.585408356545961,1.6085571030640669,0.4644567507811121,0.9856089992242048,0.47123834212826443,0.8809646620318149,0.06413662239089184,-0.19627780879240195,2635.0,1795.0,treatment,8jB,False
103724,0.0803071038251366,0.4456493624772313,0.9763765690376569,1.382497907949791,0.18020244296711987,0.7062409016485228,0.25515718863986414,2.6733041569764002,0.7819672131147541,-0.34764364011663285,1830.0,1195.0,control,8jB,True
1037311,0.23348743169398908,0.289856102003643,0.577123489932886,0.6603970917225951,0.8055287781764711,0.8739037424097428,0.9217591584575077,0.9624542334709263,0.0007285974499089253,0.007964272624696202,2745.0,2235.0,treatment,Hg,False
1037610,1.8329173041894353,1.7230749848208866,2.4537246315789476,2.2594884210526316,1.063747846342257,1.085964685066112,0.9795418405134394,0.7149027833601881,0.0018214936247723133,-0.01663557524846447,2745.0,2375.0,treatment,8jB,False
1038167,0.3687049180327869,1.0522386156648453,1.2646169642857144,3.5878333333333337,0.350400481928545,0.3524737207095408,0.9941180330357046,3.0483146325003156,0.6437158469945355,-0.05762866117688278,915.0,1120.0,control,Hg,True
103991,0.296952808988764,0.3661616729088639,0.9538594142259414,1.9767677824267782,0.810988235414454,0.482534884828473,1.6806831193204539,0.9214780100370639,0.003745318352059925,-0.20106467232015238,1335.0,1195.0,control,z6I,
1041141,0.6737879781420766,1.8269881602914388,1.5128577405857742,2.6902852161785216,0.3687971234770316,0.5623410229844508,0.6558246836052527,0.5458749896015028,0.0,-0.1570873179909189,915.0,1195.0,control,8jB,
104118,0.5208312727272727,1.2788757575757577,1.3757733333333333,2.542888888888889,0.40725713161891713,0.5410277025255614,0.7527472802553504,1.0513885202655728,0.01090909090909091,-0.2609438035695955,1375.0,600.0,treatment,Hg,False
105113,0.29024229390681006,1.27868339307049,1.2454904347826083,2.614693719806763,0.2269852689725281,0.4763427644881693,0.47651667222535427,0.9286587690837976,0.0007168458781362007,-0.25683084656024596,1395.0,1725.0,control,Hg,
105210,0.5445431034482758,1.6195811781609197,0.6354766666666667,1.8560611111111112,0.3362246430071631,0.34237917214172187,0.9820242303407077,2.5373550049610634,0.004310344827586207,-0.14964005256726334,1160.0,600.0,control,8jB,
105461,0.13775956284153004,1.2549435336976322,1.6700084210526316,2.9293324561403504,0.10977351501674976,0.5700986303388085,0.19255179573315512,3.2798754541993302,0.8142076502732241,-0.3221112055453876,915.0,950.0,control,Hg,True
1056907,0.7065208459214501,0.6613066465256797,1.0874393305439332,1.2577831241283124,1.0683710040316594,0.8645682309480552,1.2357278070004043,0.4466204907365688,0.0030211480362537764,-0.17559658104200593,1655.0,1195.0,control,Hg,
105697,2.9096204158790173,2.7012227473219914,4.7535568123393315,3.808162810625536,1.0771493830946124,1.2482546174433398,0.8629244130502933,0.5274572078988014,0.0,-0.2774714443698652,2645.0,1945.0,control,Hg,
105714,0.7538778523489932,1.2487997762863534,1.4056995815899582,2.903584379358438,0.6036819245682878,0.4841256178339666,1.2469530682330545,0.7112311746416594,0.003355704697986577,-0.1028693034380408,1490.0,1195.0,treatment,Hg,False
1057211,1.0489901639344263,0.687459927140255,1.5825658914728682,2.0409302325581398,1.525892815742862,0.7754140079003341,1.96784272684817,0.7431106765565776,0.024043715846994537,-0.18034942824466094,915.0,645.0,control,Hg,True
105807,0.49828561020036427,0.8417079538554948,2.1177308176100627,2.4858378756114607,0.5919934674704409,0.8519183163098069,0.6948946350100046,1.3329305188875842,0.0,-0.1863135996013221,2745.0,2385.0,treatment,8jB,False
105900,0.6637134693877551,1.711185714285714,1.7351555555555556,3.402062962962963,0.3878675843579044,0.5100304063874098,0.7604793351541619,0.699584045144329,0.004081632653061225,-0.06745871790695251,1225.0,1125.0,treatment,MqO,False
106100,0.34608743169398903,0.7140792349726776,0.8251253968253968,1.1253968253968254,0.48466250626547236,0.7331861777150916,0.6610360655950706,0.8782942563534589,0.0,-0.19712246332867508,1830.0,1260.0,treatment,8jB,False
1061006,0.33453989071038254,0.7872531876138433,1.49698102189781,1.5273248175182486,0.4249457429627813,0.9801327161895108,0.4335593904209776,1.323277000347731,0.0,-0.2943134176019069,915.0,685.0,control,8jB,
106102,0.3103175384615384,0.3814887179487179,1.0678753138075314,1.6891429567642955,0.813438311177667,0.6321994888183663,1.286679798963538,1.4538678460106667,0.5335384615384615,-0.02772623714232223,1625.0,1195.0,control,8jB,True
106109,0.383759633027523,1.0064529051987767,1.3651817021276595,2.087117375886525,0.38129914578738244,0.6540991502922945,0.5829378399543753,1.2422575943895944,0.07302752293577981,-0.20871954032097892,2725.0,2350.0,control,Hg,
1061168,0.9419828451882845,0.6602269874476987,1.0081509202453989,0.8480373210633947,1.426756044659422,1.1888048971491374,1.20015996576134,0.40716031454456275,0.02384937238493724,,2390.0,1630.0,treatment,HbsbG,False
1061228,0.7558530054644808,1.8446648451730419,2.536511801242236,4.66014182194617,0.40975085931860794,0.5442992720300811,0.7528043493248743,2.374419275791229,0.5956284153005464,-0.1372298242007586,1830.0,805.0,control,MqO,True
106310,0.45784653465346536,1.397667491749175,0.9958700854700856,2.4540135327635326,0.32757901099958503,0.4058127928694055,0.807217063521709,0.9139862270125666,0.0049504950495049506,,1010.0,1170.0,control,sV3mR,
1065698,,,,,,,,,,,,,control,ceOxS,
1066796,0.16449398907103827,1.3067468123861565,1.1336443396226414,2.1464394654088053,0.12588053593233384,0.5281510882985607,0.2383419039007533,3.651108837295451,0.7836065573770492,-0.2440419533682569,915.0,1060.0,control,8jB,True
106691,0.47225010351966873,0.3335155279503106,0.7063799442896936,0.6311954503249769,1.415976360746921,1.1191144421684398,1.2652650233011646,0.8449828974930118,0.002070393374741201,-0.1528706065323532,2415.0,1795.0,control,Hg,
106791,0.3049785714285714,2.2650238095238096,0.8944551724137931,1.7419137931034483,0.13464696050709019,0.5134899189357722,0.26221928715981657,1.8898920215964816,0.5785714285714286,-0.3470880985283322,140.0,870.0,control,z6I,True
106841,0.351744262295082,0.42004826958105645,0.4588623188405797,0.482542270531401,0.8373900995852243,0.9509266790974733,0.880604275799679,0.7840805793208956,0.0,-0.1095563941834365,915.0,690.0,control,Hg,
1071058,1.051686972477064,0.8723620795107034,1.6505732590529247,1.5701309192200559,1.205562457582913,1.0512328869192817,1.1468081645694188,0.8068282595534492,0.004403669724770643,-0.1222654751074226,2725.0,1795.0,treatment,Hg,False
107114,0.7773048409405255,0.9818651452282158,1.6205702928870294,2.015976987447699,0.7916615074057405,0.8038634880146777,0.9848208299159441,0.8937715132921423,0.0027662517289073307,-0.11416824695508614,3615.0,2390.0,treatment,Hg,False
1073767,1.0981581651376147,0.9779908256880735,2.186527576601671,2.1284925719591454,1.1228716428551326,1.0272657773896332,1.0930682862894954,0.6778473151774799,0.0,-0.22955272068055338,2725.0,1795.0,control,8jB,
107461,0.43381437125748507,1.1084900199600798,1.169488622754491,1.3808712574850297,0.3913561362267457,0.8469208236577186,0.46209294339527485,1.1291486927045828,0.005988023952095809,-0.14549059659971494,1670.0,835.0,treatment,8jB,False
1075697,0.5811924882629108,0.41232550860719874,1.0091029288702928,0.4755,1.4095477386934674,2.1221933309575034,0.6641938404629231,0.8229887326434396,0.004694835680751174,-0.0688142378532278,1065.0,1195.0,control,Hg,
107719,0.11563406593406594,0.46163369963369966,1.1078605042016807,1.4843585434173672,0.2504887880278673,0.7463564036564285,0.3356155139832835,2.6131920087360276,0.765934065934066,-0.4198692514367064,910.0,595.0,control,Hg,True
1078861,0.13401882352941177,1.4779955882352942,,,0.09067606466229601,,,3.9201065810305034,0.77,-0.151640724936723,1700.0,0.0,treatment,8jB,True
1079731,0.7442384615384615,0.6307022144522144,1.963442677824268,1.7431352859135285,1.1800156151106225,1.126385710673789,1.0476123799588624,0.6638026794188739,0.0034965034965034965,-0.2856503561761143,1430.0,1195.0,control,8jB,
108100,0.4020981012658228,0.29874578059071727,0.9823179916317992,1.1138054393305439,1.3459540766425035,0.8819475618849774,1.5261157633519729,0.9248899937935723,0.010126582278481013,-0.12528373888766936,1580.0,1195.0,control,8jB,
1081057,0.7249074681238615,0.604424408014572,1.0644202150537634,1.0086189964157706,1.199335199756501,1.0553243780221155,1.1364611912067168,0.6050528061888857,0.0018214936247723133,-0.05180634809350732,2745.0,2325.0,treatment,8jB,False
108511,1.19382131147541,0.6993069216757741,2.246192993630573,1.9408598726114652,1.7071492852017156,1.1573184779219925,1.4750903210903228,0.7063823139595632,0.0,-0.06640389873499833,1830.0,1570.0,treatment,Hg,False
108757,0.07406229508196721,0.594136612021858,0.9659841359773371,1.8454650613786594,0.12465532940300016,0.5234366969026746,0.2381478603632905,3.5597854368704605,0.8557377049180328,,1830.0,1765.0,control,HbsbG,
108798,0.011079234972677595,0.23348087431693987,0.35213356890459363,0.6402143698468786,0.04745243054742903,0.5500244691302605,0.08627330820838632,9.137301565504796,0.9819672131147541,-0.14430941828212507,1830.0,1415.0,control,wDD,True
1088228,0.7088,0.7680464480874316,1.466116317991632,1.6982566248256625,0.9228608527062843,0.8633066973268181,1.0689837754808023,0.6948304945549226,0.0,-0.19683330711437014,915.0,1195.0,control,8jB,
108849,0.6596000000000001,1.4008333333333336,1.9732325203252032,3.1357967479674795,0.47086258179654966,0.6292603376172858,0.7482794539053355,1.3456651787134335,0.6,,20.0,615.0,control,Hg,True
108927,0.4500737967914439,0.7561729055258467,1.1887096234309624,1.3497921896792189,0.5951995813423917,0.8806612103107975,0.6758553395718855,0.9846954092980497,0.0053475935828877,-0.16791824752492385,935.0,1195.0,control,Hg,
108987,0.4465191256830602,1.6991065573770492,1.2191665271966527,2.3672663877266387,0.2627964230638732,0.5150102808528689,0.5102741301177061,1.3274969722678733,0.0,-0.254032356552355,915.0,1195.0,treatment,MqO,False
1090081,0.4653699270072993,0.21615352798053528,0.5737849122807017,0.2661301169590643,2.152960126791019,2.1560314887959877,0.9985754558683723,0.7547490464046105,0.0072992700729927005,-0.050888853574082536,3425.0,2850.0,control,Hg,
109073,0.1581016393442623,0.23087431693989072,0.5846044776119403,0.7711231343283581,0.6847952662721893,0.7581207871828746,0.9032798966202235,1.045127798145432,0.0,-0.16470470651430127,915.0,670.0,control,8jB,
109104,0.9072648451730418,1.7714656952034002,1.8480668181818183,3.138048484848485,0.5121549051893265,0.5889223277157392,0.8696476276860287,0.5681843064096689,0.0,0.010795738127547303,2745.0,2200.0,treatment,Hg,False
109107,0.9610207650273225,0.665244990892532,1.8657715481171546,1.1369225941422594,1.4446118019437624,1.6410717473028746,0.8802855842945337,0.7007626847221898,0.0,-0.13412362356606364,915.0,1195.0,control,8jB,
109111,0.3558089020771513,1.1059203758654799,1.396073640167364,1.6604944211994421,0.32173103040867623,0.8407578022206925,0.3826679093062098,0.8693635316744313,0.002967359050445104,-0.14840511564080242,1685.0,1195.0,control,8jB,
1091217,0.4643522900763359,0.5187604961832062,1.0819498607242342,1.2823635097493038,0.89511883324351,0.8437154149339062,1.0609250671491295,0.9827264487821562,0.003816793893129771,-0.1287398822654488,2620.0,1795.0,treatment,8jB,False
109677,0.7796371584699454,1.294768670309654,1.2759375886524822,2.0191985815602833,0.6021439785714688,0.6319029739346065,0.9529057520051848,0.6059998378742102,0.0,0.13840642635733771,915.0,705.0,control,Hg,
109711,0.07839289617486339,0.7544071038251365,0.6669154811715482,1.422776150627615,0.10391325290732419,0.46874238148942715,0.22168520921266008,4.23722323383927,0.8666666666666667,-0.2934142010561808,1830.0,1195.0,treatment,8jB,True
109879,1.141472131147541,0.8136666666666666,1.7378159574468086,2.375605496453901,1.4028743930531025,0.7315254826783616,1.9177382418951503,0.7558416837463169,0.019672131147540985,-0.07783300138301737,915.0,940.0,control,Hg,True
1101068,0.12005698924731181,0.6155560035842295,1.096016713091922,1.2207093779015785,0.19503828822763458,0.8978522922269956,0.217227588453185,4.170084116496403,0.8462365591397849,-0.23044119896915563,1860.0,1795.0,control,8jB,True
1101151,0.7805267759562842,0.6252695810564664,1.4612787401574803,1.4988635170603675,1.2483044107750974,0.9749244834669136,1.2804113876964314,0.7238018395702398,0.07103825136612021,-0.3164195410947943,915.0,635.0,control,8jB,True
1101186,0.06950856102003643,0.7951703096539162,0.7125311064718163,1.5158208072373003,0.0874134259996312,0.4700628880866591,0.18596113034032158,2.9136189657739515,0.7723132969034608,-0.27191810325152826,2745.0,2395.0,control,Hg,
1101758,0.38837458563535915,0.34523802946593,0.8538648451730421,0.8210494839101398,1.1249472899499506,1.0399675804028565,1.0817138064190186,1.2081595405673216,0.0027624309392265192,-0.07772368412851241,3620.0,2745.0,treatment,Hg,False
110411,0.9970655826558266,0.9811210478771454,1.6773972144846796,2.782401114206128,1.0162513431071327,0.602859597029479,1.6857181143247844,0.8891692035357469,0.0027100271002710027,-0.03182375577834065,1845.0,1795.0,control,Hg,
110766,0.2201398907103825,0.21046448087431696,0.8876719665271967,1.155654811715481,1.0459716993379202,0.768111686576648,1.3617442848704078,1.2974485337135713,0.0,-0.09804712234575615,915.0,1195.0,control,8jB,
110810,0.013214207650273223,0.005764116575591986,0.0990208,0.329212,2.292494864907568,0.3007812594923636,7.621800868766463,3.46914039542838,0.9278688524590164,-0.09904185164077901,915.0,625.0,control,Hg,True
111119,0.4417764216366159,0.546076514100786,1.0453669535283991,1.2697369477911646,0.8090009554138781,0.8232941124907173,0.9826390631731861,0.7940005895080203,0.003883495145631068,-0.13895136478472114,3605.0,2905.0,treatment,Hg,False
1111201,0.4283551912568306,2.1243069216757737,2.8378128133704736,4.714361188486537,0.2016446808538004,0.6019506567084869,0.3349853988969947,4.2958384645209415,0.7923497267759563,-0.22469112956135404,1830.0,1795.0,treatment,8jB,True
1111228,0.6086712694877506,1.2241722345953971,1.10991643454039,0.8534582172701949,0.49721048418397057,1.300492996705196,0.3823246149296115,0.8510458688566822,0.0026726057906458797,-0.08682197879631294,2245.0,1795.0,control,8jB,
111387,0.5395016393442622,0.4105519125683061,1.5509665271966528,1.5540195258019525,1.3140887250269524,0.9980354181175914,1.3166754417448165,1.0331515207892479,0.0,-0.19975391428160869,915.0,1195.0,control,8jB,
111651,0.4804421052631578,1.5165295055821373,1.1810200836820084,2.2994630404463043,0.3168036648774166,0.5136068999190277,0.6168212789340681,0.8639246634354728,0.004784688995215311,-0.1728296756321668,1045.0,1195.0,control,Hg,
1118211,0.35516000000000003,1.7631201754385966,2.1980125000000004,3.990974702380953,0.20143833922815266,0.5507457861581284,0.36575557052072716,2.1786921043273466,0.4336842105263158,-0.32496808920170545,950.0,1120.0,control,Hg,True
111901,0.8936384,0.5879026666666667,2.6431164179104476,1.689623134328358,1.520044814674538,1.5643230518154052,0.9716949532326573,1.0952694451577885,0.016,-0.1592892259478928,625.0,670.0,treatment,8jB,False
1121071,0.2785819875776398,1.325734989648033,0.5524841201716738,2.238113733905579,0.2101339934096482,0.24685256687450444,0.8512530214704094,1.4330546707222387,0.5565217391304348,-0.02579636530133104,1610.0,1165.0,control,8jB,True
1121081,0.04081948717948718,0.5615393162393162,1.060115481171548,1.791094839609484,0.07269212680041583,0.5918812659873931,0.12281538710158153,4.511958790146839,0.9148717948717948,-0.23585082574889568,975.0,1195.0,control,8jB,True
112110,0.7324218579234973,0.6470910746812386,1.3739024999999998,1.3691447916666666,1.1318682741595427,1.0034749490063368,1.1279487099108392,1.0454844677862898,0.35956284153005463,-0.2163394548995517,915.0,800.0,control,Hg,True
112120,0.369256270096463,0.23233118971061092,1.070910022271715,0.7920931700074241,1.5893529859525293,1.3520000712311124,1.1755568803375036,0.958544657339862,0.06270096463022508,-0.17698152307366052,3110.0,2245.0,treatment,8jB,True
112122,0.39914508196721316,1.0157117486338798,2.454320416666667,3.349660416666666,0.3929708231730691,0.7327072333824887,0.5363272058321963,3.0666480865108765,0.6972677595628415,-0.16203172997857973,3660.0,2400.0,control,wDD,True
112691,0.37562545454545454,0.3546866666666667,0.42034117647058833,0.666,1.0590346067292855,0.631142907613496,1.677963253573983,1.0764001411139603,0.24654545454545454,-0.11029651853799012,1375.0,85.0,treatment,Hg,True
112810,1.0134567639257295,0.7007294429708223,1.6235396923076924,1.5503502564102565,1.4462882558909813,1.0472083231481522,1.3810893438500393,0.9260712111885114,0.007957559681697613,-0.14461774087632256,1885.0,1625.0,treatment,Hg,True
113116,0.16533551912568303,0.5838979963570128,0.9353681592039801,1.4360572139303482,0.28315822310955824,0.6513446331598229,0.43472872684295016,1.7785533455308518,0.585792349726776,,915.0,1005.0,control,HbsbG,True
1137376,1.0133321016166281,0.9701961123941494,2.314831428571429,3.2792874999999997,1.0444611029372528,0.7058946275895082,1.4796274997925438,0.9258420394850091,0.0023094688221709007,-0.07960870436026843,4330.0,2800.0,treatment,8jB,False
113817,0.36065355191256837,0.4550241347905283,1.1188923076923076,1.4997692307692307,0.7926031265981008,0.7460429809714315,1.062409468106037,1.024387677442916,0.0,,1830.0,1430.0,control,ceOxS,
113987,0.21036065573770493,1.0890737704918034,0.22705082872928176,1.1569014732965008,0.1931555615766142,0.1962577055782616,0.9841935174340946,0.8896904223413422,0.0,-0.05338206907235289,915.0,905.0,control,Hg,
114104,0.541135519125683,0.6760309653916211,0.9373543859649123,1.8758606237816762,0.8004596635779933,0.49969298042795696,1.601902958277396,1.1215207446823037,0.0,-0.060047414409706026,915.0,855.0,control,Hg,
1141047,0.22515409836065575,0.2907959927140255,0.6001192825112108,0.9312092675635275,0.7742682292808509,0.6444515786246408,1.201437400360255,1.4769141033277469,0.5016393442622951,-0.09988341570390567,915.0,1115.0,treatment,wDD,True
1141091,0.4924826747720365,1.0556403242147923,1.9754401673640165,2.498089260808926,0.46652506869549115,0.7907804570299196,0.589955232894482,1.5716878217611532,0.5586626139817629,0.0027511044730701146,1645.0,1195.0,control,Hg,True
1141141,0.05669567901234568,0.4197124485596708,0.6168108786610879,1.0162252440725246,0.13508219545764846,0.6069627597413514,0.22255433844938335,2.6338080410144684,0.7512345679012346,-0.3271268094422954,1620.0,1195.0,control,Hg,True
114119,0.961727868852459,0.9335619307832422,0.9817594059405941,1.9950676567656764,1.030170401277595,0.4920932894737931,2.093445335089166,0.6179906528580721,0.0,0.1268967100923402,915.0,1010.0,control,Hg,
114671,1.0812282208588957,0.7446467280163599,2.409165925925926,2.0006716049382716,1.4520015736040959,1.2041785968168714,1.2058025092310396,0.8553101598660855,0.0098159509202454,-0.1659149802812974,1630.0,675.0,treatment,z6I,
114677,0.10465355191256831,0.46921129326047356,0.8315079365079364,1.5740502645502645,0.22304141740781144,0.5282600913291124,0.4222189430336011,5.858748228291664,0.8732240437158469,-0.0716988372558605,915.0,630.0,control,Hg,True
114721,0.4380052486187846,0.8372407918968693,1.8696017605633803,2.3981519953051644,0.523153258725523,0.7796010278845874,0.6710525512582711,0.900666357291671,0.0027624309392265192,-0.16910757383112515,3620.0,2840.0,treatment,Hg,False
1147810,0.837783606557377,0.5023979963570128,1.7245281690140846,0.51062441314554,1.6675695616469646,3.3772928293629265,0.49375924620712425,0.9197420369768652,0.0,-0.004265384741856921,915.0,710.0,control,8jB,
114791,2.3591245901639346,2.5431275045537345,2.0796129032258066,3.5568287250384025,0.9276469960470627,0.5846817668183765,1.5865844442096717,0.4439763508168624,0.0,,915.0,1085.0,control,HbsbG,
114798,1.5707842990654206,1.1900915887850467,1.4611473118279572,2.5557948028673834,1.3198852204888025,0.571699774249746,2.30870341381701,0.737093651386486,0.007476635514018692,-0.2719251417064123,2675.0,1860.0,treatment,8jB,False
114810,0.12745555555555557,0.3885265265265266,1.0801031315240082,1.3281276965901183,0.32804852913139143,0.8132524713527945,0.4033784595645965,2.928060195989561,0.7717717717717718,-0.35921831291391887,3330.0,2395.0,control,Hg,
1148611,0.2704691771269177,1.1980002324500234,1.0046674364896073,2.0683375673595075,0.22576721589926801,0.48573668647917634,0.4647934203523388,3.391366874050889,0.7110181311018131,-0.14755898245560417,3585.0,2165.0,treatment,Hg,True
1151067,0.6996349344978166,0.4562489082969432,1.3578092050209205,1.1962280334728035,1.533450100975297,1.1350755600326687,1.3509674201170911,0.6958342187455248,0.004366812227074236,-0.15008274748181577,1145.0,1195.0,control,Hg,
1158778,0.4143786885245902,0.2802199453551913,2.748032608695652,1.0291479468599034,1.4787622915254899,2.670201711114853,0.5538017166905651,2.1594931426860144,0.44754098360655736,-0.2918873742155184,1830.0,1380.0,control,8jB,True
1159664,1.1596644808743168,0.9065928961748634,1.485402870813397,1.629689792663477,1.2791457839204612,0.911463566563631,1.4033976023233197,0.6947194070446323,0.0,-0.061278670264762386,915.0,1045.0,treatment,Hg,False
116117,0.04415300546448087,0.3959157559198543,0.726675766016713,1.194857010213556,0.11152121329927274,0.6081696469160228,0.1833718829356043,7.307145871763491,0.914207650273224,-0.15727166071327695,1830.0,1795.0,control,8jB,True
116121,2.317263023679417,3.4444939283545843,3.697102315789473,5.362020701754386,0.6727441162267808,0.6894979563543697,0.9757013926246095,0.7042854381761227,0.0,-0.14670767468752585,2745.0,2375.0,treatment,wDD,False
116310,0.024668888888888896,0.2947759259259259,0.8103914634146341,1.0972794715447154,0.08368691850055601,0.7385460900619881,0.11331306146855635,5.5103726783534075,0.9222222222222223,,450.0,820.0,control,sV3mR,True
116977,0.17797131147540987,0.2096448087431694,0.5317377855887522,0.3242328646748682,0.8489182848950868,1.6399873162825864,0.5176371039377048,1.8087390863187833,0.45,-0.15917965079109592,3660.0,2845.0,control,Hg,True
117010,0.6746485639686685,0.4553999129677981,1.6436384401114208,1.1925868152274837,1.4814420133988337,1.3782128220140517,1.0749007625933475,0.7107065213998198,0.004699738903394256,-0.1423983117956525,1915.0,1795.0,control,Hg,
117105,0.30260874316939895,0.6801621129326049,1.0056142259414227,1.0778479776847978,0.44490679121285237,0.932983358285338,0.4768646592266277,1.2477488847257798,0.0,-0.31335739856720296,915.0,1195.0,control,Hg,
1171127,0.1197614232209738,0.4813448813982522,1.1288056737588652,1.3053372734436564,0.24880585178984446,0.8647616954819064,0.2877160876687447,2.7105600712777784,0.7235955056179775,-0.3595517167699575,2670.0,2115.0,treatment,Hg,True
118101,0.01276797583081571,0.487634944612286,0.45513138075313814,1.1433389121338913,0.026183471820231032,0.3980721515930001,0.0657756934652433,5.381647121913267,0.9474320241691843,-0.2439235120388401,1655.0,1195.0,control,8jB,True
118114,0.481769306930693,1.893556105610561,1.4862560669456066,2.613407949790795,0.25442568377204255,0.5687041960152385,0.44737789092244573,2.7856678220153706,0.6297029702970297,-0.1731202864168664,1010.0,1195.0,control,8jB,
118117,0.38752021857923497,1.5003955676988463,0.3595555,2.4011983333333333,0.2582787012451483,0.14974002563997557,1.7248474490456913,0.7621204959345711,0.0,-0.02824452429280716,2745.0,2000.0,treatment,MqO,False
118708,0.5269593705293276,0.622072484501669,1.419972025052192,1.3105013917884483,0.8471028435721044,1.0835333971788834,0.7817967085995172,1.3093915769350115,0.002861230329041488,-0.148697372160192,3495.0,2395.0,treatment,Hg,False
1191021,0.9512875000000001,1.5909242424242425,3.328398870056497,4.165377589453861,0.5979464481290655,0.7990629417327076,0.7483095722502958,0.9302517813064342,0.005681818181818182,-0.20963947374254535,880.0,885.0,treatment,8jB,False
1191088,0.07977158469945356,0.8790209471766849,0.8646316666666667,2.196975,0.09075049343894567,0.3935555327969898,0.23059132924389114,3.1255312440226217,0.7704918032786885,-0.2938395253176732,915.0,600.0,control,Hg,True
1191127,0.5653821917808219,1.1765285388127855,1.438235294117647,1.5765448179271708,0.4805511920274703,0.9122704776694062,0.5267639409478021,3.1723666602570595,0.6684931506849315,-0.038055769102139564,730.0,595.0,treatment,z6I,True
119117,0.048703825136612026,1.0746830601092896,0.62804769874477,1.753483960948396,0.04531924522161827,0.3581713393061672,0.12652951324751055,3.321222401023237,0.853551912568306,-0.32157209202893955,915.0,1195.0,control,8jB,True
119122,0.22651563981042652,0.9028894154818325,1.0518443514644353,2.512195258019526,0.2508786080846291,0.4186953016914977,0.5991913620026265,1.883246571985296,0.6199052132701421,,1055.0,1195.0,control,ceOxS,True
1193858,0.5170513661202186,0.7778023679417121,1.4468992700729926,1.608785888077859,0.6647593108882976,0.8993734224022285,0.7391360410814942,1.0574178281130244,0.0,-0.0780268499273756,915.0,685.0,control,Hg,
119461,0.18028059701492538,0.47750995024875625,2.6413008403361347,2.8937240896358545,0.37754312118733685,0.9127687224211191,0.41362407794375744,3.0001342175960386,0.7223880597014926,-0.13671347937006664,335.0,595.0,control,8jB,
119498,1.4456010928961747,0.9583642987249545,2.7577115789473683,2.246400877192982,1.5084045751907276,1.2276132933108985,1.2287294243307916,0.47757023179541497,0.0,-0.21670784403615864,915.0,950.0,treatment,Hg,False
1197401,0.814831693989071,0.4684717668488161,1.9566107843137255,1.5100866013071896,1.739340023562255,1.2956944208497758,1.3423998711220166,1.0071712254311675,0.0,-0.12599296417034783,915.0,1020.0,control,Hg,
119781,0.6325755474452555,1.221662104622871,1.895606862745098,3.5906556372549017,0.517799107504061,0.5279277809537625,0.9808142821516177,0.8213146206031686,0.0,-0.1926496441323633,2740.0,2040.0,control,8jB,
119816,0.60000796812749,0.8193997343957504,2.493617573221757,2.7036004184100415,0.7322530664108082,0.9223321450320779,0.7939147197188287,0.9169246783984061,0.0,-0.30924445998097566,1255.0,1195.0,control,Hg,
1199104,0.40059562841530055,0.6173469945355192,0.6939808823529412,1.1962058823529411,0.6488986452695076,0.580151705146173,1.1184982126459722,0.6379734270673583,0.0,-0.12960341607576856,1830.0,1360.0,control,Hg,
120461,0.5442216216216217,0.46263113113113113,2.8498585774058576,2.5052963737796374,1.1763618680199972,1.1375335099002253,1.034133814768391,1.123102857003851,0.003003003003003003,-0.20987849902809647,1665.0,1195.0,control,8jB,
120701,0.5521261904761905,0.630343253968254,1.2583056277056275,1.3558434343434345,0.8759135391714643,0.9280611579720932,0.9438101483370162,0.6944559256191943,0.0,-0.21417628763177668,1260.0,1155.0,treatment,Hg,True
120741,0.4789336976320583,0.652522161505768,1.7236393234672305,2.2301701902748414,0.733973075377034,0.7728734474990058,0.949667863156831,1.28497728298278,0.0,-0.19818804341065155,2745.0,2365.0,treatment,Hg,False
120871,0.6354043715846994,0.608799635701275,1.2885095238095237,1.5172232142857145,1.043700315051566,0.8492550810436513,1.2289597534923906,1.4807428083436796,0.08524590163934426,-0.17086114520083437,915.0,840.0,control,Hg,True
120901,0.2513464114832536,0.46023205741626794,0.772753781512605,1.412392857142857,0.5461297348435624,0.5471238243698117,0.9981830629887224,1.0024736186937528,0.004784688995215311,-0.21307651369807978,1045.0,1190.0,control,8jB,
120912,,,2.0283484848484847,1.7478257575757576,,1.160498108038992,,,,,0.0,330.0,treatment,Hg,False
121046,0.5965628415300547,1.0334253187613844,1.384,2.4501446540880503,0.5772674916123278,0.5648646081735643,1.021957267740436,0.593799785795825,0.0,-0.2105771542234457,915.0,1060.0,control,Hg,
1211151,0.27609353233830847,0.8012558043117746,1.6827638418079096,1.3225315442561205,0.3445760153655978,1.2723808737238156,0.27081200486544865,2.1730488616366377,0.6592039800995025,-0.29013788595489515,2010.0,1770.0,treatment,wDD,True
1214111,1.7931322404371584,0.5872604735883424,2.0463991631799163,1.2192824267782427,3.0533848625645925,1.6783635343512628,1.819263109612791,0.7599867274965496,0.0,-0.16180059398560373,915.0,1195.0,control,Hg,
121701,0.6754426229508197,0.7585469034608379,1.6977749253731345,2.1648199004975126,0.8904427924880342,0.784256891292877,1.1353968353661588,0.664102180265991,0.0,-0.15532629055306843,1830.0,1675.0,control,8jB,
121728,1.0718784916201116,1.3629946461824953,1.550799331103679,1.2738397435897437,0.7864143080988997,1.2174210601511375,0.6459673927451771,0.32170764687727,0.0013966480446927375,-0.02436092085078597,3580.0,2990.0,treatment,Hg,False
121778,1.5430005780346818,1.2847485549132946,2.583076987447699,3.152913528591353,1.20101367083368,0.8192666763689381,1.465961823513533,0.4601098351660308,0.0,-0.1555651261046033,1730.0,1195.0,control,8jB,
1218377,0.06845081967213114,0.40169034608378873,1.2219213389121337,1.062028591352859,0.1704069324530218,1.1505540894672113,0.14810858004244926,4.341811811937978,0.8748633879781421,,1830.0,1195.0,control,sV3mR,True
121876,0.5998131147540983,0.5192850637522768,1.6004355555555558,1.5124577777777777,1.1550748454421889,1.0581687496143146,1.0915790566137915,1.0953362841440466,0.0,-0.19458725536299395,915.0,1125.0,control,Hg,
121887,0.46890970873786403,1.1421998381877023,1.056510924369748,1.3384873949579832,0.4105321092339414,0.789331993972878,0.520100683069547,0.9621150533919868,0.006796116504854369,-0.11436914188725539,1030.0,595.0,treatment,z6I,False
122108,0.8958797814207651,0.9073005464480873,1.423165322580645,1.3969905913978493,0.9874123684020335,1.0187365121454433,0.9692519671475781,0.9276121821311896,0.0,-0.005729763721840713,1830.0,1240.0,control,8jB,
1223661,0.6553606557377049,0.654556466302368,1.3375324444444445,1.336397037037037,1.0012286020790229,1.0008496033558447,1.00037867699793,0.7283118255695421,0.0,-0.08600122281385313,915.0,1125.0,control,8jB,
122671,1.1532120218579234,1.1271857923497268,3.9896481751824813,4.417390510948905,1.023089564901224,0.9031685483304622,1.132778114109974,0.8671399746119288,0.0,-0.24234990683753938,915.0,685.0,treatment,Hg,False
1228011,0.3869901734104046,1.09842774566474,0.7847899581589959,2.0700271966527195,0.3523128170585387,0.37912060258339547,0.9292895576178563,1.3382453305673292,0.002890173410404624,-0.22105879554913435,1730.0,1195.0,treatment,8jB,False
1228100,0.0524,0.07908333333333334,0.3174666666666666,0.430859078590786,0.6625922023182297,0.7368225075006131,0.899256192058816,3.811438589338316,0.95,,20.0,615.0,control,Hg,True
1228211,0.5942376344086022,0.5028709677419355,0.9522702928870295,1.1993619246861924,1.1816900806123978,0.7939807603415346,1.4883107244363052,0.8770471325461365,0.0,-0.05448820366844587,930.0,1195.0,control,Hg,True
122850,0.2972456140350877,1.0473667502088555,0.8749693593314765,1.883801764159703,0.2838027978029796,0.46446997554531394,0.6110250667328477,0.8403650867545486,0.005012531328320802,-0.1556438988807873,1995.0,1795.0,treatment,8jB,False
122887,1.0250193078324226,1.2081709168184578,1.7485065934065935,1.3662788461538464,0.8484058783103815,1.279758226754912,0.6629423125192074,0.6909551014944806,0.0018214936247723133,-0.1366778212477038,2745.0,1820.0,treatment,Hg,False
128268,0.5827864716636196,1.2674814137720902,1.3716276381909547,2.359452261306533,0.45979883044534514,0.5813330749194408,0.7909387067114022,0.7917077879874306,0.0,-0.21508123860325987,2735.0,1990.0,control,8jB,
190821,0.17140801335559264,0.323104062326099,0.7855398747390396,0.7134961725817677,0.530504049133854,1.1009727941448988,0.4818502800024997,1.7795608192034706,0.6046744574290485,-0.2309620516078395,2995.0,2395.0,treatment,Hg,True
279461,0.551736641221374,0.7758225190839694,1.8248401673640169,2.0057914923291493,0.7111634783079274,0.9097855755909057,0.7816825166150021,1.0562287824704102,0.12213740458015267,-0.3934591089264012,1310.0,1195.0,control,8jB,True
2794690,0.5476091074681239,0.4614365513054038,1.3450346555323591,1.3570845511482252,1.1867484401028439,0.9911207480730138,1.1973802812726695,1.0006060562141679,0.002185792349726776,-0.12545289726079192,2745.0,2395.0,treatment,8jB,False
287100,0.9846153005464481,0.6480437158469946,2.7865427272727272,0.8759651515151516,1.5193655558553696,3.181111397471533,0.47762098399415326,0.8582376868508974,0.0,,915.0,1100.0,control,HbsbG,
2887690,1.2915358851674643,0.934232057416268,2.520204184100418,2.2876401673640165,1.3824572545062983,1.1016611004012833,1.254884332398352,0.5520582288081076,0.0,-0.1629215738532525,1045.0,1195.0,control,8jB,
298120,1.2007786885245904,1.1849653916211293,1.5597,1.8452357723577237,1.0133449440931157,0.8452578382474754,1.1988589732502755,0.48515947824173783,0.0,-0.10969784746773392,1830.0,1230.0,control,8jB,True
310610,0.4817247357293869,0.4018801973220578,1.1053916167664672,1.2603383233532934,1.1986774639292401,0.877059434188615,1.3667003822131625,0.8754714019139221,0.008456659619450317,-0.00024164866497196642,2365.0,1670.0,treatment,8jB,False
311110,0.998512568306011,1.0886730418943533,2.4638778846153846,2.348306891025641,0.9171831485498548,1.0492146039478116,0.8741616301363223,0.8985042957939343,0.0,-0.16733506137910814,915.0,1040.0,control,Hg,
3699704,0.5608907103825136,0.4204890710382514,0.8529443037974683,0.7278579465541491,1.333900805073457,1.1718554531629521,1.1382810068196796,0.766858450952563,0.0,-0.11324828583776632,915.0,1185.0,control,8jB,
382698,1.8995350574712642,3.042115421455939,4.335093036211699,5.659701949860724,0.6244125532101467,0.765957832164356,0.8152048676697425,1.1532528061407417,0.43333333333333335,-0.10427374209124103,1740.0,1795.0,control,Hg,True
4115111,0.16990819672131147,0.8080437158469945,0.6957663865546219,1.578502801120448,0.21027104522830556,0.4407761494377806,0.47704723927669584,2.6087415161846685,0.6863387978142077,-0.24692126063937075,915.0,595.0,control,z6I,True
417510,0.6645743169398908,0.5033606557377048,0.8101845238095239,1.3984464285714286,1.3202746566791514,0.5793461281439012,2.2789047730568663,0.7976505613986669,0.007103825136612022,0.0011882642765877233,1830.0,840.0,treatment,8jB,False
419075,0.00141981981981982,0.0058993993993994,0.4089291139240506,0.6287095639943742,0.24067192669890558,0.6504261066524984,0.37002193521652227,3.858136696589841,0.9975975975975976,-0.29190978385025745,1665.0,1185.0,control,8jB,True
461089,0.43733969571230985,0.5365110650069157,1.2015962343096234,1.2084198047419805,0.8151550345129834,0.9943533113198073,0.8197841001112838,0.8369847407356422,0.0027662517289073307,-0.1761523285995221,3615.0,2390.0,treatment,Hg,False
461101,,,1.3632098039215688,2.139339869281046,,0.6372104888503265,,,,,0.0,510.0,control,8jB,True
461104,0.2174656050955414,0.7895207006369426,0.8555198795180723,1.6594001004016066,0.275440029526904,0.5155597371068136,0.534254344748877,1.364790185826833,0.09936305732484077,-0.09220700979824381,1570.0,1660.0,treatment,8jB,False
461158,1.0925472527472526,1.1451552197802197,2.349886192468619,2.0256680613668063,0.9540604049789305,1.1600549158498596,0.8224269316422689,0.62700045913632,0.0,-0.1271348432759837,1820.0,1195.0,treatment,Hg,False
461226,0.03496939890710383,0.017930783242258653,0.6345377777777778,1.1902696296296296,1.9502438033319789,0.5331042328411116,3.658278593922245,4.508045896416816,0.9081967213114754,-0.08974517470320487,915.0,1125.0,control,8jB,True
466710,0.7793314685314685,0.5701695804195804,1.8885941422594141,1.7213856345885634,1.3668415420513464,1.0971359957414866,1.2458269051026647,0.8219388621662432,0.0034965034965034965,-0.19190499654503448,1430.0,1195.0,control,8jB,
466866,0.42874754098360657,0.5298488160291439,0.41872132701421805,0.44389968404423386,0.8091884477477509,0.9432791733469519,0.8578461929532282,0.880618678468969,0.0,0.0703792256089416,915.0,1055.0,control,8jB,
4675977,0.6350546448087431,0.8051939890710382,1.7098499999999999,1.6597210144927534,0.7886976969877943,1.0302032601078843,0.7655748409349828,0.775845003109514,0.0,-0.2694697568855498,915.0,920.0,control,Hg,
467969,0.13398555555555555,1.0033777777777777,1.7332500000000002,2.1900666666666666,0.1335345056697378,0.7914142644059543,0.16872895988293882,3.275683991420341,0.8033333333333333,-0.3468206756276032,900.0,600.0,control,Hg,True
468646,0.58636996996997,0.7731676676676676,1.428271129707113,1.756455369595537,0.7583994966302843,0.813155377831208,0.9326624619430486,0.9147392898067618,0.0,-0.056675772157894634,1665.0,1195.0,treatment,z6I,False
468980,0.3343471766848816,0.21864055859137826,1.2156037735849057,1.6227344514325646,1.5292093051671616,0.7491082552119108,2.0413729184369656,1.0253261960137696,0.004007285974499089,-0.12201824827914914,2745.0,2385.0,treatment,8jB,False
469790,0.6347770491803278,2.0553524590163934,1.4372323144104802,2.8982598253275107,0.30884097099536195,0.495894916615376,0.6227951943998328,1.017240950498298,0.002185792349726776,-0.12259851847029286,2745.0,2290.0,control,Hg,
4710670,0.3132516129032258,1.5043086654016444,1.584585487528345,3.200873015873016,0.20823626168475792,0.4950479071398464,0.42063860624691646,1.6776082615422292,0.5920303605313093,-0.1772610009690791,2635.0,2205.0,treatment,Hg,True
477661,0.429548087431694,1.3445887978142077,1.3139649546827794,2.6543982880161128,0.31946427646130665,0.49501424131223043,0.6453638093612026,1.125311097063543,0.0,-0.15203517978526881,1830.0,1655.0,treatment,8jB,True
481791,0.3311,1.648188888888889,0.966444144144144,1.8274527027027023,0.20088716908121373,0.5288476920441367,0.37985826940972645,1.3673811131779352,0.016666666666666666,-0.08975560051027873,900.0,1110.0,control,8jB,
4911611,0.3902535519125683,0.2622112932604736,1.0447274193548386,0.6926774193548387,1.4883171012962473,1.508245238206119,0.986787203827957,0.9745181291757644,0.0,-0.04572235717044797,915.0,620.0,control,8jB,
508846,0.10974863387978141,0.22079508196721312,0.7925963302752295,1.433012996941896,0.49706104366979736,0.5530977960190592,0.8986856343442546,2.874783396495645,0.7715846994535519,-0.3558401358794015,915.0,1090.0,control,wDD,True
5102111,0.715439344262295,0.6201589253187614,1.5730845188284517,1.6906931659693167,1.1536387126808818,0.9304376160570584,1.2398882985510506,0.6260852268226894,0.0,-0.16643980481165274,1830.0,1195.0,control,8jB,
512280,0.85359451303155,0.8912672610882487,1.3705496855345911,1.5862809224318657,0.9577312555936366,0.8640018713920197,1.1084828485968516,0.5634459365490214,0.0013717421124828531,-0.17715289482858357,3645.0,2385.0,treatment,wDD,False
5769106,0.7746872,0.36037933333333333,1.3485673640167364,0.8361820083682009,2.149643801253864,1.612767735398241,1.332891125034227,0.7413567947546542,0.004,-0.058935034971793636,1250.0,1195.0,treatment,8jB,False
582662,0.17301420765027323,0.6387714025500909,0.8649970443349753,1.9778579638752052,0.2708546546692122,0.4373403248027941,0.6193223887857728,0.8906865970705439,0.0,-0.0903069931394845,915.0,1015.0,control,8jB,
5831058,0.4966335195530726,0.45512662942271886,1.5130664987405542,1.6229542401343409,1.0911985532092485,0.9322915343659408,1.170447776243492,1.0722981883828389,0.0059590316573556795,-0.14206094734080343,2685.0,1985.0,treatment,8jB,False
5845834,0.5374299999999999,0.8213070512820513,0.8621093457943926,1.4658177570093458,0.6543594130369117,0.5881422446084448,1.112586995808388,1.06307216189903,0.019230769230769232,-0.07517215792561474,1300.0,1070.0,treatment,8jB,False
610891,0.6997340101522843,1.4820393401015228,1.9356900343642611,2.0846815578465065,0.4721426693736423,0.9285303201721826,0.5084838471253047,0.6143766496800444,0.007614213197969543,-0.22672133307699757,1970.0,1455.0,treatment,8jB,False
611610,0.046832786885245906,0.5587240437158469,1.01214296875,2.288742838541667,0.08382096208672181,0.44222660217908705,0.1895430118262698,5.934552097672984,0.9224043715846995,-0.1921098607454762,1830.0,1280.0,control,wDD,True
611629,0.7386027149321267,0.5295426093514328,1.5551243421052634,1.302222587719298,1.394793736875573,1.194207777357706,1.1679657119313707,1.0508547649426057,0.0,-0.12641571284385303,2210.0,1520.0,treatment,wDD,True
6512274,0.04325856353591161,0.5374825046040516,0.6553575342465754,1.397576484018265,0.08048366814800603,0.468924271222934,0.1716346819457823,2.367559940089087,0.7823204419889502,-0.33019097156294064,905.0,730.0,control,Hg,True
654611,0.7490999999999999,1.1850000000000003,1.004574834437086,0.772130242825607,0.632151898734177,1.3010432420841969,0.485880774970635,1.1950876852595862,0.5,,10.0,755.0,control,8jB,True
6569121,0.4716224043715847,1.3293296903460836,1.0830828451882846,2.2057112970711295,0.35478211898569756,0.49103563400453376,0.7225180708217641,1.1557113358443145,0.0,-0.18887360165415004,1830.0,1195.0,treatment,MqO,
6577811,1.0313672131147542,1.9176707650273224,1.100476987447699,2.2490669456066947,0.5378228796745825,0.48930379311178795,1.0991594327406118,0.5241890881088721,0.00273224043715847,-0.07110858147888176,1830.0,1195.0,control,8jB,
658466,0.4171079051383399,0.40689756258234516,0.8104181249999999,0.8042994791666668,1.025093152417025,1.007607422349288,1.0173537130432886,0.998284258517978,0.020553359683794466,-0.11381921298440445,2530.0,1600.0,treatment,Hg,False
661091,0.5882011331444759,1.0328772426817752,1.6286861924686191,1.620849372384937,0.5694782582461234,1.0048350082476516,0.5667380749793401,1.0934221119705236,0.0,-0.2688193420437041,1765.0,1195.0,treatment,MqO,False
669010,2.53748087431694,3.7917877959927138,2.813041791044776,5.588531094527363,0.6692043465614382,0.5033597815711326,1.3294752005665935,0.41680224524685855,0.0,-0.029387109058231234,1830.0,1340.0,treatment,8jB,False
6697809,0.1783174863387978,1.315351548269581,1.4542676300578035,3.035971579961464,0.13556640927924135,0.47901226732704216,0.28301239556081004,2.3867874417119364,0.6939890710382514,,1830.0,1730.0,control,sV3mR,True
671781,0.72391912568306,1.3580746812386157,1.1065827272727273,1.9270325757575757,0.5330480979314174,0.5742418375245658,0.9282641268864598,0.5639263499453908,0.0,-0.056044606493913816,915.0,1100.0,treatment,Hg,False
676510,0.42707795992714026,0.39057710989678207,1.0590531100478469,1.0402157097288678,1.093453633368336,1.0181091288497162,1.0740043502053123,0.8746238732563344,0.0018214936247723133,-0.08826200912693506,2745.0,2090.0,control,8jB,
676890,1.0479335260115608,1.5959922928709056,0.9864268907563025,2.530204481792717,0.6566031243963686,0.3898605420449626,1.684199998677072,0.8388659868793975,0.0,-0.04401095009803719,1730.0,1190.0,control,8jB,
677172,0.04485494505494506,0.21108608058608058,0.4377252631578947,0.5881666666666666,0.2124959870892732,0.7442197730086053,0.2855285425032857,3.2303060581389507,0.8549450549450549,-0.28416475373492667,910.0,950.0,control,Hg,True
6773102,0.8735554644808744,1.1795434881602915,1.9597677559912852,2.099952432824982,0.7405877555590087,0.9332438798886925,0.7935629383900574,0.7381644584761675,0.0,-0.253059633750213,3660.0,2295.0,treatment,8jB,False
678103,0.0006491803278688526,0.09055100182149363,0.29556279069767444,1.4180658914728683,0.007169223032436511,0.2084266975709354,0.03439685566191229,4.584094167460564,0.9989071038251366,,915.0,1290.0,control,sV3mR,True
679810,0.4291187613843352,0.18134395871281117,0.9502464891041162,0.5516908797417271,2.366325100820796,1.7224255901220844,1.3738329913300187,1.5806332481394818,0.0018214936247723133,-0.09630051246545192,2745.0,2065.0,treatment,8jB,False
6808461,0.4304218579234973,0.2558734061930783,1.0738235294117648,0.5240105580693816,1.6821672260801785,2.0492402545629345,0.8208736005134518,1.0652423948131355,0.0018214936247723133,-0.12369469113179472,2745.0,2210.0,treatment,Hg,False
680861,0.9782412955465587,1.0956093117408907,3.356884081632653,3.9157673469387753,0.8928742071315205,0.8572736284388704,1.041527672742576,0.7202397094887327,0.025101214574898785,-0.006308536619872573,1235.0,1225.0,treatment,Hg,False
681103,0.4365091445427729,1.0505408062930188,0.4719389121338913,1.2105690376569038,0.41550898539872705,0.3898488210530682,1.0658208078617375,0.5959964030722914,0.0,-0.018294856362086814,1695.0,1195.0,control,8jB,
683654,1.3219452702702703,1.1486492117117117,2.297029787234042,2.1904794326241137,1.1508694358483158,1.048642481195217,1.0974850404082266,0.6134625297596751,0.0,-0.1154431153072182,1480.0,1175.0,control,8jB,
684461,0.7739322404371585,0.5410054644808743,0.849135,0.43966166666666673,1.430544220435538,1.931337354101828,0.7407013680946566,0.3870264105025971,0.0,-0.01982522551390474,915.0,1000.0,control,8jB,
688105,,,0.44117999999999996,2.0738888888888884,,0.21273077953388697,,,,,0.0,450.0,control,8jB,True
688310,0.5891005464480875,0.33981420765027326,1.0916896174863389,1.0305209471766847,1.733595986234844,1.0593570373093704,1.63646053708007,1.2134231455526625,0.0,,915.0,915.0,control,HbsbG,
688411,0.22731704545454545,0.10373863636363637,0.3837857677902622,0.1296342072409488,2.1912476722532586,2.9605285206621925,0.7401542180593936,1.1066111621330896,0.07897727272727273,-0.0223436877266571,1760.0,1335.0,control,Hg,
6885841,0.5562708520179372,0.37526208271051326,1.212530174563591,0.9278482959268495,1.4823529411764704,1.306819422837185,1.1343211734320504,0.9464726998095749,0.0026905829596412557,-0.11597763544994905,3345.0,2005.0,treatment,8jB,False
689878,0.6210335329341318,0.6920439121756489,1.8005489539748953,1.2976143654114365,0.8973903563167335,1.3875840172314928,0.6467286630377931,0.9598756605126297,0.0029940119760479044,-0.15120653132123407,1670.0,1195.0,control,8jB,
6901131,0.4872087431693989,0.5839362477231329,1.686471129707113,2.6703012552301257,0.8343526285088636,0.6315658678600192,1.3210856871286625,1.0208491631742262,0.001092896174863388,-0.007191569288728857,915.0,1195.0,treatment,8jB,False
691171,0.21368087431693988,0.640176684881603,1.569057894736842,2.2104495614035087,0.33378421826852217,0.7098365518644001,0.4702268675680777,5.924158014979928,0.8010928961748633,0.01814954230076732,915.0,1140.0,control,8jB,True
697998,0.07360327868852458,0.44298542805100183,0.9052410041841004,1.086731520223152,0.16615282135206144,0.8329941548011932,0.19946457054277453,3.6706990606872067,0.8076502732240437,-0.2330000569145911,915.0,1195.0,control,Hg,True
6981151,0.8245842201834863,1.461670642201835,3.564722562674095,4.616637883008357,0.5641381829639454,0.7721468854627173,0.7306099313291661,1.0843779317140536,0.003669724770642202,-0.19381603459009616,2725.0,1795.0,treatment,z6I,False
700484,0.45741530054644813,1.390950819672131,0.7776406779661017,3.7772551789077218,0.32885080771890135,0.205874541468224,1.597335957003981,1.1753273274785296,0.06994535519125683,0.023710803595602566,915.0,885.0,control,8jB,
7011879,0.8957592660550459,0.8141229357798164,2.8000611764705883,2.8031658823529413,1.1002751877970778,0.9988924287706631,1.1014951721590147,1.1766040695321287,0.0,-0.18189823514951298,2725.0,2125.0,control,MqO,
7046666,0.8161989071038251,1.1588269581056465,1.0256200836820084,1.578644351464435,0.7043319983149847,0.6496840676816081,1.0841146233251298,1.264443006626596,0.37814207650273224,0.01944199333939984,915.0,1195.0,control,8jB,True
7048688,0.2764308943089431,0.5073622402890695,0.6614557377049181,1.7635644028103046,0.5448393127392505,0.3750675261140813,1.4526432570265522,1.7560558300880127,0.4915989159891599,-0.08036048044102921,1845.0,2135.0,treatment,Hg,True
706817,0.7629951127819549,1.442094611528822,1.4351894150417828,2.344068245125348,0.529088110226744,0.612264347689688,0.8641497944853389,1.2479149731623076,0.0037593984962406013,-0.11371835484994303,2660.0,1795.0,treatment,8jB,False
7069411,0.606527950310559,0.7152639751552795,1.73488356545961,2.228402506963788,0.8479777695764495,0.7785324060792768,1.089200350499092,0.8649552313409569,0.0,-0.11986588403793774,2415.0,1795.0,treatment,Hg,False
708210,0.7251521023765997,0.7940450944546007,1.7682310344827585,1.790526683087028,0.9132379350251877,0.9875479942215496,0.924752964280042,1.004151282536135,0.043510054844606946,-0.24621493629676702,2735.0,2030.0,control,MqO,
708499,0.588783520599251,0.5549756554307116,1.4254728033472803,1.6671987447698744,1.0609177444771003,0.8550107225182924,1.2408239061053445,1.0384410954942822,0.011235955056179775,-0.13298305137518857,1335.0,1195.0,control,8jB,
7086681,0.583962,0.8327521428571429,1.4532810020876825,2.179825330549756,0.7012434672295734,0.6666960795988008,1.0518187952320976,0.8461953743692374,0.004571428571428572,-0.0535322689959319,3500.0,2395.0,treatment,Hg,False
7099511,0.40913617021276594,0.5168345153664303,1.1715915966386554,1.2596694677871147,0.7916192863448616,0.9300785853743145,0.8511316127403048,0.9592837398733199,0.0070921985815602835,-0.17178715067103406,705.0,595.0,treatment,Hg,False
710210,0.17920803212851405,0.15319076305220886,0.5506318965517242,0.716521551724138,1.169835756137844,0.7684791828337334,1.5222738393825137,0.8121179278526838,0.004016064257028112,-0.05675318180093747,1245.0,1160.0,control,Hg,
7115691,0.15144985507246375,0.7079685990338165,1.2871062761506278,2.0314037656903765,0.2139217124589302,0.6336043566962682,0.3376266438165894,4.633295645545104,0.7976811594202898,-0.20249130760327094,1725.0,1195.0,control,8jB,True
711910,0.09395482695810566,1.7936174863387977,1.1292457983193276,2.2768767507002803,0.05238286740273141,0.49596263740319485,0.10561857578022867,2.746918341877555,0.7876138433515483,,2745.0,2380.0,control,sV3mR,True
712718,0.5068003717472119,0.9034618959107806,1.3468947368421051,1.3094866332497912,0.5609537868072522,1.0285669991907265,0.545374085741239,1.0707133734634349,0.0037174721189591076,-0.21781383118945266,2690.0,1995.0,treatment,Hg,True
7146661,0.4975834254143646,0.3927550644567219,1.7076617142857142,0.4118133333333333,1.266905179447263,4.14668874478497,0.30552213040840603,1.2156416312800487,0.0,0.0033656924826597247,905.0,875.0,treatment,z6I,False
716869,0.3289315118397086,0.26210564663023683,1.0203319634703196,0.9889885844748858,1.2549577472619113,1.0316923567040726,1.216406944480136,1.1754932084060679,0.0,,2745.0,2190.0,treatment,sV3mR,False
716890,0.39681134328358203,0.36929104477611946,0.931712970711297,1.2618256624825663,1.0745219763564713,0.7383848644179637,1.4552329389951264,0.9509741864695331,0.008955223880597015,-0.07040414833206751,1675.0,1195.0,control,8jB,
717486,0.21039999999999998,1.4761666666666666,1.0302348623853212,1.6656743119266058,0.14253133115050243,0.6185091857445396,0.23044335385080533,1.7379528370193542,0.45,,20.0,545.0,control,Hg,True
7179878,0.6486250000000001,1.6064158950617284,0.8676276150627615,2.0974902370990236,0.4037715276560283,0.41365037115154896,0.9761178904106402,0.3961747238585249,0.0,-0.019158369985508978,1080.0,1195.0,control,8jB,
719010,0.5585289617486339,1.2562504553734064,1.5668943722943725,1.3687561327561328,0.4446000073947176,1.1447578825742082,0.3883790748790906,1.047922655317331,0.0,-0.2087418877189128,915.0,1155.0,control,8jB,
721074,0.37343533697632053,0.4897067395264117,0.548157808219178,0.753671689497717,0.7625693233004399,0.7273164374589906,1.048469804923716,0.87478242554751,0.12932604735883424,-0.11485284587960581,2745.0,1825.0,treatment,8jB,False
721077,0.5234324225865209,0.9764972677595629,1.553264039408867,2.1835726600985224,0.5360306064014534,0.7113406701743482,0.7535497812462675,1.0259503160250683,0.0,-0.27426097735807486,2745.0,2030.0,treatment,8jB,False
7211010,0.26277975708502027,1.0046578947368423,1.520292050209205,1.1900746164574616,0.26156143147001515,1.2774762432415487,0.20474856800961924,2.1332968567256008,0.6129554655870445,-0.4049312718592971,1235.0,1195.0,treatment,8jB,True
7211189,1.028990528233151,1.429271706132362,1.8085073047858942,2.3493975650713685,0.7199404590591246,0.7697749123745927,0.935261006153423,0.7508542940769084,0.02987249544626594,-0.08331555658985773,2745.0,1985.0,treatment,8jB,False
7211375,0.5442185792349727,1.2438278688524589,0.9992321428571429,1.388456845238095,0.43753528350917437,0.7196710119469308,0.6079656902193507,0.5720031303634375,0.0,-0.17874143180060634,915.0,1120.0,control,Hg,
725101,0.4041333333333334,0.20157422586520946,0.6001481894150418,0.5141453110492108,2.0048859500696934,1.1672734857589693,1.7175803053267356,0.6147863583380148,0.0,-0.024411949276213717,1830.0,1795.0,control,Hg,True
727576,0.14324984984984984,0.6960835835835836,0.798234309623431,1.8528054393305442,0.20579403569952004,0.43082467952590264,0.47767466786253826,3.0349988176860063,0.7237237237237237,-0.2696133372270801,1665.0,1195.0,control,Hg,
727690,0.6451132530120481,0.6506258366800535,1.606846994535519,1.6382340619307831,0.9915272598208913,0.9808409139300449,1.0108950857769872,1.0151848523503024,0.004016064257028112,,1245.0,915.0,treatment,HbsbG,False
728210,0.048207650273224045,0.09312932604735885,0.4346168674698795,0.953968875502008,0.5176419965576591,0.4555881000217859,1.136206140004328,7.482791771135253,0.8907103825136612,0.010927135120906926,915.0,830.0,treatment,Hg,True
7286748,0.04770710382513661,0.3288224043715847,0.34575263157894737,0.4831166666666666,0.14508471196270845,0.7156710903072704,0.2027254054658222,3.0840679922834786,0.8163934426229508,-0.27737179014952285,915.0,950.0,control,Hg,True
731201,1.1977795918367347,2.0420285714285717,3.1917603448275864,3.9146515804597697,0.5865635812327477,0.8153370176695826,0.7194124251947728,0.8214223807257026,0.004081632653061225,-0.14939526154499996,1225.0,1160.0,treatment,MqO,
7374981,0.4243103825136612,0.6449687310261081,1.282256603773585,2.142306603773585,0.6578774475447947,0.5985401909861747,1.0991366285041844,1.7935841179484098,0.3894353369763206,-0.07958817681927145,2745.0,2120.0,treatment,MqO,True
738311,0.6603984790874524,0.8361571609632447,1.2518778242677824,1.4778960948396094,0.789801857735309,0.8470675500388571,0.932395365279993,0.5453908347955359,0.0038022813688212928,-0.15914707883284618,1315.0,1195.0,control,8jB,
738870,0.8425748633879782,1.0076621129326047,1.9927,2.62462380952381,0.8361680493631222,0.7592326156492267,1.101333151563974,0.8224903881974418,0.0,-0.13013549423439708,915.0,700.0,control,8jB,
7411010,0.6009879781420765,0.4607135701275046,1.1957273996509599,1.3357553810354856,1.304472056196978,0.8951694424199322,1.4572347919635957,0.6023180717057078,0.0,-0.053115450947683975,3660.0,2865.0,treatment,Hg,False
7411491,0.6415442622950819,0.31993564055859136,1.2956862155388473,1.0456766917293232,2.00522911787814,1.2390887410869438,1.618309529726764,0.9509439248771842,0.0036429872495446266,-0.04641516092038834,2745.0,1995.0,treatment,8jB,False
741169,0.673496,0.8815599999999999,1.0873698744769875,1.4185327754532775,0.7639820318526249,0.766545470991694,0.9966558550848227,0.6678865935550943,0.005,-0.14157392817785242,1000.0,1195.0,control,Hg,
7412010,0.7834754098360657,1.1115582877959926,1.3295276450511944,1.9454345847554035,0.7048441979498417,0.6834090724352748,1.0313649999380086,0.7742964817895048,0.0,-0.08599629497548862,1830.0,1465.0,treatment,MqO,
7437311,1.4418913705583756,1.096859560067682,2.150808368200837,1.992507670850767,1.314563343432411,1.0794479738602354,1.2178107470352415,0.5692456182890122,0.0,-0.06433079594890867,985.0,1195.0,control,Hg,
7474976,1.077825774877651,0.5460271886895052,2.038468196721311,1.6910814207650273,1.973941586067337,1.2054228564578102,1.6375511510274943,0.7552429307661286,0.0065252854812398045,,3065.0,1525.0,treatment,HbsbG,True
747510,0.6648834782608696,0.6829937198067633,1.713760669456067,2.176060669456067,0.9734840291781636,0.7875518791874687,1.2360887643141991,1.0830646721077182,0.0011594202898550724,-0.21323258468830303,1725.0,1195.0,control,Hg,
747511,,,,,,,,,,,,,treatment,wDD,False
7510211,0.45689125683060117,0.7456020036429873,0.7317370967741936,3.327153225806452,0.6127816913021226,0.21992888427819,2.7862719956647877,1.7284343978424013,0.20382513661202187,-0.20037145261715664,1830.0,1240.0,control,8jB,True
751078,0.5019158469945355,0.5424007285974499,1.8097159420289854,1.6332089371980676,0.925359831821021,1.108073744155315,0.8351067216437144,1.439199310090223,0.0,-0.2260659813930683,915.0,690.0,control,Hg,
751108,0.5645890710382513,1.5215482695810565,1.6421321100917432,2.340571865443425,0.37106221493302044,0.701594398504247,0.5288842324341537,1.0202082206480827,0.0,-0.2377564805692894,915.0,1090.0,treatment,Hg,False
7569701,1.2862711764705883,1.1579372549019609,2.416246861924686,2.0783221757322177,1.1108297716697033,1.162594948049098,0.9554744526748034,0.7462814500177624,0.0,-0.16336066603320726,1700.0,1195.0,control,Hg,
757271,0.6930120218579235,0.6505245901639345,1.7229703703703703,1.8196197530864195,1.0653125682509281,0.9468848463795176,1.1250708809252017,1.133874806759137,0.0,-0.27453182161681494,915.0,675.0,treatment,8jB,False
759747,0.08780714285714286,0.49201071428571425,0.7047512605042017,1.3688088235294118,0.17846591610229165,0.5148646387937742,0.3466268658892596,3.13518248226512,0.8014285714285714,-0.13095234261877045,1400.0,1190.0,control,8jB,True
760117,1.6223340619307831,0.6237568306010928,2.086034877384196,1.7118133514986376,2.600907889645707,1.2186111736761136,2.1343213863694515,0.4293559838444169,0.0018214936247723133,-0.1578848763012058,2745.0,1835.0,treatment,8jB,False
761079,0.4093064083457526,0.6948812717337308,1.665937394957983,2.260611344537815,0.5890307092671125,0.736941092940762,0.7992914425718705,0.9696252792404833,0.0029806259314456036,-0.19371701900465604,3355.0,2380.0,treatment,Hg,False
761118,0.5840474074074073,0.6580666666666667,1.0351882845188285,2.3953117154811716,0.8875201206677247,0.4321726804191242,2.0536238426894573,2.36244726607114,0.6955555555555556,-0.39721127176167587,1350.0,1195.0,control,Hg,True
7612088,0.5216689138576779,0.5176117353308364,0.923889075630252,1.1467808123249301,1.00783826611707,0.8056370194729734,1.2509830627897056,0.6642924521687414,0.017977528089887642,,1335.0,1190.0,control,sV3mR,
767371,0.3249464480874317,0.25896174863387983,1.0084433333333334,1.097487037037037,1.254804811141591,0.9188658264756354,1.36560178318359,1.1086213787829953,0.006557377049180328,-0.17945396566802482,915.0,900.0,treatment,Hg,False
7679818,0.023513661202185794,0.17777641165755922,0.5650872611464969,1.8274824840764332,0.13226536064570169,0.30921623931847353,0.42774390160497544,5.574492276260358,0.9202185792349726,-0.1765508113475476,1830.0,1570.0,treatment,Hg,True
768078,0.41031584699453555,0.36161748633879776,0.6400652173913043,1.5467983091787436,1.1346681576402324,0.4138000498146007,2.742068683047791,1.041340833071885,0.0,-0.2347515705570943,915.0,690.0,control,Hg,
768113,0.44997889447236183,0.30285594639866,0.9014150417827298,1.3145612813370473,1.485785238240093,0.6857154965540257,2.166766313006945,0.6802202864045519,0.009045226130653266,-0.17500008184674903,1990.0,1795.0,treatment,wDD,True
768498,,,,,,,,,,,,,treatment,Hg,False
771031,0.44565885885885886,0.9997412412412412,1.0005623430962343,1.2193884239888424,0.4457742068393073,0.8205444003012691,0.5432664054201551,0.9393378580086381,0.1975975975975976,-0.12555794484570992,1665.0,1195.0,control,8jB,True
7710311,0.013394535519125682,0.3348852459016393,1.1815674418604651,1.4308325581395347,0.03999738920436003,0.8257901563246639,0.04843529424276019,10.336725513155788,0.9672131147540983,,915.0,1075.0,control,HbsbG,True
771036,0.4540029126213592,0.4082435275080907,1.2811472803347281,1.5570348675034869,1.1120884521858383,0.8228121971275374,1.3515702077195417,1.3163236095046738,0.1970873786407767,-0.2660975635310223,1030.0,1195.0,control,wDD,
7710511,1.62644116575592,1.2299532483302975,3.8136207188160673,3.5311560958421424,1.3223601530902642,1.0799921089035176,1.2244164954434855,0.7745106622495079,0.0,-0.14142278226793664,2745.0,2365.0,treatment,z6I,False
7710710,0.5654109289617486,0.6054107468123862,1.3213112903225805,1.6531895161290322,0.933929455231436,0.7992497396284308,1.1685076752926031,0.5610195910974654,0.0,-0.11056831352704738,915.0,620.0,control,Hg,
7747482,0.34127978142076504,0.6495428051001821,1.163027777777778,1.9551886574074078,0.5254153825445389,0.5948417168704119,0.8832860366768833,0.9036409473277023,0.0,-0.24029206800034852,915.0,720.0,treatment,8jB,False
775840,0.8786163934426229,0.7498970856102003,1.580788717948718,1.9983213675213676,1.1716492973534924,0.7910583070577185,1.4811162298659795,1.8438765787669467,0.0,-0.06287894340712989,915.0,975.0,control,Hg,
7771161,1.7798316326530612,1.8750454931972789,3.8326533707865167,4.111919943820225,0.9492205064412269,0.9320836551175039,1.018385529270506,0.6693510990885556,0.01020408163265306,-0.045391215693199316,1960.0,1780.0,treatment,8jB,False
778721,1.1464781512605042,0.7260157563025211,2.323660724233983,1.216389972144847,1.5791367354054806,1.9102925685392633,0.8266465364585455,0.7341392039734699,0.0,-0.12124040219991686,2380.0,1795.0,treatment,Hg,False
7810010,0.1508173374613003,0.5294638802889577,1.0596594142259412,0.8423905160390517,0.28484915227643276,1.2579194495309554,0.22644466812453326,2.113813880297619,0.6445820433436532,-0.3864951292920639,1615.0,1195.0,control,8jB,True
781011,0.4195842565597668,0.7158838678328475,1.4289723849372384,0.4101408647140865,0.5861065955152044,3.4841014584913164,0.16822317102355566,1.2923917811039671,0.09271137026239067,-0.21767679045022656,1715.0,1195.0,control,8jB,
781099,0.45391311475409835,0.3573661202185792,1.377970947368421,1.4573168421052631,1.2701626961069146,0.9455534359829275,1.3433008096327705,1.069236040025796,0.0,-0.1788388429110831,3660.0,2375.0,treatment,wDD,False
7811599,0.029971331058020474,0.8044323094425484,0.9390928870292886,1.7410055788005578,0.03725774152307466,0.539396828168847,0.06907297109914019,5.1421946551778746,0.9242320819112628,-0.2557755882313738,1465.0,1195.0,control,8jB,True
7846661,0.4173092896174863,0.2569936247723133,0.4773512437810945,0.2693067993366501,1.623811835749648,1.7725183506576678,0.9161043862519989,0.6408005407286648,0.0,0.0008969651857753503,915.0,1005.0,control,Hg,
7873107,1.8453252225519285,1.4528214638971315,3.1447531380753144,2.1929100418410044,1.2701665472383115,1.434054784771387,0.8857168922181714,0.7537996634799851,0.0,0.04360857091507242,1685.0,1195.0,control,Hg,
7873786,0.06942184300341298,0.5230540386803186,1.0779795555555554,1.6441125925925923,0.13272403589228832,0.6556604215625496,0.20242801231769414,4.361726049938777,0.8621160409556314,-0.2158531166126998,1465.0,1125.0,control,8jB,True
7878467,0.3802021857923497,1.2348378870673953,2.4228799999999997,1.7129351351351354,0.3078964370742529,1.4144610325882865,0.21767756762506282,3.05005616457023,0.5912568306010929,-0.06241117141164493,915.0,925.0,control,Hg,True
788488,0.3392164285714286,0.4342898809523809,1.4340537444933918,1.6096894273127753,0.78108296658338,0.8908884659119675,0.876746075934226,1.1601354710499725,0.010714285714285714,-0.054586862001961965,1400.0,1135.0,treatment,MqO,False
7906883,0.17627703703703704,0.7739419753086421,1.0898757396449703,1.3823007889546348,0.22776518480825275,0.7884504938098089,0.28887696386324363,3.495783750175377,0.8192592592592592,-0.2929372764272818,675.0,845.0,control,8jB,True
796869,0.3276101694915254,0.3612733835530446,0.8238428969359333,0.8924094707520891,0.9068206638129582,0.9231669137729225,0.9822932887692452,1.469289931519677,0.08775894538606403,-0.18361832493508898,2655.0,1795.0,treatment,8jB,False
7984107,0.9460364556962025,0.9632033755274261,1.5896026666666667,1.683803703703704,0.982177263631553,0.944054620601064,1.0403818192280199,1.4434685384811812,0.00810126582278481,-0.02378924872371282,1975.0,1125.0,treatment,MqO,False
801001,1.2675303571428571,0.5320367063492063,1.1728899159663866,1.70334593837535,2.382411480291557,0.6885799822231579,3.459890705215789,0.4834947604672961,0.008333333333333333,0.05691689351288174,1680.0,1190.0,control,8jB,
801031,0.40926534216335536,0.4523325974981604,1.5657770773638968,1.9697034383954155,0.9047885216033316,0.7949303671010646,1.1381984624677195,1.1315670072090933,0.019867549668874173,-0.2527733366962742,2265.0,1745.0,treatment,8jB,False
8010411,0.5246316939890711,0.8938287795992714,1.7692520408163266,2.4607568027210887,0.5869487601688974,0.7189869550944243,0.8163552287145649,1.5618958462994208,0.0,-0.12385955561290003,2745.0,1960.0,treatment,z6I,False
801209,1.336049027237354,1.4061569390402073,2.447363025210084,2.618612745098039,0.950142185515433,0.9346028845966136,1.0166266348787554,0.9969772821422349,0.0,-0.07292667174988401,1285.0,1190.0,control,Hg,
8061051,0.9589584699453553,1.0924143897996357,1.0512828451882845,2.1569218967921895,0.8778339784788461,0.48739958862292143,1.8010560512762062,1.0240564799359142,0.0,-0.07726259080851185,915.0,1195.0,control,8jB,
807356,0.023930909090909096,0.4288878787878788,0.5802302521008404,0.9428221288515406,0.05579758784170477,0.6154185761503325,0.09066607672251141,5.131315746425998,0.9272727272727272,-0.28374934289673304,275.0,595.0,control,8jB,True
8079897,0.950139423076923,1.5057644230769232,2.2297238493723848,2.3736847977684796,0.6310013761218904,0.9393512784294554,0.6717416483180718,0.4416965017888131,0.0,-0.3242365511467,1040.0,1195.0,control,8jB,
808112,0.701244262295082,0.9692556921675773,1.4175151260504202,1.6065241596638655,0.7234873810509868,0.8823490873283898,0.8199559465081893,0.6985454308459376,0.001366120218579235,-0.17139531550822443,3660.0,2380.0,treatment,z6I,False
808410,,,1.0234415584415584,1.5820800865800864,,0.6468961761941442,,,,,0.0,385.0,treatment,Hg,True
8087988,1.047551912568306,0.9439071038251367,1.9859380281690138,1.5712652582159623,1.1098040350826408,1.2639100990649261,0.8780719735554792,0.7536388618020742,0.0,-0.19195015677996533,915.0,710.0,treatment,MqO,False
810510,1.3382,1.3505,0.7095109489051095,1.0472445255474452,0.9908922621251388,0.6775026573036644,1.462565868108484,0.08289404124746702,0.0,,5.0,685.0,control,8jB,True
811080,0.5695386666666666,0.7844422222222222,2.3243030640668523,2.3232604456824513,0.726042849979745,1.0004487737852803,0.7257171671396049,1.5815624737511895,0.0038095238095238095,-0.22019327943680167,2625.0,1795.0,treatment,8jB,False
8111796,0.473688524590164,0.2199153005464481,0.847664705882353,0.5893935574229692,2.153958926064431,1.4381981194172428,1.4976788642563474,1.1657317888327992,0.0,-0.061960014212593624,915.0,1190.0,control,8jB,
8112146,0.8314428571428572,1.260469474969475,1.5582082051282053,1.6614995726495727,0.6596295060322602,0.9378324441235637,0.7033553916432337,0.6166598278617189,0.0,-0.17521844834835346,2730.0,1950.0,control,8jB,
812127,0.14567652173913043,0.21493188405797098,0.5850092050209205,1.4995592747559274,0.6777799505067329,0.39012076072560603,1.7373593480287859,4.651232339194397,0.9281159420289855,-0.07967649414019227,1725.0,1195.0,control,8jB,True
812183,0.39341884057971016,0.5654565217391305,0.8427788235294117,1.7307392156862746,0.6957543603347301,0.48694732048076467,1.4288082736502372,1.0083096180350333,0.0,-0.16620542177317127,690.0,425.0,control,Hg,
815461,0.16180897196261682,0.4567722741433021,0.8495509523809524,1.948606349206349,0.35424429441584904,0.43597874590061114,0.8125265227874322,2.072446507774939,0.6848598130841121,-0.11416863215882699,2675.0,2100.0,treatment,8jB,True
816910,0.8314655737704917,0.8432586520947177,2.1092,2.5003759018759015,0.9860148742086059,0.8435531627134853,1.1688829083834613,1.0071271282988596,0.0,-0.14959966692527277,915.0,1155.0,treatment,MqO,False
817178,0.829548051948052,1.4091536796536797,1.5183368421052632,1.6102719298245614,0.5886852966611319,0.942907104063278,0.6243301107015793,0.8653177242386647,0.01038961038961039,-0.06433803193349955,385.0,570.0,control,MqO,True
8190108,0.6127612021857923,1.2994754098360655,1.3015429629629631,2.99034012345679,0.47154505390994267,0.4352491386359082,1.0833911248803103,0.7001306453370705,0.0,-0.2203381434523076,1830.0,1350.0,treatment,8jB,False
821088,0.6237417624521072,0.54972030651341,1.3976857938718663,1.3783384401114205,1.1346529408894803,1.014036722184779,1.118946598348854,0.7451359100793559,0.0038314176245210726,-0.17842013101729806,2610.0,1795.0,treatment,8jB,False
8212283,0.2683945355191257,1.9785323315118397,1.8728006097560976,2.641079268292683,0.13565334831503084,0.7091042787847724,0.19130239708538607,2.555815239806971,0.7038251366120218,-0.4313972953615178,1830.0,1640.0,control,8jB,True
823761,0.45306546961325966,0.9582969613259668,1.1339127147766321,1.7523247422680412,0.47278191197263797,0.6470905120639935,0.7306271737235464,0.8369558322206376,0.0027624309392265192,-0.13030652382742816,3620.0,2910.0,treatment,Hg,False
826780,0.10398415300546449,0.1744285063752277,0.8852840909090909,0.6782017045454546,0.596141967653931,1.3053404097567514,0.4566946393431744,2.9325087494235884,0.812568306010929,-0.27729186265655753,1830.0,1760.0,treatment,Hg,True
827183,0.4042284153005465,1.632556466302368,1.3989764705882355,2.443782679738562,0.2476045537439186,0.572463534579883,0.4325245867854789,1.0637125017791613,0.0,-0.2249957131875396,915.0,1020.0,control,8jB,
8272971,0.46858910891089106,1.718696369636964,0.7600462184873948,2.6863060224089637,0.2726421706527896,0.2829335943660723,0.9636260100666336,0.6526740105396838,0.0049504950495049506,-0.026339862162360145,1010.0,1190.0,control,wDD,
8280779,0.7556011527377522,1.012655619596542,3.0943196652719664,3.52723709902371,0.7461580601693552,0.8772644362717864,0.8505509049704449,1.1531935434511527,0.0,-0.3080364704081169,1735.0,1195.0,treatment,8jB,False
828110,0.6440371584699454,0.8044471766848816,1.6353380281690142,1.8376208920187793,0.8005959584866911,0.8899213299498676,0.8996255416552286,0.9397109693440409,0.0,-0.25910846925076586,915.0,710.0,control,8jB,
828710,0.040021548821548826,0.5673462401795735,0.655418410041841,1.1825404463040445,0.07054166571877063,0.5542460827367975,0.12727499195022676,3.8686996481358795,0.8861952861952862,-0.3014059070177806,1485.0,1195.0,control,8jB,True
8312167,0.631464480874317,0.609207650273224,1.579029411764706,1.5992990196078432,1.0365340628784143,0.9873259424318865,1.0498397928502954,0.874042688558857,0.0,-0.21186188103646442,915.0,1020.0,control,Hg,
838351,0.5160557377049181,1.0107613843351548,1.0698596774193547,2.010612903225806,0.5105613903565998,0.5321062426799724,0.9595102432648389,1.9890997209121557,0.0,-0.03088213854752638,915.0,620.0,control,Hg,
8399121,0.5833819672131147,1.4746256830601092,1.3164865497076024,2.451713450292398,0.39561359463270296,0.5369659123706298,0.7367573723369588,1.0646969187852557,0.004098360655737705,-0.148953305649617,1220.0,855.0,treatment,MqO,False
8410090,0.7419551912568306,1.3968533697632057,1.5199849372384937,2.3499330543933055,0.5311618293784169,0.646820527247282,0.8211888878031104,0.8782360388612219,0.0,-0.042291803799276946,915.0,1195.0,control,8jB,
841087,0.04890491803278689,0.32918214936247725,1.0786657142857141,2.089542063492064,0.14856491497944346,0.5162211056345222,0.2877931827231905,4.164653465107946,0.8939890710382513,-0.30300901003423936,915.0,1050.0,control,Hg,True
841184,0.4336914675767918,1.030914675767918,1.527729707112971,3.885374476987448,0.420686093399281,0.39320011910345043,1.0699032705241858,2.137028181317955,0.630716723549488,0.042348106767354676,1465.0,1195.0,control,8jB,
841211,0.4708243767313019,0.47590443213296396,1.9318351464435148,1.9087754532775452,0.9893254715471052,1.0120808831266004,0.9775162124303767,1.2147264182323907,0.17506925207756233,-0.21905053336294467,1805.0,1195.0,treatment,Hg,True
847111,0.3953701657458564,0.6747965009208102,1.189263725490196,0.8948839869281046,0.5859102191643618,1.3289585497809808,0.4408792277689344,1.1324704382389401,0.2718232044198895,-0.36208992061575035,905.0,1020.0,control,Hg,True
847480,0.008052459016393442,0.17976047358834246,0.18191047619047615,0.17169920634920632,0.0447954928892424,1.059471852307237,0.042280965550609194,4.666942826967086,0.9530054644808743,-0.2325057403516187,915.0,1050.0,control,Hg,True
847678,0.0657464480874317,1.5527085610200364,1.0279563318777292,2.742592430858806,0.04234307051430194,0.37481191893898663,0.11297151551147633,4.702532986954668,0.8907103825136612,-0.2575336915107136,915.0,1145.0,control,8jB,True
8478885,1.0534822822822822,1.22065015015015,1.7571765690376568,1.909481868898187,0.8630501394299548,0.9202373678738235,0.9378560027658974,0.7071670348627469,0.003003003003003003,-0.11434047152847183,1665.0,1195.0,control,8jB,
850210,0.9919562841530055,0.8827486338797814,1.8375322175732218,1.6837754532775453,1.1237131909151123,1.0913166681438324,1.029685721584718,0.6272890898357042,0.0,-0.20261223923045715,915.0,1195.0,control,8jB,
851017,0.23586514657980456,2.7566655808903366,1.518413389121339,4.338902370990238,0.08556175555528422,0.34995334287155255,0.24449475136658133,2.8535293507760207,0.6801302931596092,-0.2356456620162011,1535.0,1195.0,control,8jB,True
851058,0.09539781420765027,0.5040874316939892,2.735738053097345,3.8296526548672567,0.1892485473939814,0.7143567053321109,0.2649216364617142,2.9324730741698066,0.8131147540983606,-0.3677875352668552,915.0,1130.0,control,8jB,True
8566105,0.6070382513661203,0.42919398907103823,1.1365751552795031,1.0488364389233955,1.4143680173154665,1.0836533830252593,1.305184886118238,0.9698078850626796,0.0,-0.16087954449683292,915.0,805.0,control,Hg,
856765,0.4610207650273224,0.7450391621129326,1.0762301255230127,1.5964281729428174,0.6187872912879728,0.6741487927634827,0.9178794027820312,0.8195964283041304,0.0,-0.09397505043527635,915.0,1195.0,control,8jB,
856810,0.014870309653916213,0.5476678809957498,0.1790886917960089,0.8253562453806356,0.027152057241114008,0.21698350596888893,0.12513419911745305,5.4069304755094905,0.9420765027322404,-0.19372634500830307,2745.0,2255.0,control,Hg,True
858577,0.41785756457564577,0.9699757072570725,1.3829949874686716,1.9283868003341686,0.4307917831852474,0.7171771696575674,0.6006769336939976,1.2154959924856983,0.00922509225092251,-0.2607411006227258,2710.0,1995.0,treatment,8jB,False
859770,0.7159245901639343,0.57968897996357,2.2614428571428573,2.1046593915343914,1.2350150078908275,1.0744935100848616,1.1493927104252943,1.0690524623145456,0.0,,1830.0,1260.0,control,HbsbG,
861116,0.4044546528803545,0.14672402757262434,2.025226947368421,0.7714347368421053,2.7565672751190027,2.6252732093174305,1.0500115817796003,2.296608859008475,0.009158050221565732,,3385.0,2375.0,treatment,ceOxS,True
861151,0.36842622950819676,0.3415145719489982,0.488695,0.3779388888888889,1.0788009056410557,1.2930529627070808,0.8343052734533966,0.6519443234048035,0.0,,915.0,600.0,control,ceOxS,
8611610,0.4614683060109289,1.7102572859744993,1.043098127340824,4.092412609238452,0.2698239088325156,0.2548858648773765,1.058606796270659,0.9357047212561335,0.0,-0.05883504742484937,1830.0,1335.0,control,Hg,
8611772,0.5097261627906977,1.2621434108527132,0.905690243902439,1.6534349593495936,0.4038575635761732,0.5477628489594217,0.7372854225936943,1.49584828349481,0.22034883720930232,-0.026973404341071004,1720.0,1230.0,control,8jB,True
8612210,0.06553679999999998,0.5384866666666667,1.1767531380753136,1.5777384937238492,0.12170552040904754,0.7458480240904105,0.16317737190156395,4.8390773532087055,0.92,-0.2652935077530992,1250.0,1195.0,treatment,8jB,True
865116,0.07718474114441416,1.0056848319709355,1.084272727272727,2.0382314049586774,0.07674843916373675,0.5319674324685961,0.1442728153631237,2.9812267268909793,0.7727520435967302,,1835.0,1210.0,treatment,HbsbG,True
8673111,0.45156939890710385,1.0863761384335153,0.84042,1.72745,0.4156657928424661,0.4865090161799184,0.8543845622970871,0.7949635952309843,0.0,-0.18777391986852032,915.0,1150.0,control,8jB,
8681127,0.28443059273422566,0.4954231994901211,1.0085744680851063,1.1835581560283688,0.5741164180986186,0.8521545501993327,0.6737233497894525,1.1820011544903468,0.0038240917782026767,,2615.0,1175.0,control,ceOxS,
868122,0.40265,0.42106809523809524,1.3685388794567062,1.5084221844934917,0.9562586302634004,0.9072651499860057,1.0540012809685795,1.0594163436604327,0.01,-0.17986446717480223,3500.0,2945.0,treatment,Hg,False
8701118,4.54304424131627,3.490796465569775,5.132290094339623,3.7494878144654087,1.3014348691265634,1.3687976460516567,0.9507868989113157,0.4229544248088813,0.0,-0.2352423634917961,2735.0,2120.0,control,8jB,
872117,1.1592544747081712,1.2516005188067445,2.1852234309623433,3.9829128312412827,0.9262176367691071,0.5486495747086974,1.6881770796247815,1.4723790030178296,0.17509727626459143,-0.18103410638337666,1285.0,1195.0,control,8jB,True
876790,0.7382371134020619,0.7107259450171822,1.463940947075209,2.4879080779944287,1.038708546631451,0.5884224421407611,1.7652429143465154,0.47642219650908685,0.002577319587628866,-0.15803726711287072,1940.0,1795.0,treatment,Hg,False
8773113,0.33963169398907106,1.0242322404371584,1.3841223214285714,2.127718005952381,0.3315963709989357,0.6505196259825929,0.50974076377491,1.222600335857072,0.0,,915.0,1120.0,treatment,HbsbG,False
878751,0.05799234972677595,0.5166630236794172,1.2726588235294116,1.9080238095238093,0.11224404896209383,0.6670036386218013,0.168281014469454,3.270685821693622,0.8644808743169399,-0.3157576603858857,915.0,595.0,control,Hg,True
879894,0.2536065573770492,0.5836293260473588,0.760264705882353,1.7214705882352943,0.4345336090196231,0.4416367674696736,0.9839162882865312,2.4893840074666755,0.5617486338797815,,915.0,850.0,control,ceOxS,
881223,0.4541380692167577,1.275728293867638,2.4982609603340293,3.795661447459986,0.35598337937613883,0.6581885647377317,0.540853181668368,1.4062062825718755,0.0,,2745.0,2395.0,treatment,sV3mR,False
884673,2.1133887850467286,1.2500228452751816,3.257653556485356,1.312084379358438,1.6906801287951538,2.4828079716018197,0.6809548495626857,0.46776120289411083,0.0,-0.18844930433826806,1605.0,1195.0,control,8jB,
8877761,0.545620987654321,0.4693091563786008,1.0234778242677824,1.0600627615062763,1.1626046077271885,0.9654879516883423,1.2041627300414777,0.8407850291161183,0.0728395061728395,-0.12273156501471376,1620.0,1195.0,control,Hg,True
887911,0.9734748251748252,1.2253712121212121,1.9113380753138076,2.201241283124128,0.7944325895249857,0.8683001222842445,0.9149285703600561,0.7469805435402076,0.0034965034965034965,-0.1749877962280913,1430.0,1195.0,control,8jB,
888888,0.6847590443686007,0.3484971558589306,1.0938108786610876,0.6697761506276151,1.964891342314962,1.6330991744572123,1.2031671885254773,1.5051411106948327,0.0034129692832764505,-0.15041147232469607,1465.0,1195.0,control,8jB,
8910784,0.7728620915032679,1.4387151416122006,1.2907196652719664,2.9407036262203627,0.5371890995998078,0.43891524931769704,1.2239016539864576,0.46912822466642545,0.0032679738562091504,-0.16461105461285316,1530.0,1195.0,control,8jB,
8910987,0.5382108527131783,0.821171834625323,1.8086133891213387,2.023055788005579,0.6554180623581036,0.8940007486913412,0.7331292096986716,1.253970833171908,0.0,-0.33708906478477463,1290.0,1195.0,control,wDD,
897166,0.41725573770491803,0.3981466302367942,0.6354391304347826,0.9133695652173913,1.0479951505724383,0.6957086754730454,1.5063706800261714,0.8923063476553961,0.0,-0.02583317014667806,915.0,690.0,control,Hg,
8971777,0.7035224043715846,1.9602044626593804,1.3233462783171521,3.2198608414239485,0.35890256234654533,0.4109948670116801,0.8732531502305737,0.6051549838665938,0.0,-0.1863199739204761,1830.0,1545.0,control,Hg,
897237,0.8015612903225806,0.9774354838709677,3.152403908794788,3.1458811074918565,0.820065675483903,1.0020734417735615,0.8183688353544981,1.5294680928529056,0.3473118279569892,-0.34708968125638284,930.0,1535.0,control,Hg,True
897410,0.4950461059190031,0.4605763239875389,1.5197411764705882,1.2775728291316526,1.074840542460009,1.1895534577888087,0.9035664058830674,0.8858551947717744,0.009345794392523364,-0.18089082074874743,1605.0,1190.0,control,8jB,
8985109,0.5345551912568307,0.7123533697632058,1.3616458015267177,1.4067226463104325,0.7504073314547846,0.9679561248964443,0.7752493239660693,0.9468517501180986,0.1180327868852459,,915.0,655.0,control,HbsbG,True
9011578,0.7035554054054054,0.8894296171171172,1.2289974895397489,1.4657266387726637,0.7910186392103958,0.8384902457451809,0.9433844260256167,0.5832971525466117,0.0,-0.1407688920058122,1480.0,1195.0,control,8jB,
901207,0.29030140845070423,0.12245363849765259,0.5795832635983265,0.9308131101813111,2.370704635748894,0.6226634082167479,3.807361416239922,0.6383362393881092,0.0,-0.04498300749293265,1420.0,1195.0,control,8jB,
9073879,,,1.1720279999999998,1.9117783333333334,,0.6130564300080117,,,,,0.0,500.0,treatment,8jB,False
908510,0.6091224043715847,0.7489408014571949,1.6845794871794872,2.013951923076923,0.8133118174179199,0.8364546679971291,0.9723322118165421,1.6479481289104927,0.4961748633879781,-0.2968961198144994,915.0,780.0,control,8jB,True
9097838,0.6655883720930232,0.555670542635659,1.3327637883008356,1.3072534818941501,1.1978111507153169,1.0195144298791403,1.1748839600605878,0.8739007575502264,0.025116279069767444,-0.13693234348187497,2150.0,1795.0,treatment,Hg,True
9115910,0.45809777777777777,0.4685029629629629,1.3743606694560668,1.491792189679219,0.9777905669595355,0.9212815826255241,1.0613373646013509,0.8907589072036698,0.0,-0.18717035417834718,1125.0,1195.0,control,8jB,
966771,0.5943907514450867,1.6944682080924856,1.850630962343096,3.6139218967921893,0.3507830649205336,0.512083828924406,0.6850110179369019,0.5524655672145751,0.0,-0.04229078163136611,1730.0,1195.0,control,8jB,
970807,0.49545846994535525,0.541035519125683,1.2458494382022471,1.4229026217228462,0.9157595988263754,0.8755690088572445,1.0459022527779802,0.7039692153554231,0.00273224043715847,-0.1545006529791906,1830.0,1780.0,control,8jB,
971044,0.8393041009463723,0.8509563617245004,2.1632326180257513,2.419640200286123,0.9863068644853723,0.8940306983533951,1.103213643896042,0.8014116870167909,0.00946372239747634,-0.16775279420967057,1585.0,1165.0,control,8jB,
971071,0.7120472677595628,1.2954633424408015,1.743109710391823,2.434940942646224,0.549646790018762,0.7158735063600604,0.7677987593276124,0.5803018344364397,0.0,-0.17778947567487552,3660.0,2935.0,treatment,Hg,False
9711086,0.2945970802919708,1.0379166666666666,0.7577727047146402,1.5846625310173696,0.28383500309142107,0.4781918483477629,0.5935588489685071,1.0364226095285893,0.09525547445255475,-0.20101882533195264,2740.0,2015.0,control,8jB,
971151,0.8215814207650274,1.733877049180328,1.7561700787401577,3.301688976377953,0.4738406458251589,0.5319005185844993,0.8908444892780889,0.8473143560176519,0.0,0.0021390258382165015,915.0,635.0,control,8jB,
9776611,0.7458043715846995,0.49435549483910146,1.2392747390396661,1.0050080027835768,1.508639793368611,1.233099373942535,1.2234535393081116,0.6515210557600117,0.002185792349726776,-0.04658774796719871,2745.0,2395.0,treatment,8jB,False
9812028,0.9918459016393443,0.7363105646630237,1.1862962962962962,1.070772633744856,1.3470483098300614,1.107888135081875,1.2158703276757379,1.1291970646163698,0.0,0.018951736562563843,915.0,810.0,control,Hg,
9816877,0.3927825688073394,0.40855045871559637,1.5978292887029288,2.3942963737796377,0.9614052815952572,0.6673481638284381,1.4406352391529398,1.6989218378811548,0.6422018348623854,-0.25798365678616453,1090.0,1195.0,control,Hg,True
984977,0.0395752688172043,0.20408602150537633,0.8964344186046512,0.9925023255813953,0.1939146469968388,0.9032063658687463,0.21469583732431136,5.488010677357543,0.889247311827957,-0.22561076868830396,930.0,1075.0,control,Hg,True
987611,0.372048,1.1182353333333335,1.276455230125523,2.1476164574616456,0.3327099304678263,0.5943590279775639,0.5597793838514481,1.3502573046409756,0.004,-0.04372308902306256,1250.0,1195.0,control,8jB,
988311,,,0.5948039215686275,3.1908464052287577,,0.186409449415659,,,,,0.0,510.0,control,8jB,True
9889114,0.79077707948244,0.7940292667898952,2.294238333333333,2.4174041666666666,0.9959041971833065,0.9490503760059429,1.0493691613869296,0.8316171219726849,0.007763401109057301,,2705.0,1200.0,treatment,HbsbG,False
9889190,0.3919771653543307,0.3893461286089239,1.0675721627408994,1.0408768736616703,1.0067575777748377,1.0256469230460645,0.9815829942577827,1.4343890875428105,0.008661417322834646,-0.13030461073584848,2540.0,2335.0,treatment,Hg,False
991118,0.7535180327868853,1.8407775500910746,2.6848886247877757,4.07499207696661,0.40934768720403186,0.6588696552230807,0.621287813088667,0.7002395610674744,0.001092896174863388,-0.2308496400033016,3660.0,2945.0,treatment,Hg,False
991158,0.39077158469945356,0.6853588342440802,1.7909974895397487,1.2313800557880055,0.570170785250703,1.4544636167536622,0.3920144709589329,2.1819985361165912,0.5770491803278689,-0.3588796663609829,915.0,1195.0,control,8jB,True
995696,0.7839562841530054,1.4419653916211295,1.2951550724637682,1.9168128019323674,0.5436720525390992,0.6756815642915694,0.8046276253061929,0.7345090271204542,0.0,-0.1163016210731478,915.0,690.0,control,Hg,
996610,,,,,,,,,,,,,treatment,8jB,False
9970781,0.7185475409836065,0.47604644808743163,1.6628744394618835,1.9179424514200298,1.5094063696314706,0.8670095592444413,1.740933941889693,0.8436076414608764,0.0,-0.15428377600953785,915.0,1115.0,control,8jB,
997610,0.3517956284153006,1.3264826958105647,0.6130363636363637,1.6041282051282053,0.26520936121245914,0.38216170108882824,0.6939715844283801,0.583448915437131,0.0,-0.13487051772014805,915.0,715.0,control,Hg,
9981041,0.19949653916211296,0.6821053430479659,1.285962811791383,1.9246825396825398,0.2924717438374974,0.6681428159074441,0.4377383650234633,2.0408787320091295,0.6134790528233152,-0.29307673559944747,2745.0,2205.0,treatment,z6I,True
