Metric,Existing L1,Verified L1,Diff L1,Existing L2,Verified L2,Diff L2
Overall interval MAE,0.1514801277760402,0.1514801277760403,1.1102230246251565e-16,0.1676388881961978,0.16763888819619788,8.326672684688674e-17
Mean household MAE,0.1526649190752717,0.15266491907527174,5.551115123125783e-17,0.1685757221757313,0.16857572217573133,2.7755575615628914e-17
Median household MAE,0.142278628386672,0.14227862838667205,5.551115123125783e-17,0.1558002743745069,0.1558002743745069,0.0
Interval RMSE,0.2988418648402242,0.29884186484022424,5.551115123125783e-17,0.2860357409225035,0.2860357409225035,0.0
Household daily-energy MAE,7.128110198385621,7.12811019838562,-8.881784197001252e-16,5.61854090093805,5.618540900938051,8.881784197001252e-16
Portfolio-day MAE,1206.9166506809895,1206.9166506809897,2.2737367544323206e-13,510.17701572392633,510.17701572392633,0.0
Portfolio-day RMSE,1462.3959720575656,1462.3959720575656,0.0,825.4101676643404,825.4101676643404,0.0
Portfolio-day MAPE %,25.149708294989654,25.149708294989658,3.552713678800501e-15,8.418018927810083,8.418018927810083,0.0
Portfolio bias % ,-21.373682344460576,-21.373682344460576,0.0,3.101516726996977,3.1015167269969766,-4.440892098500626e-16
Portfolio bias kWh/day,-1176.4711978018424,-1176.4711978018424,0.0,170.71672723527004,170.71672723527004,0.0
Underforecast MWh,100.10228963627895,100.10228963627895,0.0,14.257332116523566,14.257332116523566,0.0
Overforecast MWh,1.278709020924186,1.278709020924186,0.0,28.597537204286247,28.597537204286247,0.0
% days underforecast,94.04761904761904,94.04761904761905,1.4210854715202004e-14,35.714285714285715,35.714285714285715,0.0
Cost 1:1 MWh-eq,101.38099865720314,101.38099865720314,0.0,42.85486932080981,42.85486932080981,0.0
Cost 2:1 MWh-eq,201.48328829348205,201.48328829348205,0.0,57.112201437333376,57.112201437333376,0.0
