quintile,model,mean_actual_daily,mean_signed_error,share_of_total_signed_error_%
Q1 lowest,L1,11.454977686586304,-2.936110855943125,11.459777528939105
Q2,L1,18.499533244325765,-4.0005960068959885,14.997781489521989
Q3,L1,23.087998151571163,-4.800880292524311,18.199802912609204
Q4,L1,28.927487412405917,-6.783037926557727,26.162169621658737
Q5 highest,L1,44.64204702102804,-8.513497265177348,29.18046844727097
Q1 lowest,L2,11.454977686586304,1.1156007201327536,30.689686596534873
Q2,L2,18.499533244325765,1.028274550524958,27.170106555233666
Q3,L2,23.087998151571163,0.9957869442997701,26.606770611929804
Q4,L2,28.927487412405917,0.6230414859370518,16.93738685058962
Q5 highest,L2,44.64204702102804,-0.05811491981269948,-1.4039506142879679
