Household_ID,model,test_days_with_actual,predicted_days,no_prediction_days
100105,naive_1day,348,347,1
100105,naive_7day,348,347,1
100105,seasonal_mean_4weeks,348,345,3
1001121,naive_1day,348,347,1
1001121,naive_7day,348,347,1
1001121,seasonal_mean_4weeks,348,348,0
1001188,naive_1day,348,347,1
1001188,naive_7day,348,347,1
1001188,seasonal_mean_4weeks,348,348,0
100120,naive_1day,348,347,1
100120,naive_7day,348,347,1
100120,seasonal_mean_4weeks,348,348,0
1001228,naive_1day,144,143,1
1001228,naive_7day,144,137,7
1001228,seasonal_mean_4weeks,144,132,12
1006811,naive_1day,348,347,1
1006811,naive_7day,348,347,1
1006811,seasonal_mean_4weeks,348,346,2
1007079,naive_1day,348,347,1
1007079,naive_7day,348,347,1
1007079,seasonal_mean_4weeks,348,348,0
1009851,naive_1day,348,347,1
1009851,naive_7day,348,347,1
1009851,seasonal_mean_4weeks,348,348,0
1011091,naive_1day,348,347,1
1011091,naive_7day,348,347,1
1011091,seasonal_mean_4weeks,348,348,0
1015877,naive_1day,348,347,1
1015877,naive_7day,348,347,1
1015877,seasonal_mean_4weeks,348,348,0
1017510,naive_1day,348,347,1
1017510,naive_7day,348,347,1
1017510,seasonal_mean_4weeks,348,348,0
101797,naive_1day,348,347,1
101797,naive_7day,348,347,1
101797,seasonal_mean_4weeks,348,348,0
1019970,naive_1day,348,347,1
1019970,naive_7day,348,347,1
1019970,seasonal_mean_4weeks,348,348,0
1020729,naive_1day,313,311,2
1020729,naive_7day,313,306,7
1020729,seasonal_mean_4weeks,313,299,14
102106,naive_1day,348,347,1
102106,naive_7day,348,347,1
102106,seasonal_mean_4weeks,348,348,0
102119,naive_1day,348,347,1
102119,naive_7day,348,347,1
102119,seasonal_mean_4weeks,348,348,0
102310,naive_1day,74,74,0
102310,naive_7day,74,74,0
102310,seasonal_mean_4weeks,74,74,0
10266,naive_1day,348,347,1
10266,naive_7day,348,341,7
10266,seasonal_mean_4weeks,348,338,10
103119,naive_1day,348,347,1
103119,naive_7day,348,347,1
103119,seasonal_mean_4weeks,348,348,0
103721,naive_1day,348,347,1
103721,naive_7day,348,347,1
103721,seasonal_mean_4weeks,348,348,0
103724,naive_1day,348,347,1
103724,naive_7day,348,347,1
103724,seasonal_mean_4weeks,348,348,0
1037311,naive_1day,348,347,1
1037311,naive_7day,348,347,1
1037311,seasonal_mean_4weeks,348,348,0
1037610,naive_1day,348,347,1
1037610,naive_7day,348,347,1
1037610,seasonal_mean_4weeks,348,348,0
1038167,naive_1day,348,347,1
1038167,naive_7day,348,347,1
1038167,seasonal_mean_4weeks,348,348,0
103991,naive_1day,348,347,1
103991,naive_7day,348,347,1
103991,seasonal_mean_4weeks,348,348,0
1041141,naive_1day,348,347,1
1041141,naive_7day,348,347,1
1041141,seasonal_mean_4weeks,348,348,0
104118,naive_1day,140,140,0
104118,naive_7day,140,140,0
104118,seasonal_mean_4weeks,140,140,0
105113,naive_1day,150,123,27
105113,naive_7day,150,119,31
105113,seasonal_mean_4weeks,150,127,23
105210,naive_1day,85,85,0
105210,naive_7day,85,85,0
105210,seasonal_mean_4weeks,85,85,0
105461,naive_1day,348,347,1
105461,naive_7day,348,347,1
105461,seasonal_mean_4weeks,348,348,0
1056907,naive_1day,348,347,1
1056907,naive_7day,348,347,1
1056907,seasonal_mean_4weeks,348,348,0
105697,naive_1day,348,347,1
105697,naive_7day,348,347,1
105697,seasonal_mean_4weeks,348,348,0
105714,naive_1day,348,347,1
105714,naive_7day,348,347,1
105714,seasonal_mean_4weeks,348,348,0
1057211,naive_1day,348,347,1
1057211,naive_7day,348,347,1
1057211,seasonal_mean_4weeks,348,348,0
105807,naive_1day,348,347,1
105807,naive_7day,348,347,1
105807,seasonal_mean_4weeks,348,348,0
105900,naive_1day,236,234,2
105900,naive_7day,236,228,8
105900,seasonal_mean_4weeks,236,222,14
106100,naive_1day,348,347,1
106100,naive_7day,348,347,1
106100,seasonal_mean_4weeks,348,348,0
1061006,naive_1day,348,347,1
1061006,naive_7day,348,347,1
1061006,seasonal_mean_4weeks,348,348,0
106102,naive_1day,348,347,1
106102,naive_7day,348,347,1
106102,seasonal_mean_4weeks,348,348,0
106109,naive_1day,348,347,1
106109,naive_7day,348,347,1
106109,seasonal_mean_4weeks,348,348,0
1061168,naive_1day,179,176,3
1061168,naive_7day,179,170,9
1061168,seasonal_mean_4weeks,179,163,16
1061228,naive_1day,224,224,0
1061228,naive_7day,224,224,0
1061228,seasonal_mean_4weeks,224,224,0
106310,naive_1day,342,340,2
106310,naive_7day,342,336,6
106310,seasonal_mean_4weeks,342,342,0
1065698,naive_1day,0,0,0
1065698,naive_7day,0,0,0
1065698,seasonal_mean_4weeks,0,0,0
1066796,naive_1day,348,347,1
1066796,naive_7day,348,347,1
1066796,seasonal_mean_4weeks,348,348,0
106691,naive_1day,348,347,1
106691,naive_7day,348,347,1
106691,seasonal_mean_4weeks,348,348,0
106791,naive_1day,184,168,16
106791,naive_7day,184,155,29
106791,seasonal_mean_4weeks,184,154,30
106841,naive_1day,348,347,1
106841,naive_7day,348,347,1
106841,seasonal_mean_4weeks,348,348,0
1071058,naive_1day,348,347,1
1071058,naive_7day,348,347,1
1071058,seasonal_mean_4weeks,348,348,0
107114,naive_1day,348,347,1
107114,naive_7day,348,347,1
107114,seasonal_mean_4weeks,348,348,0
1073767,naive_1day,348,347,1
1073767,naive_7day,348,347,1
1073767,seasonal_mean_4weeks,348,348,0
107461,naive_1day,299,295,4
107461,naive_7day,299,280,19
107461,seasonal_mean_4weeks,299,287,12
1075697,naive_1day,348,347,1
1075697,naive_7day,348,347,1
1075697,seasonal_mean_4weeks,348,348,0
107719,naive_1day,332,329,3
107719,naive_7day,332,323,9
107719,seasonal_mean_4weeks,332,318,14
1078861,naive_1day,168,166,2
1078861,naive_7day,168,160,8
1078861,seasonal_mean_4weeks,168,154,14
1079731,naive_1day,348,347,1
1079731,naive_7day,348,347,1
1079731,seasonal_mean_4weeks,348,348,0
108100,naive_1day,348,347,1
108100,naive_7day,348,347,1
108100,seasonal_mean_4weeks,348,348,0
1081057,naive_1day,348,347,1
1081057,naive_7day,348,347,1
1081057,seasonal_mean_4weeks,348,348,0
108511,naive_1day,348,347,1
108511,naive_7day,348,347,1
108511,seasonal_mean_4weeks,348,348,0
108757,naive_1day,348,347,1
108757,naive_7day,348,347,1
108757,seasonal_mean_4weeks,348,348,0
108798,naive_1day,348,347,1
108798,naive_7day,348,347,1
108798,seasonal_mean_4weeks,348,348,0
1088228,naive_1day,348,347,1
1088228,naive_7day,348,347,1
1088228,seasonal_mean_4weeks,348,348,0
108849,naive_1day,155,149,6
108849,naive_7day,155,143,12
108849,seasonal_mean_4weeks,155,137,18
108927,naive_1day,348,347,1
108927,naive_7day,348,347,1
108927,seasonal_mean_4weeks,348,348,0
108987,naive_1day,348,347,1
108987,naive_7day,348,347,1
108987,seasonal_mean_4weeks,348,348,0
1090081,naive_1day,337,336,1
1090081,naive_7day,337,330,7
1090081,seasonal_mean_4weeks,337,337,0
109073,naive_1day,348,347,1
109073,naive_7day,348,347,1
109073,seasonal_mean_4weeks,348,348,0
109104,naive_1day,347,346,1
109104,naive_7day,347,346,1
109104,seasonal_mean_4weeks,347,347,0
109107,naive_1day,348,347,1
109107,naive_7day,348,347,1
109107,seasonal_mean_4weeks,348,348,0
109111,naive_1day,348,347,1
109111,naive_7day,348,347,1
109111,seasonal_mean_4weeks,348,348,0
1091217,naive_1day,348,347,1
1091217,naive_7day,348,347,1
1091217,seasonal_mean_4weeks,348,348,0
109677,naive_1day,348,347,1
109677,naive_7day,348,347,1
109677,seasonal_mean_4weeks,348,348,0
109711,naive_1day,348,347,1
109711,naive_7day,348,347,1
109711,seasonal_mean_4weeks,348,348,0
109879,naive_1day,348,347,1
109879,naive_7day,348,347,1
109879,seasonal_mean_4weeks,348,348,0
1101068,naive_1day,348,347,1
1101068,naive_7day,348,347,1
1101068,seasonal_mean_4weeks,348,348,0
1101151,naive_1day,348,347,1
1101151,naive_7day,348,347,1
1101151,seasonal_mean_4weeks,348,348,0
1101186,naive_1day,348,347,1
1101186,naive_7day,348,347,1
1101186,seasonal_mean_4weeks,348,348,0
1101758,naive_1day,348,347,1
1101758,naive_7day,348,347,1
1101758,seasonal_mean_4weeks,348,348,0
110411,naive_1day,348,347,1
110411,naive_7day,348,347,1
110411,seasonal_mean_4weeks,348,348,0
110766,naive_1day,348,347,1
110766,naive_7day,348,347,1
110766,seasonal_mean_4weeks,348,348,0
110810,naive_1day,348,347,1
110810,naive_7day,348,347,1
110810,seasonal_mean_4weeks,348,348,0
111119,naive_1day,348,347,1
111119,naive_7day,348,347,1
111119,seasonal_mean_4weeks,348,348,0
1111201,naive_1day,348,347,1
1111201,naive_7day,348,347,1
1111201,seasonal_mean_4weeks,348,348,0
1111228,naive_1day,348,347,1
1111228,naive_7day,348,347,1
1111228,seasonal_mean_4weeks,348,348,0
111387,naive_1day,348,347,1
111387,naive_7day,348,347,1
111387,seasonal_mean_4weeks,348,348,0
111651,naive_1day,348,347,1
111651,naive_7day,348,347,1
111651,seasonal_mean_4weeks,348,348,0
1118211,naive_1day,348,347,1
1118211,naive_7day,348,347,1
1118211,seasonal_mean_4weeks,348,348,0
111901,naive_1day,290,287,3
111901,naive_7day,290,280,10
111901,seasonal_mean_4weeks,290,276,14
1121071,naive_1day,342,341,1
1121071,naive_7day,342,341,1
1121071,seasonal_mean_4weeks,342,342,0
1121081,naive_1day,348,347,1
1121081,naive_7day,348,347,1
1121081,seasonal_mean_4weeks,348,348,0
112110,naive_1day,348,347,1
112110,naive_7day,348,347,1
112110,seasonal_mean_4weeks,348,348,0
112120,naive_1day,348,347,1
112120,naive_7day,348,347,1
112120,seasonal_mean_4weeks,348,348,0
112122,naive_1day,348,347,1
112122,naive_7day,348,347,1
112122,seasonal_mean_4weeks,348,348,0
112691,naive_1day,164,159,5
112691,naive_7day,164,152,12
112691,seasonal_mean_4weeks,164,147,17
112810,naive_1day,314,309,5
112810,naive_7day,314,301,13
112810,seasonal_mean_4weeks,314,300,14
113116,naive_1day,348,347,1
113116,naive_7day,348,347,1
113116,seasonal_mean_4weeks,348,348,0
1137376,naive_1day,348,347,1
1137376,naive_7day,348,347,1
1137376,seasonal_mean_4weeks,348,348,0
113817,naive_1day,319,318,1
113817,naive_7day,319,312,7
113817,seasonal_mean_4weeks,319,305,14
113987,naive_1day,348,347,1
113987,naive_7day,348,347,1
113987,seasonal_mean_4weeks,348,348,0
114104,naive_1day,348,347,1
114104,naive_7day,348,347,1
114104,seasonal_mean_4weeks,348,348,0
1141047,naive_1day,348,347,1
1141047,naive_7day,348,347,1
1141047,seasonal_mean_4weeks,348,348,0
1141091,naive_1day,348,347,1
1141091,naive_7day,348,347,1
1141091,seasonal_mean_4weeks,348,348,0
1141141,naive_1day,348,347,1
1141141,naive_7day,348,347,1
1141141,seasonal_mean_4weeks,348,348,0
114119,naive_1day,333,330,3
114119,naive_7day,333,324,9
114119,seasonal_mean_4weeks,333,332,1
114671,naive_1day,204,201,3
114671,naive_7day,204,196,8
114671,seasonal_mean_4weeks,204,190,14
114677,naive_1day,348,347,1
114677,naive_7day,348,347,1
114677,seasonal_mean_4weeks,348,348,0
114721,naive_1day,348,347,1
114721,naive_7day,348,347,1
114721,seasonal_mean_4weeks,348,348,0
1147810,naive_1day,348,347,1
1147810,naive_7day,348,347,1
1147810,seasonal_mean_4weeks,348,348,0
114791,naive_1day,326,322,4
114791,naive_7day,326,323,3
114791,seasonal_mean_4weeks,326,326,0
114798,naive_1day,268,261,7
114798,naive_7day,268,230,38
114798,seasonal_mean_4weeks,268,243,25
114810,naive_1day,348,347,1
114810,naive_7day,348,347,1
114810,seasonal_mean_4weeks,348,348,0
1148611,naive_1day,348,347,1
1148611,naive_7day,348,347,1
1148611,seasonal_mean_4weeks,348,348,0
1151067,naive_1day,348,347,1
1151067,naive_7day,348,347,1
1151067,seasonal_mean_4weeks,348,348,0
1158778,naive_1day,344,343,1
1158778,naive_7day,344,343,1
1158778,seasonal_mean_4weeks,344,344,0
1159664,naive_1day,339,338,1
1159664,naive_7day,339,338,1
1159664,seasonal_mean_4weeks,339,339,0
116117,naive_1day,348,347,1
116117,naive_7day,348,347,1
116117,seasonal_mean_4weeks,348,348,0
116121,naive_1day,348,347,1
116121,naive_7day,348,347,1
116121,seasonal_mean_4weeks,348,348,0
116310,naive_1day,239,237,2
116310,naive_7day,239,231,8
116310,seasonal_mean_4weeks,239,225,14
116977,naive_1day,348,347,1
116977,naive_7day,348,347,1
116977,seasonal_mean_4weeks,348,348,0
117010,naive_1day,348,347,1
117010,naive_7day,348,347,1
117010,seasonal_mean_4weeks,348,348,0
117105,naive_1day,348,347,1
117105,naive_7day,348,347,1
117105,seasonal_mean_4weeks,348,348,0
1171127,naive_1day,348,347,1
1171127,naive_7day,348,347,1
1171127,seasonal_mean_4weeks,348,348,0
118101,naive_1day,348,347,1
118101,naive_7day,348,347,1
118101,seasonal_mean_4weeks,348,348,0
118114,naive_1day,348,347,1
118114,naive_7day,348,347,1
118114,seasonal_mean_4weeks,348,348,0
118117,naive_1day,348,347,1
118117,naive_7day,348,347,1
118117,seasonal_mean_4weeks,348,348,0
118708,naive_1day,348,347,1
118708,naive_7day,348,347,1
118708,seasonal_mean_4weeks,348,348,0
1191021,naive_1day,324,319,5
1191021,naive_7day,324,304,20
1191021,seasonal_mean_4weeks,324,320,4
1191088,naive_1day,348,347,1
1191088,naive_7day,348,347,1
1191088,seasonal_mean_4weeks,348,348,0
1191127,naive_1day,295,293,2
1191127,naive_7day,295,287,8
1191127,seasonal_mean_4weeks,295,281,14
119117,naive_1day,348,347,1
119117,naive_7day,348,347,1
119117,seasonal_mean_4weeks,348,348,0
119122,naive_1day,348,347,1
119122,naive_7day,348,347,1
119122,seasonal_mean_4weeks,348,348,0
1193858,naive_1day,348,347,1
1193858,naive_7day,348,347,1
1193858,seasonal_mean_4weeks,348,348,0
119461,naive_1day,216,214,2
119461,naive_7day,216,208,8
119461,seasonal_mean_4weeks,216,202,14
119498,naive_1day,339,337,2
119498,naive_7day,339,331,8
119498,seasonal_mean_4weeks,339,339,0
1197401,naive_1day,348,347,1
1197401,naive_7day,348,347,1
1197401,seasonal_mean_4weeks,348,348,0
119781,naive_1day,348,347,1
119781,naive_7day,348,347,1
119781,seasonal_mean_4weeks,348,348,0
119816,naive_1day,348,347,1
119816,naive_7day,348,347,1
119816,seasonal_mean_4weeks,348,348,0
1199104,naive_1day,348,347,1
1199104,naive_7day,348,347,1
1199104,seasonal_mean_4weeks,348,348,0
120461,naive_1day,348,347,1
120461,naive_7day,348,347,1
120461,seasonal_mean_4weeks,348,348,0
120701,naive_1day,340,337,3
120701,naive_7day,340,331,9
120701,seasonal_mean_4weeks,340,340,0
120741,naive_1day,348,347,1
120741,naive_7day,348,347,1
120741,seasonal_mean_4weeks,348,348,0
120871,naive_1day,348,347,1
120871,naive_7day,348,347,1
120871,seasonal_mean_4weeks,348,348,0
120901,naive_1day,348,347,1
120901,naive_7day,348,347,1
120901,seasonal_mean_4weeks,348,348,0
120912,naive_1day,0,0,0
120912,naive_7day,0,0,0
120912,seasonal_mean_4weeks,0,0,0
121046,naive_1day,348,347,1
121046,naive_7day,348,347,1
121046,seasonal_mean_4weeks,348,348,0
1211151,naive_1day,348,347,1
1211151,naive_7day,348,347,1
1211151,seasonal_mean_4weeks,348,348,0
1214111,naive_1day,348,347,1
1214111,naive_7day,348,347,1
1214111,seasonal_mean_4weeks,348,348,0
121701,naive_1day,348,347,1
121701,naive_7day,348,347,1
121701,seasonal_mean_4weeks,348,348,0
121728,naive_1day,348,347,1
121728,naive_7day,348,347,1
121728,seasonal_mean_4weeks,348,348,0
121778,naive_1day,348,347,1
121778,naive_7day,348,347,1
121778,seasonal_mean_4weeks,348,348,0
1218377,naive_1day,348,347,1
1218377,naive_7day,348,347,1
1218377,seasonal_mean_4weeks,348,348,0
121876,naive_1day,348,347,1
121876,naive_7day,348,347,1
121876,seasonal_mean_4weeks,348,348,0
121887,naive_1day,348,347,1
121887,naive_7day,348,347,1
121887,seasonal_mean_4weeks,348,348,0
122108,naive_1day,348,347,1
122108,naive_7day,348,347,1
122108,seasonal_mean_4weeks,348,348,0
1223661,naive_1day,348,347,1
1223661,naive_7day,348,347,1
1223661,seasonal_mean_4weeks,348,348,0
122671,naive_1day,348,347,1
122671,naive_7day,348,347,1
122671,seasonal_mean_4weeks,348,348,0
1228011,naive_1day,348,347,1
1228011,naive_7day,348,347,1
1228011,seasonal_mean_4weeks,348,348,0
1228100,naive_1day,155,151,4
1228100,naive_7day,155,144,11
1228100,seasonal_mean_4weeks,155,138,17
1228211,naive_1day,348,347,1
1228211,naive_7day,348,347,1
1228211,seasonal_mean_4weeks,348,348,0
122850,naive_1day,348,347,1
122850,naive_7day,348,347,1
122850,seasonal_mean_4weeks,348,348,0
122887,naive_1day,348,347,1
122887,naive_7day,348,347,1
122887,seasonal_mean_4weeks,348,348,0
128268,naive_1day,348,347,1
128268,naive_7day,348,347,1
128268,seasonal_mean_4weeks,348,348,0
190821,naive_1day,348,347,1
190821,naive_7day,348,347,1
190821,seasonal_mean_4weeks,348,348,0
279461,naive_1day,348,347,1
279461,naive_7day,348,347,1
279461,seasonal_mean_4weeks,348,348,0
2794690,naive_1day,348,347,1
2794690,naive_7day,348,347,1
2794690,seasonal_mean_4weeks,348,348,0
287100,naive_1day,348,347,1
287100,naive_7day,348,347,1
287100,seasonal_mean_4weeks,348,348,0
2887690,naive_1day,348,347,1
2887690,naive_7day,348,347,1
2887690,seasonal_mean_4weeks,348,348,0
298120,naive_1day,348,347,1
298120,naive_7day,348,347,1
298120,seasonal_mean_4weeks,348,348,0
310610,naive_1day,348,347,1
310610,naive_7day,348,347,1
310610,seasonal_mean_4weeks,348,348,0
311110,naive_1day,348,347,1
311110,naive_7day,348,347,1
311110,seasonal_mean_4weeks,348,348,0
3699704,naive_1day,348,347,1
3699704,naive_7day,348,347,1
3699704,seasonal_mean_4weeks,348,348,0
382698,naive_1day,348,347,1
382698,naive_7day,348,347,1
382698,seasonal_mean_4weeks,348,348,0
4115111,naive_1day,348,347,1
4115111,naive_7day,348,347,1
4115111,seasonal_mean_4weeks,348,348,0
417510,naive_1day,265,263,2
417510,naive_7day,265,259,6
417510,seasonal_mean_4weeks,265,260,5
419075,naive_1day,346,345,1
419075,naive_7day,346,345,1
419075,seasonal_mean_4weeks,346,346,0
461089,naive_1day,348,347,1
461089,naive_7day,348,347,1
461089,seasonal_mean_4weeks,348,348,0
461101,naive_1day,102,99,3
461101,naive_7day,102,94,8
461101,seasonal_mean_4weeks,102,88,14
461104,naive_1day,343,340,3
461104,naive_7day,343,338,5
461104,seasonal_mean_4weeks,343,343,0
461158,naive_1day,348,347,1
461158,naive_7day,348,347,1
461158,seasonal_mean_4weeks,348,348,0
461226,naive_1day,348,347,1
461226,naive_7day,348,347,1
461226,seasonal_mean_4weeks,348,348,0
466710,naive_1day,348,347,1
466710,naive_7day,348,347,1
466710,seasonal_mean_4weeks,348,348,0
466866,naive_1day,348,347,1
466866,naive_7day,348,347,1
466866,seasonal_mean_4weeks,348,348,0
4675977,naive_1day,348,347,1
4675977,naive_7day,348,347,1
4675977,seasonal_mean_4weeks,348,348,0
467969,naive_1day,329,327,2
467969,naive_7day,329,321,8
467969,seasonal_mean_4weeks,329,315,14
468646,naive_1day,348,347,1
468646,naive_7day,348,347,1
468646,seasonal_mean_4weeks,348,348,0
468980,naive_1day,348,347,1
468980,naive_7day,348,347,1
468980,seasonal_mean_4weeks,348,348,0
469790,naive_1day,348,347,1
469790,naive_7day,348,347,1
469790,seasonal_mean_4weeks,348,348,0
4710670,naive_1day,348,347,1
4710670,naive_7day,348,347,1
4710670,seasonal_mean_4weeks,348,348,0
477661,naive_1day,337,335,2
477661,naive_7day,337,329,8
477661,seasonal_mean_4weeks,337,337,0
481791,naive_1day,345,343,2
481791,naive_7day,345,341,4
481791,seasonal_mean_4weeks,345,345,0
4911611,naive_1day,348,347,1
4911611,naive_7day,348,347,1
4911611,seasonal_mean_4weeks,348,348,0
508846,naive_1day,348,347,1
508846,naive_7day,348,347,1
508846,seasonal_mean_4weeks,348,348,0
5102111,naive_1day,348,347,1
5102111,naive_7day,348,347,1
5102111,seasonal_mean_4weeks,348,348,0
512280,naive_1day,348,347,1
512280,naive_7day,348,347,1
512280,seasonal_mean_4weeks,348,348,0
5769106,naive_1day,348,347,1
5769106,naive_7day,348,347,1
5769106,seasonal_mean_4weeks,348,348,0
582662,naive_1day,348,347,1
582662,naive_7day,348,347,1
582662,seasonal_mean_4weeks,348,348,0
5831058,naive_1day,337,335,2
5831058,naive_7day,337,329,8
5831058,seasonal_mean_4weeks,337,337,0
5845834,naive_1day,345,342,3
5845834,naive_7day,345,341,4
5845834,seasonal_mean_4weeks,345,342,3
610891,naive_1day,258,251,7
610891,naive_7day,258,223,35
610891,seasonal_mean_4weeks,258,236,22
611610,naive_1day,348,347,1
611610,naive_7day,348,347,1
611610,seasonal_mean_4weeks,348,348,0
611629,naive_1day,348,347,1
611629,naive_7day,348,347,1
611629,seasonal_mean_4weeks,348,348,0
6512274,naive_1day,332,328,4
6512274,naive_7day,332,322,10
6512274,seasonal_mean_4weeks,332,318,14
654611,naive_1day,102,92,10
654611,naive_7day,102,88,14
654611,seasonal_mean_4weeks,102,85,17
6569121,naive_1day,348,347,1
6569121,naive_7day,348,347,1
6569121,seasonal_mean_4weeks,348,348,0
6577811,naive_1day,348,347,1
6577811,naive_7day,348,347,1
6577811,seasonal_mean_4weeks,348,348,0
658466,naive_1day,316,310,6
658466,naive_7day,316,306,10
658466,seasonal_mean_4weeks,316,302,14
661091,naive_1day,348,347,1
661091,naive_7day,348,347,1
661091,seasonal_mean_4weeks,348,348,0
669010,naive_1day,348,347,1
669010,naive_7day,348,347,1
669010,seasonal_mean_4weeks,348,348,0
6697809,naive_1day,348,347,1
6697809,naive_7day,348,347,1
6697809,seasonal_mean_4weeks,348,348,0
671781,naive_1day,348,347,1
671781,naive_7day,348,347,1
671781,seasonal_mean_4weeks,348,348,0
676510,naive_1day,348,347,1
676510,naive_7day,348,347,1
676510,seasonal_mean_4weeks,348,348,0
676890,naive_1day,347,346,1
676890,naive_7day,347,346,1
676890,seasonal_mean_4weeks,347,347,0
677172,naive_1day,347,345,2
677172,naive_7day,347,345,2
677172,seasonal_mean_4weeks,347,347,0
6773102,naive_1day,348,347,1
6773102,naive_7day,348,347,1
6773102,seasonal_mean_4weeks,348,348,0
678103,naive_1day,348,347,1
678103,naive_7day,348,347,1
678103,seasonal_mean_4weeks,348,348,0
679810,naive_1day,348,347,1
679810,naive_7day,348,347,1
679810,seasonal_mean_4weeks,348,348,0
6808461,naive_1day,348,347,1
6808461,naive_7day,348,347,1
6808461,seasonal_mean_4weeks,348,348,0
680861,naive_1day,182,177,5
680861,naive_7day,182,153,29
680861,seasonal_mean_4weeks,182,153,29
681103,naive_1day,348,347,1
681103,naive_7day,348,347,1
681103,seasonal_mean_4weeks,348,348,0
683654,naive_1day,348,347,1
683654,naive_7day,348,347,1
683654,seasonal_mean_4weeks,348,348,0
684461,naive_1day,347,345,2
684461,naive_7day,347,345,2
684461,seasonal_mean_4weeks,347,347,0
688105,naive_1day,90,87,3
688105,naive_7day,90,81,9
688105,seasonal_mean_4weeks,90,76,14
688310,naive_1day,348,347,1
688310,naive_7day,348,347,1
688310,seasonal_mean_4weeks,348,348,0
688411,naive_1day,348,347,1
688411,naive_7day,348,347,1
688411,seasonal_mean_4weeks,348,348,0
6885841,naive_1day,271,270,1
6885841,naive_7day,271,270,1
6885841,seasonal_mean_4weeks,271,271,0
689878,naive_1day,348,347,1
689878,naive_7day,348,347,1
689878,seasonal_mean_4weeks,348,348,0
6901131,naive_1day,348,347,1
6901131,naive_7day,348,347,1
6901131,seasonal_mean_4weeks,348,348,0
691171,naive_1day,348,347,1
691171,naive_7day,348,347,1
691171,seasonal_mean_4weeks,348,348,0
697998,naive_1day,348,347,1
697998,naive_7day,348,347,1
697998,seasonal_mean_4weeks,348,348,0
6981151,naive_1day,348,347,1
6981151,naive_7day,348,347,1
6981151,seasonal_mean_4weeks,348,348,0
700484,naive_1day,348,347,1
700484,naive_7day,348,347,1
700484,seasonal_mean_4weeks,348,348,0
7011879,naive_1day,348,347,1
7011879,naive_7day,348,347,1
7011879,seasonal_mean_4weeks,348,348,0
7046666,naive_1day,348,347,1
7046666,naive_7day,348,347,1
7046666,seasonal_mean_4weeks,348,348,0
7048688,naive_1day,348,347,1
7048688,naive_7day,348,347,1
7048688,seasonal_mean_4weeks,348,348,0
706817,naive_1day,348,347,1
706817,naive_7day,348,347,1
706817,seasonal_mean_4weeks,348,348,0
7069411,naive_1day,348,347,1
7069411,naive_7day,348,347,1
7069411,seasonal_mean_4weeks,348,348,0
708210,naive_1day,348,347,1
708210,naive_7day,348,347,1
708210,seasonal_mean_4weeks,348,348,0
708499,naive_1day,322,319,3
708499,naive_7day,322,313,9
708499,seasonal_mean_4weeks,322,308,14
7086681,naive_1day,348,347,1
7086681,naive_7day,348,347,1
7086681,seasonal_mean_4weeks,348,348,0
7099511,naive_1day,236,234,2
7099511,naive_7day,236,228,8
7099511,seasonal_mean_4weeks,236,222,14
710210,naive_1day,341,338,3
710210,naive_7day,341,334,7
710210,seasonal_mean_4weeks,341,341,0
7115691,naive_1day,348,347,1
7115691,naive_7day,348,347,1
7115691,seasonal_mean_4weeks,348,348,0
711910,naive_1day,348,347,1
711910,naive_7day,348,347,1
711910,seasonal_mean_4weeks,348,348,0
712718,naive_1day,348,347,1
712718,naive_7day,348,347,1
712718,seasonal_mean_4weeks,348,348,0
7146661,naive_1day,346,343,3
7146661,naive_7day,346,343,3
7146661,seasonal_mean_4weeks,346,346,0
716869,naive_1day,348,347,1
716869,naive_7day,348,347,1
716869,seasonal_mean_4weeks,348,348,0
716890,naive_1day,348,347,1
716890,naive_7day,348,347,1
716890,seasonal_mean_4weeks,348,348,0
717486,naive_1day,112,94,18
717486,naive_7day,112,97,15
717486,seasonal_mean_4weeks,112,93,19
7179878,naive_1day,348,347,1
7179878,naive_7day,348,347,1
7179878,seasonal_mean_4weeks,348,348,0
719010,naive_1day,348,347,1
719010,naive_7day,348,347,1
719010,seasonal_mean_4weeks,348,348,0
721074,naive_1day,348,347,1
721074,naive_7day,348,347,1
721074,seasonal_mean_4weeks,348,348,0
721077,naive_1day,348,347,1
721077,naive_7day,348,347,1
721077,seasonal_mean_4weeks,348,348,0
7211010,naive_1day,348,347,1
7211010,naive_7day,348,347,1
7211010,seasonal_mean_4weeks,348,348,0
7211189,naive_1day,348,347,1
7211189,naive_7day,348,347,1
7211189,seasonal_mean_4weeks,348,348,0
7211375,naive_1day,348,347,1
7211375,naive_7day,348,347,1
7211375,seasonal_mean_4weeks,348,348,0
725101,naive_1day,348,347,1
725101,naive_7day,348,347,1
725101,seasonal_mean_4weeks,348,348,0
727576,naive_1day,348,347,1
727576,naive_7day,348,347,1
727576,seasonal_mean_4weeks,348,348,0
727690,naive_1day,296,294,2
727690,naive_7day,296,293,3
727690,seasonal_mean_4weeks,296,296,0
728210,naive_1day,348,347,1
728210,naive_7day,348,347,1
728210,seasonal_mean_4weeks,348,348,0
7286748,naive_1day,348,347,1
7286748,naive_7day,348,347,1
7286748,seasonal_mean_4weeks,348,348,0
731201,naive_1day,236,234,2
731201,naive_7day,236,228,8
731201,seasonal_mean_4weeks,236,222,14
7374981,naive_1day,348,347,1
7374981,naive_7day,348,347,1
7374981,seasonal_mean_4weeks,348,348,0
738311,naive_1day,348,347,1
738311,naive_7day,348,347,1
738311,seasonal_mean_4weeks,348,348,0
738870,naive_1day,348,347,1
738870,naive_7day,348,347,1
738870,seasonal_mean_4weeks,348,348,0
7411010,naive_1day,348,347,1
7411010,naive_7day,348,347,1
7411010,seasonal_mean_4weeks,348,348,0
7411491,naive_1day,348,347,1
7411491,naive_7day,348,347,1
7411491,seasonal_mean_4weeks,348,348,0
741169,naive_1day,348,347,1
741169,naive_7day,348,347,1
741169,seasonal_mean_4weeks,348,348,0
7412010,naive_1day,348,347,1
7412010,naive_7day,348,347,1
7412010,seasonal_mean_4weeks,348,348,0
7437311,naive_1day,348,347,1
7437311,naive_7day,348,347,1
7437311,seasonal_mean_4weeks,348,348,0
7474976,naive_1day,279,275,4
7474976,naive_7day,279,268,11
7474976,seasonal_mean_4weeks,279,263,16
747510,naive_1day,348,347,1
747510,naive_7day,348,347,1
747510,seasonal_mean_4weeks,348,348,0
747511,naive_1day,0,0,0
747511,naive_7day,0,0,0
747511,seasonal_mean_4weeks,0,0,0
7510211,naive_1day,348,347,1
7510211,naive_7day,348,347,1
7510211,seasonal_mean_4weeks,348,348,0
751078,naive_1day,348,347,1
751078,naive_7day,348,347,1
751078,seasonal_mean_4weeks,348,348,0
751108,naive_1day,348,347,1
751108,naive_7day,348,347,1
751108,seasonal_mean_4weeks,348,348,0
7569701,naive_1day,348,347,1
7569701,naive_7day,348,347,1
7569701,seasonal_mean_4weeks,348,348,0
757271,naive_1day,348,347,1
757271,naive_7day,348,347,1
757271,seasonal_mean_4weeks,348,348,0
759747,naive_1day,322,319,3
759747,naive_7day,322,313,9
759747,seasonal_mean_4weeks,322,308,14
760117,naive_1day,348,347,1
760117,naive_7day,348,347,1
760117,seasonal_mean_4weeks,348,348,0
761079,naive_1day,348,347,1
761079,naive_7day,348,347,1
761079,seasonal_mean_4weeks,348,348,0
761118,naive_1day,348,347,1
761118,naive_7day,348,347,1
761118,seasonal_mean_4weeks,348,348,0
7612088,naive_1day,348,347,1
7612088,naive_7day,348,347,1
7612088,seasonal_mean_4weeks,348,348,0
767371,naive_1day,348,347,1
767371,naive_7day,348,347,1
767371,seasonal_mean_4weeks,348,348,0
7679818,naive_1day,348,347,1
7679818,naive_7day,348,347,1
7679818,seasonal_mean_4weeks,348,348,0
768078,naive_1day,348,347,1
768078,naive_7day,348,347,1
768078,seasonal_mean_4weeks,348,348,0
768113,naive_1day,344,342,2
768113,naive_7day,344,339,5
768113,seasonal_mean_4weeks,344,344,0
768498,naive_1day,0,0,0
768498,naive_7day,0,0,0
768498,seasonal_mean_4weeks,0,0,0
771031,naive_1day,348,347,1
771031,naive_7day,348,347,1
771031,seasonal_mean_4weeks,348,348,0
7710311,naive_1day,347,345,2
7710311,naive_7day,347,339,8
7710311,seasonal_mean_4weeks,347,347,0
771036,naive_1day,348,347,1
771036,naive_7day,348,347,1
771036,seasonal_mean_4weeks,348,348,0
7710511,naive_1day,348,347,1
7710511,naive_7day,348,347,1
7710511,seasonal_mean_4weeks,348,348,0
7710710,naive_1day,348,347,1
7710710,naive_7day,348,347,1
7710710,seasonal_mean_4weeks,348,348,0
7747482,naive_1day,337,335,2
7747482,naive_7day,337,329,8
7747482,seasonal_mean_4weeks,337,337,0
775840,naive_1day,348,347,1
775840,naive_7day,348,347,1
775840,seasonal_mean_4weeks,348,348,0
7771161,naive_1day,340,338,2
7771161,naive_7day,340,332,8
7771161,seasonal_mean_4weeks,340,340,0
778721,naive_1day,348,347,1
778721,naive_7day,348,347,1
778721,seasonal_mean_4weeks,348,348,0
7810010,naive_1day,348,347,1
7810010,naive_7day,348,347,1
7810010,seasonal_mean_4weeks,348,348,0
781011,naive_1day,348,347,1
781011,naive_7day,348,347,1
781011,seasonal_mean_4weeks,348,348,0
781099,naive_1day,348,347,1
781099,naive_7day,348,347,1
781099,seasonal_mean_4weeks,348,348,0
7811599,naive_1day,348,347,1
7811599,naive_7day,348,347,1
7811599,seasonal_mean_4weeks,348,348,0
7846661,naive_1day,348,347,1
7846661,naive_7day,348,347,1
7846661,seasonal_mean_4weeks,348,348,0
7873107,naive_1day,348,347,1
7873107,naive_7day,348,347,1
7873107,seasonal_mean_4weeks,348,348,0
7873786,naive_1day,334,332,2
7873786,naive_7day,334,326,8
7873786,seasonal_mean_4weeks,334,334,0
7878467,naive_1day,339,334,5
7878467,naive_7day,339,332,7
7878467,seasonal_mean_4weeks,339,334,5
788488,naive_1day,236,234,2
788488,naive_7day,236,228,8
788488,seasonal_mean_4weeks,236,222,14
7906883,naive_1day,278,276,2
7906883,naive_7day,278,270,8
7906883,seasonal_mean_4weeks,278,264,14
796869,naive_1day,348,347,1
796869,naive_7day,348,347,1
796869,seasonal_mean_4weeks,348,348,0
7984107,naive_1day,236,234,2
7984107,naive_7day,236,228,8
7984107,seasonal_mean_4weeks,236,222,14
801001,naive_1day,348,347,1
801001,naive_7day,348,347,1
801001,seasonal_mean_4weeks,348,348,0
801031,naive_1day,348,347,1
801031,naive_7day,348,347,1
801031,seasonal_mean_4weeks,348,348,0
8010411,naive_1day,348,347,1
8010411,naive_7day,348,347,1
8010411,seasonal_mean_4weeks,348,348,0
801209,naive_1day,348,347,1
801209,naive_7day,348,347,1
801209,seasonal_mean_4weeks,348,348,0
8061051,naive_1day,348,347,1
8061051,naive_7day,348,347,1
8061051,seasonal_mean_4weeks,348,348,0
807356,naive_1day,204,202,2
807356,naive_7day,204,196,8
807356,seasonal_mean_4weeks,204,190,14
8079897,naive_1day,348,347,1
8079897,naive_7day,348,347,1
8079897,seasonal_mean_4weeks,348,348,0
808112,naive_1day,348,347,1
808112,naive_7day,348,347,1
808112,seasonal_mean_4weeks,348,348,0
808410,naive_1day,78,69,9
808410,naive_7day,78,62,16
808410,seasonal_mean_4weeks,78,63,15
8087988,naive_1day,348,347,1
8087988,naive_7day,348,347,1
8087988,seasonal_mean_4weeks,348,348,0
810510,naive_1day,109,107,2
810510,naive_7day,109,101,8
810510,seasonal_mean_4weeks,109,95,14
811080,naive_1day,348,347,1
811080,naive_7day,348,347,1
811080,seasonal_mean_4weeks,348,348,0
8111796,naive_1day,348,347,1
8111796,naive_7day,348,347,1
8111796,seasonal_mean_4weeks,348,348,0
8112146,naive_1day,348,347,1
8112146,naive_7day,348,347,1
8112146,seasonal_mean_4weeks,348,348,0
812127,naive_1day,348,347,1
812127,naive_7day,348,347,1
812127,seasonal_mean_4weeks,348,348,0
812183,naive_1day,71,69,2
812183,naive_7day,71,59,12
812183,seasonal_mean_4weeks,71,54,17
815461,naive_1day,270,263,7
815461,naive_7day,270,231,39
815461,seasonal_mean_4weeks,270,246,24
816910,naive_1day,348,347,1
816910,naive_7day,348,347,1
816910,seasonal_mean_4weeks,348,348,0
817178,naive_1day,210,161,49
817178,naive_7day,210,143,67
817178,seasonal_mean_4weeks,210,168,42
8190108,naive_1day,348,347,1
8190108,naive_7day,348,347,1
8190108,seasonal_mean_4weeks,348,348,0
821088,naive_1day,348,347,1
821088,naive_7day,348,347,1
821088,seasonal_mean_4weeks,348,348,0
8212283,naive_1day,317,311,6
8212283,naive_7day,317,303,14
8212283,seasonal_mean_4weeks,317,309,8
823761,naive_1day,348,347,1
823761,naive_7day,348,347,1
823761,seasonal_mean_4weeks,348,348,0
826780,naive_1day,348,347,1
826780,naive_7day,348,347,1
826780,seasonal_mean_4weeks,348,348,0
827183,naive_1day,348,347,1
827183,naive_7day,348,347,1
827183,seasonal_mean_4weeks,348,348,0
8272971,naive_1day,348,347,1
8272971,naive_7day,348,347,1
8272971,seasonal_mean_4weeks,348,348,0
8280779,naive_1day,348,347,1
8280779,naive_7day,348,347,1
8280779,seasonal_mean_4weeks,348,348,0
828110,naive_1day,348,347,1
828110,naive_7day,348,347,1
828110,seasonal_mean_4weeks,348,348,0
828710,naive_1day,348,347,1
828710,naive_7day,348,347,1
828710,seasonal_mean_4weeks,348,348,0
8312167,naive_1day,348,347,1
8312167,naive_7day,348,347,1
8312167,seasonal_mean_4weeks,348,348,0
838351,naive_1day,348,347,1
838351,naive_7day,348,347,1
838351,seasonal_mean_4weeks,348,347,1
8399121,naive_1day,236,234,2
8399121,naive_7day,236,228,8
8399121,seasonal_mean_4weeks,236,222,14
8410090,naive_1day,348,347,1
8410090,naive_7day,348,347,1
8410090,seasonal_mean_4weeks,348,348,0
841087,naive_1day,336,333,3
841087,naive_7day,336,328,8
841087,seasonal_mean_4weeks,336,327,9
841184,naive_1day,348,347,1
841184,naive_7day,348,347,1
841184,seasonal_mean_4weeks,348,348,0
841211,naive_1day,194,194,0
841211,naive_7day,194,194,0
841211,seasonal_mean_4weeks,194,194,0
847111,naive_1day,346,344,2
847111,naive_7day,346,343,3
847111,seasonal_mean_4weeks,346,346,0
847480,naive_1day,339,337,2
847480,naive_7day,339,333,6
847480,seasonal_mean_4weeks,339,339,0
847678,naive_1day,348,347,1
847678,naive_7day,348,347,1
847678,seasonal_mean_4weeks,348,348,0
8478885,naive_1day,348,347,1
8478885,naive_7day,348,347,1
8478885,seasonal_mean_4weeks,348,348,0
850210,naive_1day,348,347,1
850210,naive_7day,348,347,1
850210,seasonal_mean_4weeks,348,348,0
851017,naive_1day,348,347,1
851017,naive_7day,348,347,1
851017,seasonal_mean_4weeks,348,348,0
851058,naive_1day,348,347,1
851058,naive_7day,348,347,1
851058,seasonal_mean_4weeks,348,348,0
8566105,naive_1day,348,347,1
8566105,naive_7day,348,347,1
8566105,seasonal_mean_4weeks,348,348,0
856765,naive_1day,348,347,1
856765,naive_7day,348,347,1
856765,seasonal_mean_4weeks,348,348,0
856810,naive_1day,348,347,1
856810,naive_7day,348,347,1
856810,seasonal_mean_4weeks,348,348,0
858577,naive_1day,348,347,1
858577,naive_7day,348,347,1
858577,seasonal_mean_4weeks,348,348,0
859770,naive_1day,348,347,1
859770,naive_7day,348,347,1
859770,seasonal_mean_4weeks,348,348,0
861116,naive_1day,348,347,1
861116,naive_7day,348,347,1
861116,seasonal_mean_4weeks,348,348,0
861151,naive_1day,348,347,1
861151,naive_7day,348,347,1
861151,seasonal_mean_4weeks,348,348,0
8611610,naive_1day,348,347,1
8611610,naive_7day,348,347,1
8611610,seasonal_mean_4weeks,348,348,0
8611772,naive_1day,326,324,2
8611772,naive_7day,326,318,8
8611772,seasonal_mean_4weeks,326,312,14
8612210,naive_1day,348,347,1
8612210,naive_7day,348,347,1
8612210,seasonal_mean_4weeks,348,348,0
865116,naive_1day,331,329,2
865116,naive_7day,331,327,4
865116,seasonal_mean_4weeks,331,331,0
8673111,naive_1day,348,347,1
8673111,naive_7day,348,347,1
8673111,seasonal_mean_4weeks,348,348,0
8681127,naive_1day,0,0,0
8681127,naive_7day,0,0,0
8681127,seasonal_mean_4weeks,0,0,0
868122,naive_1day,348,347,1
868122,naive_7day,348,347,1
868122,seasonal_mean_4weeks,348,348,0
8701118,naive_1day,348,347,1
8701118,naive_7day,348,347,1
8701118,seasonal_mean_4weeks,348,348,0
872117,naive_1day,348,347,1
872117,naive_7day,348,347,1
872117,seasonal_mean_4weeks,348,348,0
876790,naive_1day,348,347,1
876790,naive_7day,348,347,1
876790,seasonal_mean_4weeks,348,348,0
8773113,naive_1day,348,347,1
8773113,naive_7day,348,347,1
8773113,seasonal_mean_4weeks,348,348,0
878751,naive_1day,335,333,2
878751,naive_7day,335,327,8
878751,seasonal_mean_4weeks,335,323,12
879894,naive_1day,348,347,1
879894,naive_7day,348,347,1
879894,seasonal_mean_4weeks,348,348,0
881223,naive_1day,348,347,1
881223,naive_7day,348,347,1
881223,seasonal_mean_4weeks,348,348,0
884673,naive_1day,348,347,1
884673,naive_7day,348,347,1
884673,seasonal_mean_4weeks,348,348,0
8877761,naive_1day,348,347,1
8877761,naive_7day,348,347,1
8877761,seasonal_mean_4weeks,348,348,0
887911,naive_1day,348,347,1
887911,naive_7day,348,347,1
887911,seasonal_mean_4weeks,348,348,0
888888,naive_1day,348,347,1
888888,naive_7day,348,347,1
888888,seasonal_mean_4weeks,348,348,0
8910784,naive_1day,348,347,1
8910784,naive_7day,348,347,1
8910784,seasonal_mean_4weeks,348,348,0
8910987,naive_1day,348,347,1
8910987,naive_7day,348,347,1
8910987,seasonal_mean_4weeks,348,348,0
897166,naive_1day,348,347,1
897166,naive_7day,348,347,1
897166,seasonal_mean_4weeks,348,348,0
8971777,naive_1day,348,347,1
8971777,naive_7day,348,347,1
8971777,seasonal_mean_4weeks,348,348,0
897237,naive_1day,348,347,1
897237,naive_7day,348,347,1
897237,seasonal_mean_4weeks,348,347,1
897410,naive_1day,348,347,1
897410,naive_7day,348,347,1
897410,seasonal_mean_4weeks,348,348,0
8985109,naive_1day,348,347,1
8985109,naive_7day,348,347,1
8985109,seasonal_mean_4weeks,348,348,0
9011578,naive_1day,348,347,1
9011578,naive_7day,348,347,1
9011578,seasonal_mean_4weeks,348,348,0
901207,naive_1day,348,347,1
901207,naive_7day,348,346,2
901207,seasonal_mean_4weeks,348,348,0
9073879,naive_1day,100,99,1
9073879,naive_7day,100,93,7
9073879,seasonal_mean_4weeks,100,86,14
908510,naive_1day,348,347,1
908510,naive_7day,348,347,1
908510,seasonal_mean_4weeks,348,348,0
9097838,naive_1day,348,347,1
9097838,naive_7day,348,347,1
9097838,seasonal_mean_4weeks,348,348,0
9115910,naive_1day,348,347,1
9115910,naive_7day,348,347,1
9115910,seasonal_mean_4weeks,348,348,0
966771,naive_1day,348,347,1
966771,naive_7day,348,347,1
966771,seasonal_mean_4weeks,348,348,0
970807,naive_1day,348,347,1
970807,naive_7day,348,347,1
970807,seasonal_mean_4weeks,348,348,0
971044,naive_1day,342,339,3
971044,naive_7day,342,337,5
971044,seasonal_mean_4weeks,342,342,0
971071,naive_1day,348,347,1
971071,naive_7day,348,347,1
971071,seasonal_mean_4weeks,348,348,0
9711086,naive_1day,348,347,1
9711086,naive_7day,348,347,1
9711086,seasonal_mean_4weeks,348,348,0
971151,naive_1day,348,347,1
971151,naive_7day,348,347,1
971151,seasonal_mean_4weeks,348,348,0
9776611,naive_1day,348,347,1
9776611,naive_7day,348,347,1
9776611,seasonal_mean_4weeks,348,348,0
9812028,naive_1day,348,347,1
9812028,naive_7day,348,347,1
9812028,seasonal_mean_4weeks,348,348,0
9816877,naive_1day,339,337,2
9816877,naive_7day,339,331,8
9816877,seasonal_mean_4weeks,339,339,0
984977,naive_1day,348,347,1
984977,naive_7day,348,347,1
984977,seasonal_mean_4weeks,348,348,0
987611,naive_1day,348,347,1
987611,naive_7day,348,347,1
987611,seasonal_mean_4weeks,348,348,0
988311,naive_1day,102,97,5
988311,naive_7day,102,93,9
988311,seasonal_mean_4weeks,102,88,14
9889114,naive_1day,191,191,0
9889114,naive_7day,191,191,0
9889114,seasonal_mean_4weeks,191,191,0
9889190,naive_1day,348,347,1
9889190,naive_7day,348,347,1
9889190,seasonal_mean_4weeks,348,348,0
991118,naive_1day,348,347,1
991118,naive_7day,348,347,1
991118,seasonal_mean_4weeks,348,348,0
991158,naive_1day,348,347,1
991158,naive_7day,348,347,1
991158,seasonal_mean_4weeks,348,348,0
995696,naive_1day,348,347,1
995696,naive_7day,348,347,1
995696,seasonal_mean_4weeks,348,348,0
996610,naive_1day,0,0,0
996610,naive_7day,0,0,0
996610,seasonal_mean_4weeks,0,0,0
9970781,naive_1day,348,347,1
9970781,naive_7day,348,347,1
9970781,seasonal_mean_4weeks,348,348,0
997610,naive_1day,347,345,2
997610,naive_7day,347,345,2
997610,seasonal_mean_4weeks,347,347,0
9981041,naive_1day,348,347,1
9981041,naive_7day,348,347,1
9981041,seasonal_mean_4weeks,348,348,0
