Household_ID,rows,duplicate_timestamps,off_grid_timestamps,nan_values,negative_values,first_date,last_date,calendar_days,expected_intervals,observed_intervals,missing_intervals,complete_days,incomplete_days,usable_days
100105,34464,0,0,0,0,2023-02-25,2024-02-27,368,35328,34464,864,359,9,359
1001121,108288,0,0,72960,0,2021-01-21,2024-02-27,1133,108768,35328,73440,368,765,368
1001188,138336,0,0,0,0,2020-03-15,2024-02-27,1445,138720,138336,384,1441,4,1441
100120,75840,0,0,0,0,2021-11-27,2024-02-27,823,79008,75840,3168,790,33,790
1001228,28800,0,0,0,0,2022-06-29,2023-08-26,424,40704,28800,11904,300,124,300
1006811,37056,0,0,0,0,2022-12-07,2024-02-27,448,43008,37056,5952,386,62,386
1007079,43104,0,0,0,0,2022-12-04,2024-02-27,451,43296,43104,192,449,2,449
1009851,108384,0,0,1056,0,2021-01-21,2024-02-27,1133,108768,107328,1440,1118,15,1118
1011091,60480,0,0,0,0,2022-06-06,2024-02-27,632,60672,60480,192,630,2,630
1015877,82944,0,0,0,0,2021-10-11,2024-02-27,870,83520,82944,576,864,6,864
1017510,116256,0,0,0,0,2020-10-31,2024-02-27,1215,116640,116256,384,1211,4,1211
101797,36672,0,0,0,0,2023-02-10,2024-02-27,383,36768,36672,96,382,1,382
1019970,130464,0,0,0,0,2020-06-07,2024-02-27,1361,130656,130464,192,1359,2,1359
1020729,74400,0,0,0,0,2021-12-08,2024-02-27,812,77952,74400,3552,775,37,775
102106,104640,0,0,0,0,2021-03-02,2024-02-27,1093,104928,104640,288,1090,3,1090
102119,68160,0,0,0,0,2022-03-18,2024-02-27,712,68352,68160,192,710,2,710
102310,60672,0,0,0,0,2021-08-24,2023-05-28,643,61728,60672,1056,632,11,632
10266,105120,0,0,0,0,2021-01-17,2024-02-27,1137,109152,105120,4032,1095,42,1095
103119,45312,0,0,0,0,2022-11-11,2024-02-27,474,45504,45312,192,472,2,472
103721,99744,0,0,0,0,2021-04-23,2024-02-27,1041,99936,99744,192,1039,2,1039
103724,67680,0,0,0,0,2022-03-23,2024-02-27,707,67872,67680,192,705,2,705
1037311,111648,0,0,0,0,2020-11-17,2024-02-27,1198,115008,111648,3360,1163,35,1163
1037610,118944,0,0,0,0,2020-10-01,2024-02-27,1245,119520,118944,576,1239,6,1239
1038167,44928,0,0,0,0,2022-11-15,2024-02-27,470,45120,44928,192,468,2,468
103991,57312,0,0,0,0,2022-07-09,2024-02-27,599,57504,57312,192,597,2,597
1041141,46464,0,0,0,0,2022-10-31,2024-02-27,485,46560,46464,96,484,1,484
104118,43776,0,0,0,0,2022-05-03,2023-08-02,457,43872,43776,96,456,1,456
105113,71232,0,0,0,0,2021-07-04,2024-02-27,969,93024,71232,21792,742,227,742
105210,39648,0,0,0,0,2022-04-21,2023-06-08,414,39744,39648,96,413,1,413
105461,41760,0,0,0,0,2022-10-24,2024-02-27,492,47232,41760,5472,435,57,435
1056907,63456,0,0,0,0,2022-05-06,2024-02-27,663,63648,63456,192,661,2,661
105697,103776,0,0,0,0,2020-12-17,2024-02-27,1168,112128,103776,8352,1081,87,1081
105714,60288,0,0,0,0,2022-06-08,2024-02-27,630,60480,60288,192,628,2,628
1057211,35808,0,0,0,0,2023-02-19,2024-02-27,374,35904,35808,96,373,1,373
105807,119136,0,0,0,0,2020-10-01,2024-02-27,1245,119520,119136,384,1241,4,1241
105900,51552,0,0,0,0,2021-10-26,2024-02-27,855,82080,51552,30528,537,318,537
106100,71040,0,0,0,0,2022-02-16,2024-02-27,742,71232,71040,192,740,2,740
1061006,36576,0,0,0,0,2023-02-11,2024-02-27,382,36672,36576,96,381,1,381
106102,62880,0,0,0,0,2022-05-12,2024-02-27,657,63072,62880,192,655,2,655
106109,116352,0,0,0,0,2020-10-16,2024-02-27,1230,118080,116352,1728,1212,18,1212
1061168,95520,0,0,0,0,2020-10-01,2023-11-08,1134,108864,95520,13344,995,139,995
1061228,61440,0,0,0,0,2022-01-19,2023-10-25,645,61920,61440,480,640,5,640
106310,50496,0,0,0,0,2022-09-12,2024-02-27,534,51264,50496,768,526,8,526
1065698,63648,0,0,63648,0,2022-05-04,2024-02-27,665,63840,0,63840,0,665,0
1066796,43872,0,0,0,0,2021-12-11,2024-02-27,809,77664,43872,33792,457,352,457
106691,95520,0,0,0,0,2021-06-06,2024-02-27,997,95712,95520,192,995,2,995
106791,23904,0,0,0,0,2022-12-14,2024-02-27,441,42336,23904,18432,249,192,249
106841,36672,0,0,0,0,2023-02-10,2024-02-27,383,36768,36672,96,382,1,382
1071058,101472,0,0,0,0,2021-04-05,2024-02-27,1059,101664,101472,192,1057,2,1057
107114,135936,0,0,0,0,2020-03-31,2024-02-27,1429,137184,135936,1248,1416,13,1416
1073767,102720,0,0,0,0,2021-03-17,2024-02-27,1078,103488,102720,768,1070,8,1070
107461,56256,0,0,0,0,2022-05-02,2024-02-16,656,62976,56256,6720,586,70,586
1075697,52128,0,0,0,0,2022-09-01,2024-02-27,545,52320,52128,192,543,2,543
107719,31968,0,0,0,0,2023-03-11,2024-02-27,354,33984,31968,2016,333,21,333
1078861,38304,0,0,0,0,2022-03-12,2023-10-12,580,55680,38304,17376,399,181,399
1079731,59136,0,0,0,0,2022-06-20,2024-02-27,618,59328,59136,192,616,2,616
108100,62016,0,0,0,0,2022-05-01,2024-02-27,668,64128,62016,2112,646,22,646
1081057,115008,0,0,0,0,2020-11-15,2024-02-27,1200,115200,115008,192,1198,2,1198
108511,76992,0,0,0,0,2021-12-16,2024-02-27,804,77184,76992,192,802,2,802
108757,80736,0,0,0,0,2021-11-07,2024-02-27,843,80928,80736,192,841,2,841
108798,74016,0,0,0,0,2022-01-09,2024-02-27,780,74880,74016,864,771,9,771
1088228,48288,0,0,0,0,2022-10-11,2024-02-27,505,48480,48288,192,503,2,503
108849,15648,0,0,0,0,2023-02-19,2024-02-27,374,35904,15648,20256,163,211,163
108927,49632,0,0,0,0,2022-09-27,2024-02-27,519,49824,49632,192,517,2,517
108987,48960,0,0,0,0,2022-10-04,2024-02-27,512,49152,48960,192,510,2,510
1090081,143232,0,0,0,0,2019-11-28,2024-02-27,1553,149088,143232,5856,1492,61,1492
109073,36288,0,0,0,0,2023-02-14,2024-02-27,379,36384,36288,96,378,1,378
109104,112608,0,0,0,0,2020-12-09,2024-02-26,1175,112800,112608,192,1173,2,1173
109107,48384,0,0,0,0,2022-10-10,2024-02-27,506,48576,48384,192,504,2,504
109111,64032,0,0,0,0,2022-04-30,2024-02-27,669,64224,64032,192,667,2,667
1091217,99456,0,0,0,0,2021-04-25,2024-02-27,1039,99744,99456,288,1036,3,1036
109677,37056,0,0,96,0,2023-02-06,2024-02-27,387,37152,36960,192,385,2,385
109711,68160,0,0,0,0,2022-03-18,2024-02-27,712,68352,68160,192,710,2,710
109879,41472,0,0,0,0,2022-12-21,2024-02-27,434,41664,41472,192,432,2,432
1101068,84672,0,0,0,0,2021-09-25,2024-02-27,886,85056,84672,384,882,4,882
1101151,35616,0,0,0,0,2023-02-18,2024-02-27,375,36000,35616,384,371,4,371
1101186,119328,0,0,0,0,2020-10-01,2024-02-27,1245,119520,119328,192,1243,2,1243
1101758,145728,0,0,0,0,2019-12-22,2024-02-27,1529,146784,145728,1056,1518,11,1518
110411,84576,0,0,0,0,2021-09-28,2024-02-27,883,84768,84576,192,881,2,881
110766,49056,0,0,0,0,2022-10-03,2024-02-27,513,49248,49056,192,511,2,511
110810,35424,0,0,0,0,2023-02-23,2024-02-27,370,35520,35424,96,369,1,369
111119,148608,0,0,0,0,2019-11-19,2024-02-27,1562,149952,148608,1344,1548,14,1548
1111201,82944,0,0,0,0,2021-10-12,2024-02-27,869,83424,82944,480,864,5,864
1111228,92256,0,0,0,0,2021-07-10,2024-02-27,963,92448,92256,192,961,2,961
111387,47712,0,0,0,0,2022-10-17,2024-02-27,499,47904,47712,192,497,2,497
111651,51744,0,0,0,0,2022-09-05,2024-02-27,541,51936,51744,192,539,2,539
1118211,45696,0,0,0,0,2022-05-24,2024-02-27,645,61920,45696,16224,476,169,476
111901,30720,0,0,0,0,2023-02-14,2024-02-27,379,36384,30720,5664,320,59,320
1121071,62016,0,0,0,0,2022-05-15,2024-02-21,648,62208,62016,192,646,2,646
1121081,50400,0,0,0,0,2022-09-19,2024-02-27,527,50592,50400,192,525,2,525
112110,38784,0,0,0,0,2023-01-19,2024-02-27,405,38880,38784,96,404,1,404
112120,123360,0,0,0,0,2020-06-05,2024-02-27,1363,130848,123360,7488,1285,78,1285
112122,139968,0,0,0,0,2020-02-29,2024-02-27,1460,140160,139968,192,1458,2,1458
112691,33792,0,0,0,0,2022-05-05,2024-01-23,629,60384,33792,26592,352,277,352
112810,82080,0,0,0,0,2021-09-02,2024-02-27,909,87264,82080,5184,855,54,855
113116,42720,0,0,0,0,2022-12-07,2024-02-27,448,43008,42720,288,445,3,445
1137376,160800,0,0,0,0,2019-05-20,2024-02-27,1745,167520,160800,6720,1675,70,1675
113817,72288,0,0,0,0,2021-12-29,2024-02-27,791,75936,72288,3648,753,38,753
113987,40800,0,0,0,0,2022-12-29,2024-02-27,426,40896,40800,96,425,1,425
114104,39840,0,0,0,0,2023-01-07,2024-02-27,417,40032,39840,192,415,2,415
1141047,44832,0,0,0,0,2022-11-17,2024-02-27,468,44928,44832,96,467,1,467
1141091,63264,0,0,0,0,2022-05-08,2024-02-27,661,63456,63264,192,659,2,659
1141141,62784,0,0,0,0,2022-05-13,2024-02-27,656,62976,62784,192,654,2,654
114119,42816,0,0,0,0,2022-11-22,2024-02-27,463,44448,42816,1632,446,17,446
114671,55488,0,0,576,0,2022-03-12,2023-11-16,615,59040,54912,4128,572,43,572
114677,35520,0,0,0,0,2023-02-22,2024-02-27,371,35616,35520,96,370,1,370
114721,146112,0,0,0,0,2019-12-03,2024-02-27,1548,148608,146112,2496,1522,26,1522
1147810,37056,0,0,0,0,2023-02-06,2024-02-27,387,37152,37056,96,386,1,386
114791,44832,0,0,0,0,2022-10-25,2024-02-12,476,45696,44832,864,467,9,467
114798,103968,0,0,0,0,2020-12-16,2024-02-25,1167,112032,103968,8064,1083,84,1083
114810,130368,0,0,0,0,2020-06-05,2024-02-27,1363,130848,130368,480,1358,5,1358
1148611,130656,0,0,0,0,2020-02-19,2024-02-27,1470,141120,130656,10464,1361,109,1361
1151067,53664,0,0,0,0,2022-08-10,2024-02-27,567,54432,53664,768,559,8,559
1158778,73344,0,0,0,0,2022-01-18,2024-02-23,767,73632,73344,288,764,3,764
1159664,43488,0,0,0,0,2022-11-22,2024-02-18,454,43584,43488,96,453,1,453
116117,83328,0,0,0,0,2021-10-11,2024-02-27,870,83520,83328,192,868,2,868
116121,118944,0,0,0,0,2020-10-01,2024-02-27,1245,119520,118944,576,1239,6,1239
116310,27552,0,0,0,0,2021-10-03,2024-02-27,878,84288,27552,56736,287,591,287
116977,147936,0,0,0,0,2019-12-02,2024-02-27,1549,148704,147936,768,1541,8,1541
117010,85920,0,0,0,0,2021-09-14,2024-02-27,897,86112,85920,192,895,2,895
117105,47040,0,0,0,0,2022-10-24,2024-02-27,492,47232,47040,192,490,2,490
1171127,106368,0,0,0,0,2020-11-01,2024-02-27,1214,116544,106368,10176,1108,106,1108
118101,63456,0,0,0,0,2022-05-06,2024-02-27,663,63648,63456,192,661,2,661
118114,51072,0,0,0,0,2022-09-12,2024-02-27,534,51264,51072,192,532,2,532
118117,108672,0,0,0,0,2021-01-19,2024-02-27,1135,108960,108672,288,1132,3,1132
118708,133728,0,0,0,0,2020-05-03,2024-02-27,1396,134016,133728,288,1393,3,1393
1191021,38688,0,0,0,0,2022-12-08,2024-02-27,447,42912,38688,4224,403,44,403
1191088,34944,0,0,0,0,2023-02-28,2024-02-27,365,35040,34944,96,364,1,364
1191127,28320,0,0,0,0,2023-05-08,2024-02-27,296,28416,28320,96,295,1,295
119117,46944,0,0,0,0,2022-10-25,2024-02-27,491,47136,46944,192,489,2,489
119122,51936,0,0,0,0,2022-09-03,2024-02-27,543,52128,51936,192,541,2,541
1193858,36576,0,0,0,0,2023-02-11,2024-02-27,382,36672,36576,96,381,1,381
119461,20736,0,0,0,0,2023-07-26,2024-02-27,217,20832,20736,96,216,1,216
119498,41664,0,0,0,0,2022-12-10,2024-02-27,445,42720,41664,1056,434,11,434
1197401,43008,0,0,0,0,2022-12-06,2024-02-27,449,43104,43008,96,448,1,448
119781,109344,0,0,0,0,2021-01-04,2024-02-27,1150,110400,109344,1056,1139,11,1139
119816,55488,0,0,0,0,2022-07-17,2024-02-27,591,56736,55488,1248,578,13,578
1199104,72960,0,0,0,0,2022-01-27,2024-02-27,762,73152,72960,192,760,2,760
120461,63648,0,0,0,0,2022-05-04,2024-02-27,665,63840,63648,192,663,2,663
120701,54912,0,0,0,0,2022-07-20,2024-02-27,588,56448,54912,1536,572,16,572
120741,115776,0,0,0,0,2020-11-07,2024-02-27,1208,115968,115776,192,1206,2,1206
120871,39552,0,0,0,0,2023-01-11,2024-02-27,413,39648,39552,96,412,1,412
120901,51648,0,0,0,0,2022-09-05,2024-02-27,541,51936,51648,288,538,3,538
120912,6336,0,0,0,0,2019-11-12,2020-01-16,66,6336,6336,0,66,0,66
121046,43776,0,0,0,0,2022-11-28,2024-02-27,457,43872,43776,96,456,1,456
1211151,87264,0,0,0,0,2021-08-25,2024-02-27,917,88032,87264,768,909,8,909
1214111,47040,0,0,0,0,2022-10-24,2024-02-27,492,47232,47040,192,490,2,490
121701,79008,0,0,0,0,2021-11-25,2024-02-27,825,79200,79008,192,823,2,823
121728,149760,0,0,0,0,2019-11-03,2024-02-27,1578,151488,149760,1728,1560,18,1560
121778,64896,0,0,0,0,2022-04-21,2024-02-27,678,65088,64896,192,676,2,676
1218377,68064,0,0,0,0,2022-03-19,2024-02-27,711,68256,68064,192,709,2,709
121876,45024,0,0,0,0,2022-11-15,2024-02-27,470,45120,45024,96,469,1,469
121887,36960,0,0,0,0,2022-08-31,2024-02-27,546,52416,36960,15456,385,161,385
122108,70656,0,0,0,0,2022-02-20,2024-02-27,738,70848,70656,192,736,2,736
1223661,45024,0,0,0,0,2022-11-12,2024-02-27,473,45408,45024,384,469,4,469
122671,36576,0,0,0,0,2023-02-11,2024-02-27,382,36672,36576,96,381,1,381
1228011,64896,0,0,0,0,2022-04-21,2024-02-27,678,65088,64896,192,676,2,676
1228100,15360,0,0,0,0,2023-02-19,2024-02-27,374,35904,15360,20544,160,214,160
1228211,49536,0,0,0,0,2022-09-28,2024-02-27,518,49728,49536,192,516,2,516
122850,87456,0,0,0,0,2021-08-29,2024-02-27,913,87648,87456,192,911,2,911
122887,105312,0,0,0,0,2021-02-24,2024-02-27,1099,105504,105312,192,1097,2,1097
128268,108192,0,0,0,0,2021-01-21,2024-02-27,1133,108768,108192,576,1127,6,1127
190821,123936,0,0,0,0,2020-08-12,2024-02-27,1295,124320,123936,384,1291,4,1291
279461,56832,0,0,0,0,2022-07-14,2024-02-27,594,57024,56832,192,592,2,592
2794690,116448,0,0,0,0,2020-10-31,2024-02-27,1215,116640,116448,192,1213,2,1213
287100,44544,0,0,0,0,2022-11-20,2024-02-27,465,44640,44544,96,464,1,464
2887690,51648,0,0,0,0,2022-09-05,2024-02-27,541,51936,51648,288,538,3,538
298120,70464,0,0,0,0,2022-02-22,2024-02-27,736,70656,70464,192,734,2,734
310610,91968,0,0,0,0,2021-06-16,2024-02-27,987,94752,91968,2784,958,29,958
311110,43392,0,0,0,0,2022-12-02,2024-02-27,453,43488,43392,96,452,1,452
3699704,46176,0,0,0,0,2022-11-03,2024-02-27,482,46272,46176,96,481,1,481
382698,82368,0,0,0,0,2021-07-30,2024-02-27,943,90528,82368,8160,858,85,858
4115111,34752,0,0,0,0,2023-03-02,2024-02-27,363,34848,34752,96,362,1,362
417510,62976,0,0,0,0,2022-02-17,2024-02-14,728,69888,62976,6912,656,72,656
419075,63456,0,0,0,0,2022-05-04,2024-02-25,663,63648,63456,192,661,2,661
461089,136992,0,0,0,0,2020-03-20,2024-02-27,1440,138240,136992,1248,1427,13,1427
461101,9792,0,0,0,0,2023-11-11,2024-02-27,109,10464,9792,672,102,7,102
461104,74400,0,0,0,0,2021-08-30,2024-02-27,912,87552,74400,13152,775,137,775
461158,66624,0,0,0,0,2022-04-03,2024-02-27,696,66816,66624,192,694,2,694
461226,45024,0,0,0,0,2022-11-15,2024-02-27,470,45120,45024,96,469,1,469
466710,59136,0,0,0,0,2022-06-20,2024-02-27,618,59328,59136,192,616,2,616
466866,43680,0,0,0,0,2022-11-29,2024-02-27,456,43776,43680,96,455,1,455
4675977,41088,0,0,0,0,2022-12-25,2024-02-27,430,41280,41088,192,428,2,428
467969,31872,0,0,0,0,2023-02-27,2024-02-27,366,35136,31872,3264,332,34,332
468646,63648,0,0,0,0,2022-05-04,2024-02-27,665,63840,63648,192,663,2,663
468980,116832,0,0,0,0,2020-10-24,2024-02-27,1222,117312,116832,480,1217,5,1217
469790,114144,0,0,0,0,2020-11-17,2024-02-27,1198,115008,114144,864,1189,9,1189
4710670,110592,0,0,0,0,2020-12-09,2024-02-27,1176,112896,110592,2304,1152,24,1152
477661,78528,0,0,0,0,2021-11-17,2024-02-27,833,79968,78528,1440,818,15,818
481791,44448,0,0,0,0,2022-11-16,2024-02-27,469,45024,44448,576,463,6,463
4911611,35328,0,0,0,0,2023-02-24,2024-02-27,369,35424,35328,96,368,1,368
508846,44352,0,0,0,0,2022-11-22,2024-02-27,463,44448,44352,96,462,1,462
5102111,68064,0,0,0,0,2022-03-19,2024-02-27,711,68256,68064,192,709,2,709
512280,136800,0,0,0,0,2020-03-28,2024-02-27,1432,137472,136800,672,1425,7,1425
5769106,55680,0,0,0,0,2022-07-26,2024-02-27,582,55872,55680,192,580,2,580
582662,42912,0,0,0,0,2022-12-07,2024-02-27,448,43008,42912,96,447,1,447
5831058,107328,0,0,0,0,2021-01-22,2024-02-27,1132,108672,107328,1344,1118,14,1118
5845834,53376,0,0,0,0,2022-06-27,2024-02-27,611,58656,53376,5280,556,55,556
610891,100992,0,0,21312,0,2021-01-20,2024-02-25,1132,108672,79680,28992,830,302,830
611610,71424,0,0,0,0,2022-02-12,2024-02-27,746,71616,71424,192,744,2,744
611629,85344,0,0,0,0,2020-12-22,2024-02-27,1163,111648,85344,26304,889,274,889
6512274,34560,0,0,0,0,2023-01-11,2024-02-27,413,39648,34560,5088,360,53,360
654611,14976,0,0,0,0,2021-02-07,2024-02-27,1116,107136,14976,92160,156,960,156
6569121,68832,0,0,0,0,2022-03-11,2024-02-27,719,69024,68832,192,717,2,717
6577811,66816,0,0,0,0,2022-04-01,2024-02-27,698,67008,66816,192,696,2,696
658466,92928,0,0,0,0,2021-04-08,2024-02-27,1056,101376,92928,8448,968,88,968
661091,65568,0,0,0,0,2022-04-14,2024-02-27,685,65760,65568,192,683,2,683
669010,72576,0,0,0,0,2022-01-31,2024-02-27,758,72768,72576,192,756,2,756
6697809,80064,0,0,0,0,2021-11-10,2024-02-27,840,80640,80064,576,834,6,834
671781,44544,0,0,0,0,2022-11-15,2024-02-27,470,45120,44544,576,464,6,464
676510,110496,0,0,0,0,2020-12-31,2024-02-27,1154,110784,110496,288,1151,3,1151
676890,64800,0,0,0,0,2022-04-21,2024-02-26,677,64992,64800,192,675,2,675
677172,41568,0,0,0,0,2022-12-20,2024-02-27,435,41760,41568,192,433,2,433
6773102,137952,0,0,0,0,2020-02-27,2024-02-27,1462,140352,137952,2400,1437,25,1437
678103,48288,0,0,0,0,2020-12-28,2024-02-27,1157,111072,48288,62784,503,654,503
679810,110016,0,0,0,0,2021-01-03,2024-02-27,1151,110496,110016,480,1146,5,1146
6808461,112800,0,0,0,0,2020-12-08,2024-02-27,1177,112992,112800,192,1175,2,1175
680861,58272,0,0,4992,0,2019-11-18,2024-02-27,1563,150048,53280,96768,555,1008,555
681103,64224,0,0,0,0,2022-04-28,2024-02-27,671,64416,64224,192,669,2,669
683654,59616,0,0,0,0,2022-05-20,2024-02-27,649,62304,59616,2688,621,28,621
684461,42528,0,0,0,0,2022-12-10,2024-02-27,445,42720,42528,192,443,2,443
688105,8640,0,0,0,0,2023-11-14,2024-02-27,106,10176,8640,1536,90,16,90
688310,40992,0,0,0,0,2022-12-27,2024-02-27,428,41088,40992,96,427,1,427
688411,70848,0,0,0,0,2022-02-01,2024-02-27,757,72672,70848,1824,738,19,738
6885841,123360,0,0,0,0,2020-06-03,2023-12-12,1288,123648,123360,288,1285,3,1285
689878,63744,0,0,0,0,2022-05-03,2024-02-27,666,63936,63744,192,664,2,664
6901131,48096,0,0,0,0,2022-10-02,2024-02-27,514,49344,48096,1248,501,13,501
691171,45312,0,0,0,0,2022-11-11,2024-02-27,474,45504,45312,192,472,2,472
697998,46752,0,0,0,0,2022-10-27,2024-02-27,489,46944,46752,192,487,2,487
6981151,101472,0,0,0,0,2021-04-05,2024-02-27,1059,101664,101472,192,1057,2,1057
700484,40416,0,0,0,0,2023-01-02,2024-02-27,422,40512,40416,96,421,1,421
7011879,110400,0,0,0,0,2020-12-16,2024-02-27,1169,112224,110400,1824,1150,19,1150
7046666,46368,0,0,0,0,2022-11-01,2024-02-27,484,46464,46368,96,483,1,483
7048688,94080,0,0,0,0,2020-10-01,2024-02-27,1245,119520,94080,25440,980,265,980
706817,100224,0,0,0,0,2021-04-18,2024-02-27,1046,100416,100224,192,1044,2,1044
7069411,108672,0,0,13152,0,2021-01-20,2024-02-27,1134,108864,95520,13344,995,139,995
708210,109056,0,0,0,0,2021-01-07,2024-02-27,1147,110112,109056,1056,1136,11,1136
708499,57312,0,0,0,0,2022-06-13,2024-02-27,625,60000,57312,2688,597,28,597
7086681,133824,0,0,0,0,2020-05-02,2024-02-27,1397,134112,133824,288,1394,3,1394
7099511,27840,0,0,0,0,2022-07-14,2024-02-27,594,57024,27840,29184,290,304,290
710210,54912,0,0,0,0,2022-07-27,2024-02-27,581,55776,54912,864,572,9,572
7115691,64800,0,0,0,0,2022-04-22,2024-02-27,677,64992,64800,192,675,2,675
711910,115872,0,0,0,0,2020-11-04,2024-02-27,1211,116256,115872,384,1207,4,1207
712718,107616,0,0,0,0,2021-01-20,2024-02-27,1134,108864,107616,1248,1121,13,1121
7146661,40032,0,0,0,0,2023-01-04,2024-02-27,420,40320,40032,288,417,3,417
716869,112416,0,0,0,0,2020-12-12,2024-02-27,1173,112608,112416,192,1171,2,1171
716890,63840,0,0,0,0,2022-05-02,2024-02-27,667,64032,63840,192,665,2,665
717486,11712,0,0,0,0,2023-02-22,2024-02-27,371,35616,11712,23904,122,249,122
7179878,52416,0,0,0,0,2022-08-29,2024-02-27,548,52608,52416,192,546,2,546
719010,45600,0,0,0,0,2022-11-09,2024-02-27,476,45696,45600,96,475,1,475
721074,105408,0,0,0,0,2021-02-22,2024-02-27,1101,105696,105408,288,1098,3,1098
721077,109344,0,0,0,0,2021-01-10,2024-02-27,1144,109824,109344,480,1139,5,1139
7211010,55392,0,0,0,0,2022-07-29,2024-02-27,579,55584,55392,192,577,2,577
7211189,108480,0,0,0,0,2021-01-22,2024-02-27,1132,108672,108480,192,1130,2,1130
7211375,44928,0,0,0,0,2022-11-16,2024-02-27,469,45024,44928,96,468,1,468
725101,82560,0,0,0,0,2021-10-19,2024-02-27,862,82752,82560,192,860,2,860
727576,63648,0,0,0,0,2022-04-26,2024-02-27,673,64608,63648,960,663,10,663
727690,50016,0,0,0,0,2022-07-27,2024-01-25,548,52608,50016,2592,521,27,521
728210,39360,0,0,0,0,2023-01-13,2024-02-27,411,39456,39360,96,410,1,410
7286748,41664,0,0,0,0,2022-12-19,2024-02-27,436,41856,41664,192,434,2,434
731201,51648,0,0,0,0,2021-11-08,2024-02-27,842,80832,51648,29184,538,304,538
7374981,111072,0,0,0,0,2020-12-17,2024-02-27,1168,112128,111072,1056,1157,11,1157
738311,56928,0,0,0,0,2022-07-13,2024-02-27,595,57120,56928,192,593,2,593
738870,36864,0,0,0,0,2023-02-08,2024-02-27,385,36960,36864,96,384,1,384
7411010,148896,0,0,0,0,2019-11-28,2024-02-27,1553,149088,148896,192,1551,2,1551
7411491,108672,0,0,0,0,2021-01-19,2024-02-27,1135,108960,108672,288,1132,3,1132
741169,50880,0,0,0,0,2022-09-14,2024-02-27,532,51072,50880,192,530,2,530
7412010,125184,0,0,50208,0,2020-07-25,2024-02-27,1313,126048,74976,51072,781,532,781
7437311,50592,0,0,0,0,2022-09-17,2024-02-27,529,50784,50592,192,527,2,527
7474976,106272,0,0,0,0,2020-03-26,2024-02-27,1434,137664,106272,31392,1107,327,1107
747510,64800,0,0,0,0,2022-04-22,2024-02-27,677,64992,64800,192,675,2,675
747511,111360,0,0,111360,0,2020-12-16,2024-02-27,1169,112224,0,112224,0,1169,0
7510211,70656,0,0,0,0,2022-02-20,2024-02-27,738,70848,70656,192,736,2,736
751078,36672,0,0,0,0,2023-02-10,2024-02-27,383,36768,36672,96,382,1,382
751108,44352,0,0,0,0,2022-11-22,2024-02-27,463,44448,44352,96,462,1,462
7569701,64320,0,0,0,0,2022-04-27,2024-02-27,672,64512,64320,192,670,2,670
757271,36384,0,0,0,0,2023-02-13,2024-02-27,380,36480,36384,96,379,1,379
759747,58464,0,0,0,0,2022-05-31,2024-02-27,638,61248,58464,2784,609,29,609
760117,105600,0,0,0,0,2021-02-20,2024-02-27,1103,105888,105600,288,1100,3,1100
761079,134208,0,0,1728,0,2020-03-07,2024-02-27,1453,139488,132480,7008,1380,73,1380
761118,57600,0,0,0,0,2022-07-06,2024-02-27,602,57792,57600,192,600,2,600
7612088,57216,0,0,0,0,2022-07-09,2024-02-27,599,57504,57216,288,596,3,596
767371,40704,0,0,0,0,2022-12-30,2024-02-27,425,40800,40704,96,424,1,424
7679818,78816,0,0,0,0,2021-10-12,2024-02-27,869,83424,78816,4608,821,48,821
768078,36672,0,0,0,0,2023-02-10,2024-02-27,383,36768,36672,96,382,1,382
768113,86976,0,0,0,0,2021-08-29,2024-02-27,913,87648,86976,672,906,7,906
768498,47616,0,0,47616,0,2020-11-04,2022-03-16,498,47808,0,47808,0,498,0
771031,63648,0,0,0,0,2022-05-04,2024-02-27,665,63840,63648,192,663,2,663
7710311,43104,0,0,0,0,2022-11-25,2024-02-27,460,44160,43104,1056,449,11,449
771036,51456,0,0,0,0,2022-09-08,2024-02-27,538,51648,51456,192,536,2,536
7710511,118752,0,0,0,0,2020-10-01,2024-02-27,1245,119520,118752,768,1237,8,1237
7710710,35328,0,0,0,0,2023-02-24,2024-02-27,369,35424,35328,96,368,1,368
7747482,36672,0,0,0,0,2023-01-20,2024-02-20,397,38112,36672,1440,382,15,382
775840,42144,0,0,0,0,2022-12-14,2024-02-27,441,42336,42144,192,439,2,439
7771161,85344,0,0,0,0,2021-08-16,2024-02-27,926,88896,85344,3552,889,37,889
778721,105696,0,0,10848,0,2021-02-20,2024-02-27,1103,105888,94848,11040,988,115,988
7810010,62688,0,0,0,0,2022-05-14,2024-02-27,655,62880,62688,192,653,2,653
781011,64608,0,0,0,0,2022-04-24,2024-02-27,675,64800,64608,192,673,2,673
781099,139488,0,0,0,0,2020-02-27,2024-02-27,1462,140352,139488,864,1453,9,1453
7811599,59808,0,0,0,0,2022-06-13,2024-02-27,625,60000,59808,192,623,2,623
7846661,42720,0,0,0,0,2022-12-08,2024-02-27,447,42912,42720,192,445,2,445
7873107,64032,0,0,0,0,2022-04-30,2024-02-27,669,64224,64032,192,667,2,667
7873786,58464,0,0,0,0,2022-06-13,2024-02-27,625,60000,58464,1536,609,16,609
7878467,39648,0,0,0,0,2022-12-17,2024-02-27,438,42048,39648,2400,413,25,413
788488,57504,0,0,0,0,2021-08-27,2024-02-27,915,87840,57504,30336,599,316,599
7906883,32064,0,0,0,0,2021-05-10,2024-02-27,1024,98304,32064,66240,334,690,334
796869,100128,0,0,0,0,2021-04-19,2024-02-27,1045,100320,100128,192,1043,2,1043
7984107,68352,0,0,0,0,2021-05-04,2024-02-27,1030,98880,68352,30528,712,318,712
801001,63840,0,0,0,0,2022-05-01,2024-02-27,668,64128,63840,288,665,3,665
801031,91680,0,0,0,0,2021-06-28,2024-02-27,975,93600,91680,1920,955,20,955
8010411,108000,0,0,0,0,2020-11-21,2024-02-27,1194,114624,108000,6624,1125,69,1125
801209,56256,0,0,0,0,2022-07-19,2024-02-27,589,56544,56256,288,586,3,586
8061051,48288,0,0,0,0,2022-10-11,2024-02-27,505,48480,48288,192,503,2,503
807356,19584,0,0,0,0,2023-08-07,2024-02-27,205,19680,19584,96,204,1,204
8079897,51648,0,0,0,0,2022-09-06,2024-02-27,540,51840,51648,192,538,2,538
808112,139296,0,0,0,0,2020-03-03,2024-02-27,1457,139872,139296,576,1451,6,1451
808410,7488,0,0,0,0,2023-03-24,2024-02-16,330,31680,7488,24192,78,252,78
8087988,37056,0,0,0,0,2023-02-06,2024-02-27,387,37152,37056,96,386,1,386
810510,13248,0,0,0,0,2022-04-02,2024-02-27,697,66912,13248,53664,138,559,138
811080,99552,0,0,0,0,2021-04-25,2024-02-27,1039,99744,99552,192,1037,2,1037
8111796,48192,0,0,0,0,2022-10-11,2024-02-27,505,48480,48192,288,502,3,502
8112146,107424,0,0,0,0,2021-01-23,2024-02-27,1131,108576,107424,1152,1119,12,1119
812127,64800,0,0,0,0,2022-04-22,2024-02-27,677,64992,64800,192,675,2,675
812183,22752,0,0,0,0,2021-03-18,2024-02-27,1077,103392,22752,80640,237,840,237
815461,110208,0,0,0,0,2020-10-12,2024-02-25,1232,118272,110208,8064,1148,84,1148
816910,85920,0,0,40320,0,2021-01-24,2024-02-27,1130,108480,45600,62880,475,655,475
817178,21504,0,0,0,0,2023-02-25,2024-02-27,368,35328,21504,13824,224,144,224
8190108,72768,0,0,0,0,2022-01-29,2024-02-27,760,72960,72768,192,758,2,758
821088,99264,0,0,0,0,2021-04-28,2024-02-27,1036,99456,99264,192,1034,2,1034
8212283,79392,0,0,0,0,2021-10-14,2024-02-26,866,83136,79392,3744,827,39,827
823761,148608,0,0,0,0,2019-11-16,2024-02-27,1565,150240,148608,1632,1548,17,1548
826780,80640,0,0,0,0,2021-11-08,2024-02-27,842,80832,80640,192,840,2,840
827183,43008,0,0,0,0,2022-12-06,2024-02-27,449,43104,43008,96,448,1,448
8272971,50976,0,0,0,0,2022-09-12,2024-02-27,534,51264,50976,288,531,3,531
8280779,64992,0,0,0,0,2022-04-20,2024-02-27,679,65184,64992,192,677,2,677
828110,37056,0,0,0,0,2023-02-06,2024-02-27,387,37152,37056,96,386,1,386
828710,60192,0,0,0,0,2022-06-09,2024-02-27,629,60384,60192,192,627,2,627
8312167,43008,0,0,0,0,2022-12-06,2024-02-27,449,43104,43008,96,448,1,448
838351,35232,0,0,0,0,2023-02-24,2024-02-27,369,35424,35232,192,367,2,367
8399121,45696,0,0,0,0,2022-01-08,2024-02-27,781,74976,45696,29280,476,305,476
8410090,46464,0,0,0,0,2022-10-31,2024-02-27,485,46560,46464,96,484,1,484
841087,41568,0,0,0,0,2022-11-08,2024-02-27,477,45792,41568,4224,433,44,433
841184,59808,0,0,0,0,2022-06-13,2024-02-27,625,60000,59808,192,623,2,623
841211,68256,0,0,0,0,2021-10-11,2023-09-25,715,68640,68256,384,711,4,711
847111,42816,0,0,0,0,2022-12-06,2024-02-27,449,43104,42816,288,446,3,446
847480,43584,0,0,0,0,2022-11-21,2024-02-23,460,44160,43584,576,454,6,454
847678,45408,0,0,0,0,2022-11-11,2024-02-27,474,45504,45408,96,473,1,473
8478885,63648,0,0,0,0,2022-05-04,2024-02-27,665,63840,63648,192,663,2,663
850210,47520,0,0,0,0,2022-10-19,2024-02-27,497,47712,47520,192,495,2,495
851017,61152,0,0,0,0,2022-05-30,2024-02-27,639,61344,61152,192,637,2,637
851058,45120,0,0,0,0,2022-11-14,2024-02-27,471,45216,45120,96,470,1,470
8566105,38880,0,0,0,0,2023-01-17,2024-02-27,407,39072,38880,192,405,2,405
856765,47904,0,0,864,0,2022-10-12,2024-02-27,504,48384,47040,1344,490,14,490
856810,113664,0,0,0,0,2020-11-29,2024-02-27,1186,113856,113664,192,1184,2,1184
858577,108000,0,0,0,0,2021-01-20,2024-02-27,1134,108864,108000,864,1125,9,1125
859770,71040,0,0,0,0,2022-02-16,2024-02-27,742,71232,71040,192,740,2,740
861116,131232,0,0,0,0,2020-05-26,2024-02-27,1373,131808,131232,576,1367,6,1367
861151,34944,0,0,0,0,2023-02-28,2024-02-27,365,35040,34944,96,364,1,364
8611610,72480,0,0,0,0,2022-02-01,2024-02-27,757,72672,72480,192,755,2,755
8611772,68256,0,0,0,0,2022-02-22,2024-02-27,736,70656,68256,2400,711,25,711
8612210,55680,0,0,0,0,2022-07-26,2024-02-27,582,55872,55680,192,580,2,580
865116,71712,0,0,0,0,2021-09-21,2024-02-13,876,84096,71712,12384,747,129,747
8673111,45504,0,0,0,0,2022-11-10,2024-02-27,475,45600,45504,96,474,1,474
8681127,87840,0,0,0,0,2020-03-03,2022-10-05,947,90912,87840,3072,915,32,915
868122,147360,0,0,0,0,2019-11-12,2024-02-27,1569,150624,147360,3264,1535,34,1535
8701118,110688,0,0,0,0,2020-12-17,2024-02-27,1168,112128,110688,1440,1153,15,1153
872117,56352,0,0,0,0,2022-07-18,2024-02-27,590,56640,56352,288,587,3,587
876790,86400,0,0,0,0,2021-09-09,2024-02-27,902,86592,86400,192,900,2,900
8773113,44928,0,0,0,0,2022-11-15,2024-02-27,470,45120,44928,192,468,2,468
878751,32352,0,0,0,0,2023-03-10,2024-02-27,355,34080,32352,1728,337,18,337
879894,39744,0,0,0,0,2023-01-09,2024-02-27,415,39840,39744,96,414,1,414
881223,116352,0,0,0,0,2020-11-01,2024-02-27,1214,116544,116352,192,1212,2,1212
884673,63648,0,0,1152,0,2022-05-04,2024-02-27,665,63840,62496,1344,651,14,651
8877761,62784,0,0,0,0,2022-05-13,2024-02-27,656,62976,62784,192,654,2,654
887911,59136,0,0,0,0,2022-06-20,2024-02-27,618,59328,59136,192,616,2,616
888888,59808,0,0,0,0,2022-06-13,2024-02-27,625,60000,59808,192,623,2,623
8910784,61056,0,0,0,0,2022-05-31,2024-02-27,638,61248,61056,192,636,2,636
8910987,56448,0,0,0,0,2022-07-18,2024-02-27,590,56640,56448,192,588,2,588
897166,36672,0,0,0,0,2023-02-10,2024-02-27,383,36768,36672,96,382,1,382
8971777,76512,0,0,0,0,2021-12-20,2024-02-27,800,76800,76512,288,797,3,797
897237,54624,0,0,0,0,2020-10-15,2024-02-27,1231,118176,54624,63552,569,662,569
897410,62400,0,0,0,0,2022-05-16,2024-02-27,653,62688,62400,288,650,3,650
8985109,36000,0,0,0,0,2023-02-17,2024-02-27,376,36096,36000,96,375,1,375
9011578,60096,0,0,0,0,2022-06-09,2024-02-27,629,60384,60096,288,626,3,626
901207,58848,0,0,0,0,2022-06-22,2024-02-27,616,59136,58848,288,613,3,613
9073879,9600,0,0,0,0,2023-11-20,2024-02-27,100,9600,9600,0,100,0,100
908510,38400,0,0,0,0,2023-01-23,2024-02-27,401,38496,38400,96,400,1,400
9097838,90432,0,0,0,0,2021-07-29,2024-02-27,944,90624,90432,192,942,2,942
9115910,53280,0,0,0,0,2022-08-20,2024-02-27,557,53472,53280,192,555,2,555
966771,64896,0,0,0,0,2022-04-21,2024-02-27,678,65088,64896,192,676,2,676
970807,82272,0,0,1248,0,2021-10-21,2024-02-27,860,82560,81024,1536,844,16,844
971044,61536,0,0,0,0,2022-05-14,2024-02-27,655,62880,61536,1344,641,14,641
971071,150240,0,0,0,0,2019-11-14,2024-02-27,1567,150432,150240,192,1565,2,1565
9711086,108768,0,0,0,0,2021-01-11,2024-02-27,1143,109728,108768,960,1133,10,1133
971151,35616,0,0,0,0,2023-02-21,2024-02-27,372,35712,35616,96,371,1,371
9776611,119328,0,0,0,0,2020-10-01,2024-02-27,1245,119520,119328,192,1243,2,1243
9812028,38976,0,0,0,0,2023-01-17,2024-02-27,407,39072,38976,96,406,1,406
9816877,52416,0,0,0,0,2022-08-20,2024-02-27,557,53472,52416,1056,546,11,546
984977,44544,0,0,0,0,2022-01-24,2024-02-27,765,73440,44544,28896,464,301,464
987611,55680,0,0,0,0,2022-07-26,2024-02-27,582,55872,55680,192,580,2,580
988311,9792,0,0,0,0,2023-11-02,2024-02-27,118,11328,9792,1536,102,16,102
9889114,86784,0,0,0,0,2021-04-01,2023-09-22,905,86880,86784,96,904,1,904
9889190,111264,0,0,0,0,2020-11-02,2024-02-27,1213,116448,111264,5184,1159,54,1159
991118,150432,0,0,0,0,2019-11-12,2024-02-27,1569,150624,150432,192,1567,2,1567
991158,46464,0,0,0,0,2022-10-31,2024-02-27,485,46560,46464,96,484,1,484
995696,36672,0,0,0,0,2023-02-10,2024-02-27,383,36768,36672,96,382,1,382
996610,74400,0,0,74400,0,2021-11-26,2024-02-27,824,79104,0,79104,0,824,0
9970781,44832,0,0,0,0,2022-11-17,2024-02-27,468,44928,44832,96,467,1,467
997610,37152,0,0,0,0,2023-02-04,2024-02-27,389,37344,37152,192,387,2,387
9981041,112512,0,0,0,0,2020-11-02,2024-02-27,1213,116448,112512,3936,1172,41,1172
