group,scope,model,households,scored_intervals,mean_household_MAE,median_household_MAE,min_household_MAE,p90_household_MAE,max_household_MAE,overall_MAE,RMSE,daily_energy_MAE_kWh,bias,mean_actual,mean_pred
combined,common,naive_7day,241,7343712,0.2054154428254735,0.18670728266090297,0.028002064564564562,0.3385443984149856,0.619092219020173,0.2046678015150921,0.3901450728692527,7.916992300351648,0.0005376703225834564,0.26683018574257816,0.2673678560651616
combined,common,seasonal_mean_4weeks,241,7343712,0.18713790067177194,0.17150431526176754,0.024945815607273943,0.31028153017931476,0.5461760651817162,0.1863804999093102,0.3232193993886465,8.009632099951633,0.003033372552827054,0.26683018574257816,0.2698635582954052
combined,common,autogluon_pooled_2345_cutoff,241,7343712,0.16030589441828005,0.14551077971361465,0.021074371246450296,0.2543278942071555,0.46391270101278886,0.15950562363012918,0.30690787802974123,7.650084323577659,-0.06563478753839079,0.26683018574257816,0.20119539820418736
combined,common,autogluon_pv_split_1145,241,7343712,0.15961057952695984,0.1463100571685825,0.021423742982264512,0.26672331198957483,0.4535150387913684,0.15867740224364288,0.3040246313464582,7.780650829650311,-0.057061624896489055,0.26683018574257816,0.2097685608460891
combined,all,naive_7day,241,7369536,0.20532947011203173,0.18732579851104708,0.028002064564564562,0.3385443984149856,0.619092219020173,0.2046992052145481,0.3901051067459581,7.923808977932939,0.00045259701560586713,0.26679663821440047,0.2672492352300063
combined,all,seasonal_mean_4weeks,241,7389024,0.18745107761211152,0.1718638799090038,0.025254757661422485,0.31060159243295016,0.5463919944324713,0.18675539104803737,0.32367641043615447,8.040271441532738,0.0027939937105811723,0.267081965087676,0.2698759587982572
combined,all,autogluon_pooled_2345_cutoff,241,7435776,0.1609514998213827,0.1464037083235739,0.021483127894316386,0.2643963457839589,0.45140688797328526,0.16016413185116735,0.30764305097671896,7.724466196103295,-0.0659510709415577,0.26714711927847207,0.20119604833691437
combined,all,autogluon_pv_split_1145,241,7433088,0.16042302043842624,0.1458676606637575,0.021910131776483405,0.2667872138065986,0.44909808521267697,0.15946602918975053,0.30497278063532496,7.857379424611545,-0.05713139897478405,0.2671556739271754,0.21002427495239132
pv,common,naive_7day,131,3935424,0.1981983370796702,0.18149012367915465,0.028002064564564562,0.36638130403458213,0.619092219020173,0.19697697681368007,0.40058304778132187,8.26771888569059,0.0007848308085736124,0.24200957355547967,0.24279440436405328
pv,common,seasonal_mean_4weeks,131,3935424,0.18153722400346498,0.16571463486631444,0.024945815607273943,0.3305255123033076,0.5461760651817162,0.1804173553472256,0.3315568276940255,8.364907057536875,0.0029309189005640394,0.24200957355547967,0.2449404924560437
pv,common,autogluon_pooled_2345_cutoff,131,3935424,0.15290836746733263,0.14181804061082717,0.021074371246450296,0.27283323400376563,0.4517941213091889,0.1518829312108528,0.3133129351099609,7.526042659351051,-0.06282696723528577,0.24200957355547967,0.1791826063201939
pv,common,autogluon_pv_split_1145,131,3935424,0.15393012582422022,0.14250335382090007,0.021423742982264512,0.2762476604900484,0.4493811522057941,0.15264847937717327,0.3129498966318272,7.896114829399153,-0.0588621240825063,0.24200957355547967,0.18314744947297337
pv,all,naive_7day,131,3951648,0.19823224878120826,0.18149012367915465,0.028002064564564562,0.36638130403458213,0.619092219020173,0.19707790876110423,0.40057080039433984,8.273261861380366,0.0007235052312351707,0.24204332926414496,0.24276683449538014
pv,all,seasonal_mean_4weeks,131,3959520,0.18188368207203154,0.16576864573355682,0.025254757661422485,0.33082170839337177,0.5463919944324713,0.18070723663053434,0.3317765767002653,8.387700955671395,0.0026740963340674295,0.24225106351274903,0.24492515984681645
pv,all,autogluon_pooled_2345_cutoff,131,3989760,0.15397856360186643,0.14209664527892016,0.021483127894316386,0.2726316001922611,0.45140688797328526,0.15267774467836026,0.31398410348429295,7.603224465751431,-0.06273719323336331,0.2424290816991498,0.1796918884657865
pv,all,autogluon_pv_split_1145,131,3987936,0.15526753840766,0.14293672679398972,0.021910131776483405,0.27710555469627746,0.44909808521267697,0.15364980842672152,0.3140683228466979,7.988700101544093,-0.05858231530572761,0.24242802743073108,0.18384571212500347
non_pv,common,naive_7day,110,3408288,0.21401035966820284,0.19507502652371175,0.07377956892411143,0.315269441107872,0.5134923757530121,0.21354811213136918,0.37773410109658145,7.512021293975158,0.000252283257752866,0.29548962793050354,0.2957419111882564
non_pv,common,seasonal_mean_4weeks,110,3408288,0.1938077974313012,0.17920483234269935,0.06700729717018893,0.2964160456384139,0.48527357198748045,0.19326592221666714,0.3133166160193674,7.599409256494757,0.0031516719928988794,0.29548962793050354,0.29864129992340244
non_pv,common,autogluon_pooled_2345_cutoff,110,3408288,0.16911567651440837,0.15314885838999265,0.06448282742184543,0.24873820890521753,0.46391270101278886,0.16830726442205704,0.29934176034268795,7.79331064201006,-0.06887687371436146,0.29548962793050354,0.22661275421614208
non_pv,common,autogluon_pv_split_1145,110,3408288,0.1663754834820407,0.14887608576590436,0.060934387921833935,0.24829078510704977,0.4535150387913684,0.16563877632437002,0.2933813873482498,7.647328822898657,-0.05498265512966397,0.29548962793050354,0.24050697280083957
non_pv,all,naive_7day,110,3417888,0.21378161551510333,0.19559980944017186,0.07377956892411143,0.3159140722266198,0.5134923757530121,0.2135106937383554,0.37764367881684413,7.519783220515126,0.0001393819809192109,0.2954155876377459,0.2955549696186651
non_pv,all,seasonal_mean_4weeks,110,3429504,0.1940813395734795,0.17961643114339135,0.06700728617895912,0.29706919151101535,0.48345300018155407,0.19373826331737767,0.3140646637045053,7.639148098383907,0.0029324207426691057,0.2957503822710223,0.2986828030136914
non_pv,all,autogluon_pooled_2345_cutoff,110,3446016,0.16925563295553395,0.1534003868747949,0.06447996259582676,0.24895769032143777,0.4203401772808753,0.1688317898326099,0.30013414952124373,7.864838558300292,-0.0696720637416624,0.29576539545956837,0.22609333171790597
non_pv,all,autogluon_pv_split_1145,110,3445152,0.1665627308568842,0.14983735060635744,0.06096228688095135,0.24837831562544885,0.41316370177897627,0.16619859604451653,0.29409317297321214,7.705369163501532,-0.05545189064854539,0.2957791632996164,0.240327272651071
