scope,model,mean_household_MAE,median_household_MAE,min_household_MAE,p90_household_MAE,max_household_MAE,overall_MAE,RMSE,daily_energy_MAE_kWh,bias,mean_actual,mean_pred,households,scored_intervals,mean_hh_MAE_improvement_vs_A_%
common,naive_1day,0.19327541163521278,0.1773975945327553,0.026974414652567977,0.3099264224433643,0.6045512403660886,0.19193762537349363,0.3692195141970472,5.430780022772602,0.00012798452596560672,0.27570280209360204,0.27583078661956767,404,12562464,-21.312246987175435
common,naive_7day,0.20380490693639364,0.18756319243737957,0.02801095166163142,0.323397242453009,0.6195741510115608,0.2019015072998418,0.37775071730296716,7.716122307216164,0.0004124739382337733,0.27570280209360204,0.27611527603183583,404,12562464,-27.921244602650876
common,seasonal_mean_4weeks,0.18544694473772405,0.17171348051003732,0.02491810118747902,0.297449877569043,0.5467819901051703,0.18361361179489416,0.31325556226381074,7.7291505902026865,0.0028671321366572676,0.27570280209360204,0.27856993423025933,404,12562464,-16.398590864214906
common,autogluon_timeseries,0.15932060977787754,0.14725023105501567,0.021093957916638918,0.2506489785363646,0.46586613992342474,0.15781766614477732,0.29766493982001085,7.5768567423231135,-0.06577324113447058,0.27570280209360204,0.20992956095913146,404,12562464,0.0
common,autogluon_household_features,0.15918996903795424,0.14680131100625654,0.02103011420789481,0.2503041664506424,0.4665865268626321,0.15768555897025638,0.29709904414543653,7.542065416535223,-0.0643028348328484,0.27570280209360204,0.21139996726075364,404,12562464,0.08199864418385161
all,naive_1day,0.19339630509771197,0.1779824087415946,0.0273700853115727,0.3065670200679295,0.6049857708933718,0.19234335798889318,0.3695762923173507,5.452187855127071,9.383432888707304e-05,0.2759143728421262,0.2760082071710133,404,12688416,-21.388127604672277
all,naive_7day,0.2037502891791576,0.188000405259366,0.028002064564564562,0.32269805175312194,0.619092219020173,0.2020274312967338,0.3778089204846714,7.7189972425004365,0.0003156172215849672,0.27558988793385036,0.2759055051554353,404,12637536,-27.886962937954653
all,seasonal_mean_4weeks,0.18580312402556884,0.17223625816220917,0.025254757661422485,0.2989308074912197,0.5463919944324713,0.1840126151966386,0.3138082170346857,7.7589963337424495,0.00248832383333628,0.27582697207343376,0.27831529590677007,404,12671232,-16.622152202789604
all,autogluon_timeseries,0.1599043485929084,0.14806737447474944,0.021483127894316386,0.25096399578173856,0.45140688797328526,0.15846350451785388,0.29841360426783253,7.650926497834983,-0.06603836815107235,0.2758052048683658,0.20976683671729346,404,12727392,-0.3663925312893848
all,autogluon_household_features,0.1597628979768539,0.14802586842836662,0.02141403524589682,0.25039666414890865,0.45507966867648597,0.1583222565066382,0.2978411184801025,7.614854560755226,-0.06457518287925136,0.2758052048683658,0.21123002198911445,404,12727392,-0.2776089042045345
