Household_ID,MAE_A,MAE_B,delta,rel_change_%,pv_flag,has_survey,region,Group
988311,0.15099501953451702,0.14776697978968115,-0.0032280397448358755,-2.137845178461635,true,true,8jB,control
1121071,0.09788001796904205,0.09595091223702987,-0.0019291057320121874,-1.9708882078692853,true,true,8jB,control
815461,0.04179941363983364,0.04099145719114459,-0.0008079564486890498,-1.9329372790987922,true,false,8jB,treatment
812127,0.11086781645416066,0.10911414821062841,-0.0017536682435322498,-1.5817649337915123,true,true,8jB,control
1009851,0.14503675290110984,0.14278857029497777,-0.0022481826061320764,-1.5500778672733737,missing,true,Hg,control
8190108,0.17772916680077294,0.17521699849225159,-0.0025121683085213564,-1.4134811712347661,false,true,8jB,treatment
861116,0.1129591365277397,0.11143716349957994,-0.001521973028159762,-1.3473660253998194,true,true,ceOxS,treatment
118117,0.08300481556601719,0.08190574005117433,-0.0010990755148428538,-1.3241105438861114,false,true,MqO,treatment
103721,0.08403352511940392,0.08295501648324939,-0.0010785086361545237,-1.2834266260067777,false,true,8jB,treatment
700484,0.1562984941227589,0.15441391467626317,-0.0018845794464957266,-1.2057566242548396,missing,true,8jB,control
101797,0.1132170674785668,0.11189051427021421,-0.0013265532083525933,-1.1716901328536211,missing,true,Hg,control
678103,0.05564976850086853,0.05501409732799532,-0.0006356711728732062,-1.1422710102797378,true,true,sV3mR,control
856810,0.056837251231542346,0.056203120232786175,-0.0006341309987561716,-1.1156961060148083,true,true,Hg,control
104118,0.12069427444087333,0.11934830581113695,-0.001345968629736377,-1.115188467697986,false,true,Hg,treatment
688105,0.1282787867446236,0.12685845682916155,-0.0014203299154620375,-1.1072211949506656,true,true,8jB,control
118101,0.07785765143326526,0.07700686576198208,-0.0008507856712831746,-1.0927451003481852,true,true,8jB,control
876790,0.14617918795467824,0.14463125670866533,-0.0015479312460129069,-1.0589272437967239,false,true,Hg,treatment
751108,0.12007399562786598,0.11881816274197526,-0.0012558328858907203,-1.0458824821510935,false,true,Hg,treatment
106791,0.18309015395853667,0.18117622025101274,-0.0019139337075239349,-1.0453504277228212,true,true,z6I,control
113987,0.074969037423972,0.07419051681851388,-0.000778520605458119,-1.038456184324944,missing,true,Hg,control
119117,0.13474332530644562,0.1333587933705581,-0.0013845319358875285,-1.0275328538454125,true,true,8jB,control
7179878,0.12281716083427731,0.12159468245224184,-0.0012224783820354718,-0.9953644700230585,missing,true,8jB,control
7046666,0.27463859670261687,0.2719148441853612,-0.002723752517255651,-0.9917588241265937,true,true,8jB,control
8272971,0.14764971340967917,0.14620317540462474,-0.0014465380050544263,-0.979709321237056,missing,true,wDD,control
6577811,0.13452214006123653,0.13326461718903412,-0.0012575228722024046,-0.9348073645200418,missing,true,8jB,control
838351,0.13817167787277818,0.1368818308938533,-0.001289846978924869,-0.9335103971976789,missing,true,Hg,control
477661,0.13445344266497125,0.13321645691950826,-0.001236985745462993,-0.9200104667794133,true,true,8jB,treatment
111651,0.15816745446125077,0.15674468762691657,-0.0014227668343342048,-0.8995319796859768,missing,true,Hg,control
108987,0.19628844816244667,0.19461022008256926,-0.001678228079877414,-0.854980563343456,false,false,MqO,treatment
711910,0.15519921746129647,0.15392963197445783,-0.0012695854868386425,-0.8180360104942226,true,true,sV3mR,control
469790,0.17145018782289914,0.17005489256350695,-0.001395295259392193,-0.8138196155454053,missing,true,Hg,control
7286748,0.07833721731013452,0.07771807146020572,-0.0006191458499287955,-0.7903597691983583,true,true,Hg,control
108100,0.12344908855577803,0.12247786740803226,-0.0009712211477457683,-0.7867382085262956,missing,true,8jB,control
8399121,0.2137434882726156,0.2120635290289665,-0.0016799592436491095,-0.7859697889399246,false,false,MqO,treatment
8673111,0.11575913347709316,0.11485236317540548,-0.000906770301687676,-0.7833250599332717,missing,true,8jB,control
997610,0.11032636139441038,0.10947581522355461,-0.0008505461708557677,-0.7709364834530472,missing,true,Hg,control
120901,0.1195763517553353,0.11866074509530919,-0.0009156066600261165,-0.765708809965649,missing,true,8jB,control
119122,0.14288764991450087,0.14180003310866166,-0.0010876168058392144,-0.7611692168567454,true,true,ceOxS,control
823761,0.08488455713447124,0.08424139662213855,-0.0006431605123326939,-0.757688481915292,false,true,Hg,treatment
8611610,0.14442286759877299,0.1433420500577939,-0.0010808175409790788,-0.7483700877493595,missing,true,Hg,control
676890,0.14453617308704378,0.1434628478817189,-0.001073325205324882,-0.7425997121692818,missing,true,8jB,control
108798,0.061966991267241235,0.06151739164949265,-0.00044959961774858337,-0.7255469541995717,true,true,wDD,control
122850,0.1326356366071911,0.1316734447830076,-0.0009621918241835004,-0.7254398959407062,false,true,8jB,treatment
8112146,0.11472846073056135,0.11389867668034524,-0.0008297840502161091,-0.7232591154211061,missing,true,8jB,control
1078861,0.09607519449373697,0.09539575917402604,-0.0006794353197109304,-0.707191198822108,true,true,8jB,treatment
801001,0.11978121306000661,0.11894835423300515,-0.0008328588270014592,-0.695316741018663,missing,true,8jB,control
7211375,0.1187924338276864,0.11796679911457043,-0.0008256347131159608,-0.6950229795894072,missing,true,Hg,control
681103,0.08472907791396744,0.0841696949784435,-0.0005593829355239471,-0.6602018448636201,missing,true,8jB,control
109711,0.10656346537933377,0.1058604558362591,-0.000703009543074673,-0.6597097237521051,true,true,8jB,treatment
7810010,0.15297917409649567,0.15197736571386844,-0.0010018083826272284,-0.6548658590582475,true,true,8jB,control
8971777,0.14815022829242164,0.14720967116065983,-0.0009405571317618044,-0.6348671497861721,missing,true,Hg,control
108757,0.13747059427566963,0.13661556737896446,-0.0008550268967051633,-0.6219707576084081,missing,true,HbsbG,control
828710,0.10670991552094439,0.10605220105884747,-0.00065771446209692,-0.6163574011712414,true,true,8jB,control
8079897,0.15673004508949254,0.1557807107701337,-0.000949334319358841,-0.6057130391411379,missing,true,8jB,control
7510211,0.11760171468965107,0.11688990272872142,-0.000711811960929648,-0.6052734543948681,true,true,8jB,control
6569121,0.21961879307840554,0.2183253308537056,-0.0012934622246999483,-0.5889578968035639,missing,false,MqO,treatment
1066796,0.19674683972035076,0.1956049490576538,-0.0011418906626969594,-0.5803857710344947,true,true,8jB,control
105210,0.21244976412119684,0.21122415961185415,-0.0012256045093426982,-0.5768914427429178,missing,true,8jB,control
827183,0.1844121551145234,0.18336055497000509,-0.0010516001445183276,-0.5702444851670782,missing,true,8jB,control
1211151,0.17367369588938578,0.1727313947817754,-0.0009423011076103716,-0.5425698478890729,true,true,wDD,treatment
9073879,0.17810126922724326,0.1771459869890282,-0.0009552822382150605,-0.5363702585388065,false,true,8jB,treatment
7048688,0.07271175590684627,0.07232771622835113,-0.00038403967849513776,-0.5281672457300375,true,true,Hg,treatment
508846,0.0976019055567593,0.09709295157574034,-0.0005089539810189531,-0.5214590618038463,true,true,wDD,control
8612210,0.1613439076385597,0.1605038791035963,-0.0008400285349634273,-0.5206447192572322,true,false,8jB,treatment
970807,0.11558745914499538,0.11498734074248462,-0.0006001184025107575,-0.519189890451659,missing,true,8jB,control
102119,0.07328805835171358,0.07291087227672739,-0.0003771860749861855,-0.5146623931228305,true,true,8jB,control
679810,0.16265064444077973,0.16182199821901747,-0.0008286462217622637,-0.5094638417273345,false,true,8jB,treatment
771031,0.1034014579137412,0.10287970355454884,-0.0005217543591923557,-0.5045909116945041,true,true,8jB,control
851017,0.3759189636098098,0.3740231228447649,-0.0018958407650448983,-0.5043216619985982,true,true,8jB,control
6697809,0.13601053763480125,0.13532513957684447,-0.000685398057956782,-0.5039301144424033,true,true,sV3mR,control
6981151,0.25079949847061905,0.24953989332033172,-0.001259605150287335,-0.5022359127384367,false,true,z6I,treatment
8212283,0.18743853866162433,0.1865012349264928,-0.0009373037351315394,-0.5000592417248932,true,true,8jB,control
8410090,0.16620084511875724,0.1653709743495787,-0.0008298707691785367,-0.49931802006515696,missing,true,8jB,control
841184,0.269867924633788,0.2685258827191539,-0.0013420419146341067,-0.4972958221897855,missing,true,8jB,control
1148611,0.2729036855553089,0.2716010356739181,-0.0013026498813908383,-0.4773295306511471,true,true,Hg,treatment
120701,0.14760588907587655,0.14692526164054587,-0.0006806274353306774,-0.4611113009053467,true,true,Hg,treatment
1137376,0.19797229563370128,0.1970761470127596,-0.0008961486209416725,-0.45266365077655796,false,true,8jB,treatment
4115111,0.15853806099249323,0.15782597997100195,-0.0007120810214912843,-0.4491546175306138,true,true,z6I,control
661091,0.1523419201819404,0.15166270533210527,-0.0006792148498351303,-0.4458489488802234,false,true,MqO,treatment
105113,0.22661152116043295,0.2256055445491876,-0.0010059766112453516,-0.4439212119904335,missing,true,Hg,control
114791,0.25526344304730464,0.25414445993796586,-0.001118983109338778,-0.43836402736737023,missing,true,HbsbG,control
727690,0.13998812282825354,0.1393819507974104,-0.0006061720308431495,-0.4330167578479786,false,true,HbsbG,treatment
768078,0.1199416482920197,0.1194232481768203,-0.0005184001151993939,-0.43221026439227744,missing,true,Hg,control
1001188,0.03606084433032203,0.03590511873003754,-0.00015572560028449117,-0.4318412482470582,missing,true,8jB,control
741169,0.1204616846120276,0.1199437415515772,-0.0005179430604504015,-0.4299649819098471,missing,true,Hg,control
466866,0.06375506233939784,0.06348251367712958,-0.00027254866226826546,-0.42749336643631874,missing,true,8jB,control
7747482,0.14424532654714414,0.1436311183830309,-0.0006142081641132557,-0.4258080166725625,false,true,8jB,treatment
671781,0.15023570368570457,0.14961378116378315,-0.0006219225219214197,-0.41396452818065893,false,true,Hg,treatment
1015877,0.09845064474528199,0.09805715994026729,-0.0003934848050147072,-0.39967722510376347,true,true,8jB,treatment
116117,0.09759335523079261,0.0972070261749368,-0.0003863290558558108,-0.3958559011955318,true,true,8jB,control
8910784,0.1710920351951366,0.17041619106661007,-0.0006758441285265315,-0.39501787897707047,missing,true,8jB,control
105900,0.23435036633663192,0.23342664509481065,-0.0009237212418212737,-0.3941624910858458,false,true,MqO,treatment
991158,0.13866748946509488,0.13812170540758448,-0.0005457840575104067,-0.39359193680923343,true,true,8jB,control
100105,0.14354126675324522,0.1429817285086552,-0.0005595382445900132,-0.38981002275247306,true,true,8jB,control
116977,0.050746116196260606,0.05055524884280813,-0.00019086735345247297,-0.3761220912242692,true,true,Hg,control
481791,0.18353293309344243,0.18285556989753668,-0.0006773631959057502,-0.3690690191067143,missing,true,8jB,control
654611,0.10215005085817826,0.10177605744429663,-0.00037399341388162644,-0.3661216129993577,true,true,8jB,control
901207,0.07154296590306151,0.07128219382823776,-0.00026077207482375075,-0.36449715430736934,missing,true,8jB,control
119781,0.22244424773278204,0.22163383759487032,-0.0008104101379117212,-0.36432056399374785,missing,true,8jB,control
112691,0.028411860712323683,0.028308651130611366,-0.00010320958171231714,-0.3632623106150519,true,true,Hg,treatment
4710670,0.12642421166109755,0.1259744649333597,-0.0004497467277378431,-0.3557441425408835,true,true,Hg,treatment
382698,0.33322246680993206,0.3320395823792449,-0.0011828844306871478,-0.3549833965312601,true,true,Hg,control
1141141,0.07888158172498548,0.0786061936265295,-0.0002753880984559809,-0.34911584229649467,true,true,Hg,control
719010,0.1357502539905979,0.13528325089330975,-0.0004670030972881434,-0.3440163709163212,missing,true,8jB,control
287100,0.24633926613486248,0.24551346331693444,-0.0008258028179280452,-0.3352298766189982,missing,true,HbsbG,control
7873786,0.14717004386252533,0.14667736037196724,-0.0004926834905580879,-0.33477158640946936,true,true,8jB,control
984977,0.09121349005177262,0.09091052400002272,-0.00030296605174989777,-0.332150487365339,true,true,Hg,control
109073,0.07132740218294578,0.07109302039431024,-0.0002343817886355376,-0.3285999229782376,missing,true,8jB,control
712718,0.15478622868018133,0.15428023424159604,-0.0005059944385852888,-0.3268988739500673,true,true,Hg,treatment
7211189,0.23288215001754745,0.23212710149622898,-0.0007550485213184688,-0.3242191474364079,false,true,8jB,treatment
128268,0.16966698830005214,0.16913419194696827,-0.0005327963530838697,-0.31402476016231967,missing,true,8jB,control
105714,0.18129440944034475,0.18072704252758093,-0.0005673669127638226,-0.3129533417579077,false,true,Hg,treatment
991118,0.277745036789014,0.2768770716360201,-0.0008679651529939214,-0.312504289195728,false,true,Hg,treatment
966771,0.1558781985470285,0.15540022776402831,-0.0004779707830001867,-0.30663093842208006,missing,true,8jB,control
6773102,0.1830985792724821,0.1825419390169386,-0.0005566402555435002,-0.304011236873184,false,true,8jB,treatment
847480,0.021093957916638918,0.02103011420789481,-6.3843708744106e-05,-0.3026634877930901,true,true,Hg,control
109677,0.16042920867500066,0.1599453462768538,-0.0004838623981468504,-0.30160492727173166,missing,true,Hg,control
1061006,0.1858971799055789,0.1853611500278644,-0.0005360298777145056,-0.28834750370434153,missing,true,8jB,control
116310,0.12247162225180543,0.12212302082284575,-0.0003486014289596773,-0.28463853303334385,true,true,sV3mR,control
808112,0.15546463847806993,0.15503163619384303,-0.0004330022842269077,-0.2785213978341368,false,true,z6I,treatment
1118211,0.3567774296868761,0.35579641337213985,-0.0009810163147362383,-0.27496591238891493,true,true,Hg,control
872117,0.3830365058806507,0.381992347310433,-0.0010441585702176681,-0.2726002754794904,true,true,8jB,control
108849,0.35806314840611275,0.3571001971368391,-0.0009629512692736486,-0.2689333637265223,true,true,Hg,control
1037610,0.3406333399365408,0.33975110368364164,-0.0008822362528991823,-0.25899879708296925,false,true,8jB,treatment
807356,0.13153195538185164,0.1311974387747262,-0.0003345166071254402,-0.2543234502629433,true,true,8jB,control
677172,0.0613491484792089,0.06119627948835999,-0.0001528689908489103,-0.24917866773769043,true,true,Hg,control
7412010,0.22228566211574208,0.22173798168813147,-0.0005476804276106084,-0.24638585430914403,missing,false,MqO,treatment
658466,0.08988982971987398,0.0896705130047494,-0.00021931671512458173,-0.24398390319354715,false,true,Hg,treatment
109111,0.15934643950630065,0.15896748977284905,-0.00037894973345159455,-0.23781499895804742,missing,true,8jB,control
1191088,0.16819621883361377,0.16779920413506844,-0.0003970146985453338,-0.23604258246618262,true,true,Hg,control
1101068,0.1414870643043655,0.14115806859958838,-0.00032899570477712414,-0.2325270556673591,true,true,8jB,control
868122,0.1194008578388493,0.11912597765329788,-0.0002748801855514127,-0.23021625683996996,false,true,Hg,treatment
461101,0.3105828710073269,0.3098731496552007,-0.0007097213521262136,-0.22851271540646897,true,true,8jB,control
816910,0.2712459333030737,0.2706327934273108,-0.0006131398757629469,-0.2260457394868522,false,false,MqO,treatment
6512274,0.10162219262761703,0.10139348655063807,-0.00022870607697896006,-0.2250552473484089,true,true,Hg,control
113116,0.1485663820522602,0.14823297739286484,-0.00033340465939535324,-0.22441460496633334,true,true,HbsbG,control
1041141,0.18818167033736588,0.18775962846680133,-0.000422041870564549,-0.22427363398779823,missing,true,8jB,control
461104,0.11419096575940557,0.11393534773637091,-0.00025561802303465664,-0.22385135403200856,false,true,8jB,treatment
1228011,0.10134439463478503,0.10111796788610913,-0.00022642674867590085,-0.22342306103053386,false,true,8jB,treatment
971151,0.2023251059344196,0.20188260017003878,-0.00044250576438081834,-0.21871025957809181,missing,true,8jB,control
1218377,0.14283910232055572,0.14252783384559917,-0.00031126847495654975,-0.21791545165133375,true,true,sV3mR,control
817178,0.19216623878477906,0.19176079802767643,-0.0004054407571026375,-0.2109843850129783,true,true,MqO,control
897166,0.09476724816187693,0.09457366204074752,-0.00019358612112940765,-0.2042753428892786,missing,true,Hg,control
1191021,0.25223366019310467,0.25172087150171263,-0.000512788691392041,-0.2032990723757729,false,true,8jB,treatment
8910987,0.23959749455994142,0.23911751951551244,-0.00047997504442898187,-0.20032556905928073,missing,true,wDD,control
9711086,0.09738111803746663,0.09718717135484191,-0.00019394668262472103,-0.19916251377407843,missing,true,8jB,control
788488,0.14228201434202187,0.14200916692420845,-0.0002728474178134155,-0.19176521999297572,false,true,MqO,treatment
461158,0.23795661903303003,0.23750828572194846,-0.00044833331108157237,-0.1884096827831213,false,true,Hg,treatment
107719,0.14480036502513444,0.14453374098643867,-0.0002666240386957619,-0.18413215923142273,true,true,Hg,control
113817,0.1245099185461083,0.12428310490315182,-0.0002268136429564721,-0.18216512034137977,missing,true,ceOxS,control
879894,0.14493929730572871,0.14467861542580918,-0.00026068187991953873,-0.1798559015845562,missing,true,ceOxS,control
1121081,0.14141062820412578,0.141159891770872,-0.00025073643325379535,-0.17731088280851007,true,true,8jB,control
761079,0.19964217337541282,0.19929071675412233,-0.00035145662129049127,-0.17604327550051374,false,false,Hg,treatment
466710,0.20338025885742037,0.20303164803854035,-0.00034861081888001855,-0.1714083858671908,missing,true,8jB,control
461089,0.15342461291917905,0.15316243998743068,-0.00026217293174837786,-0.17088062127716444,false,false,Hg,treatment
9981041,0.21065569748793714,0.2103068364500585,-0.0003488610378786505,-0.1656072169130994,true,true,z6I,treatment
111119,0.07037116975215414,0.07025630513973222,-0.00011486461242192492,-0.1632268055603961,false,true,Hg,treatment
865116,0.152469053573866,0.1522210696111202,-0.0002479839627458069,-0.16264543980111165,true,true,HbsbG,treatment
6901131,0.14426930091536785,0.14403959891789367,-0.0002297019974741854,-0.15921751614290736,false,true,8jB,treatment
7099511,0.16184741641525777,0.16159255382098375,-0.0002548625942740135,-0.15747090680774495,false,false,Hg,treatment
1001121,0.19690727577613043,0.19659984300904287,-0.0003074327670875565,-0.15613072999754754,missing,true,Hg,control
467969,0.2063072938143125,0.20598525633559114,-0.00032203747872136534,-0.15609602199097047,true,true,Hg,control
1061168,0.07376826827207968,0.07365364699570763,-0.00011462127637204556,-0.155380191316526,false,true,HbsbG,treatment
847678,0.14531092194489045,0.14508785638898883,-0.0002230655559016248,-0.15350914639866026,true,true,8jB,control
731201,0.3534413919361148,0.3529033837123309,-0.0005380082237839146,-0.15221992558278533,missing,false,MqO,treatment
9816877,0.13389251881181932,0.13368901852526494,-0.00020350028655438668,-0.15198779465819023,true,true,Hg,control
688310,0.12713013409157262,0.12693788112942828,-0.0001922529621443403,-0.1512253279036576,missing,true,HbsbG,control
697998,0.13050066250923262,0.13031020226123438,-0.00019046024799823646,-0.1459458092672609,true,true,Hg,control
1101758,0.11232020182636077,0.11216044923061134,-0.00015975259574942113,-0.14222961956246086,false,true,Hg,treatment
106102,0.100999170872523,0.10085821214157573,-0.00014095873094727152,-0.13956424565621814,true,true,8jB,control
103119,0.16660719301112797,0.16638145324777195,-0.00022573976335601986,-0.13549220731480802,missing,true,Hg,control
821088,0.11632263045310565,0.11616586472284152,-0.0001567657302641301,-0.13476804096802875,false,true,8jB,treatment
114677,0.10350699887088156,0.10336887353899922,-0.00013812533188234388,-0.13344540310230277,true,true,Hg,control
1017510,0.2115518311511936,0.21129512719168597,-0.000256703959507637,-0.12134329356108184,true,true,Hg,control
121876,0.16251463333454527,0.16233147069901693,-0.0001831626355283389,-0.11270531875815058,missing,true,Hg,control
7086681,0.14476242509898282,0.14460344088543176,-0.00015898421355106662,-0.10982422644713191,false,true,Hg,treatment
119461,0.2148807013226578,0.21465202056882954,-0.0002286807538282587,-0.10642219260299192,missing,true,8jB,control
114798,0.15707151767399294,0.15691843643238632,-0.00015308124160662295,-0.09745958011582219,false,true,8jB,treatment
708210,0.20925379925750737,0.20905278089150445,-0.00020101836600291967,-0.09606438053511603,missing,true,MqO,control
7612088,0.1100495216594775,0.10994527276358504,-0.00010424889589245867,-0.0947290768014717,missing,true,sV3mR,control
995696,0.1571873768811711,0.15703925318270467,-0.0001481236984664236,-0.09423383824160424,missing,true,Hg,control
781011,0.13965007541134303,0.13951864926264895,-0.00013142614869407487,-0.09411104742117442,missing,true,8jB,control
1193858,0.15659169407483506,0.1564472281609626,-0.00014446591387246022,-0.09225643462508303,missing,true,Hg,control
4911611,0.06770557311499315,0.06764329150610536,-6.228160888778478e-05,-0.09198889548132745,missing,true,8jB,control
298120,0.1586998878517442,0.15855839653714307,-0.00014149131460111652,-0.0891565309317019,true,true,8jB,control
610891,0.13508631201064472,0.13496606441197503,-0.00012024759866968715,-0.0890153834832738,false,true,8jB,treatment
1159664,0.14792325252975663,0.14779294452740988,-0.00013030800234675732,-0.08809162867788094,false,true,Hg,treatment
8773113,0.1700107100657501,0.169861769261063,-0.0001489408046871088,-0.0876067187940732,false,true,HbsbG,treatment
8087988,0.23079086321840894,0.2305904913594577,-0.0002003718589512482,-0.08681966701672514,false,true,MqO,treatment
810510,0.15018584242081492,0.15005640002806417,-0.00012944239275075597,-0.08618814574283466,true,true,8jB,control
7011879,0.30279842249701866,0.30254362946114927,-0.00025479303586939395,-0.08414609091033248,missing,true,MqO,control
8478885,0.15991106900274676,0.15978007366937078,-0.00013099533337598834,-0.08191761470479461,missing,true,8jB,control
119498,0.24423838570047013,0.24404714268453995,-0.00019124301593018145,-0.0783017851111736,false,true,Hg,treatment
468646,0.14732223429382085,0.14721580343463944,-0.00010643085918141115,-0.07224358203062849,false,false,z6I,treatment
103991,0.10833583362865433,0.10825800418900802,-7.782943964630695e-05,-0.07184090161071269,missing,true,z6I,control
7211010,0.20642582545230484,0.2062784432040715,-0.000147382248233352,-0.0713971945663383,true,false,8jB,treatment
884673,0.21945363888420724,0.21929977150057042,-0.00015386738363681873,-0.07011384473693119,missing,true,8jB,control
109104,0.19029804278330104,0.19016541513619298,-0.00013262764710805786,-0.06969469846785842,false,true,Hg,treatment
112110,0.13962010945113507,0.13952547080424701,-9.463864688805113e-05,-0.06778296282683637,true,true,Hg,control
1056907,0.13040595557624055,0.13031858955326034,-8.736602298020646e-05,-0.06699542409252067,missing,true,Hg,control
1214111,0.19008587608839075,0.18996737952283382,-0.00011849656555693033,-0.062338437760535624,missing,true,Hg,control
828110,0.16328166770839034,0.16318788207406876,-9.378563432158038e-05,-0.05743794489475388,missing,true,8jB,control
102310,0.19575894950883813,0.19564796036835064,-0.00011098914048748854,-0.056696841072125595,missing,true,MqO,control
190821,0.0832186079970513,0.08317238787478093,-4.6220122270373976e-05,-0.05554060970595867,true,true,Hg,treatment
1075697,0.10840506488830931,0.1083472128732205,-5.785201508881621e-05,-0.053366524108833524,missing,true,Hg,control
971044,0.1984172727536276,0.19831235891247362,-0.00010491384115399183,-0.052875356917269044,missing,true,8jB,control
6808461,0.09537069486407969,0.09532289158258676,-4.780328149292523e-05,-0.05012365859455409,false,true,Hg,treatment
1223661,0.14043291635114385,0.14037703484827802,-5.588150286583993e-05,-0.03979231103206009,missing,true,8jB,control
751078,0.1341296038967136,0.1340808608508078,-4.874304590579692e-05,-0.03634025933852117,missing,true,Hg,control
1158778,0.16125548900909956,0.1611992701041754,-5.621890492416015e-05,-0.034863250404448404,true,true,8jB,control
9097838,0.1293441996662177,0.12930086302895763,-4.3336637260082966e-05,-0.033504894206246874,true,true,Hg,treatment
727576,0.16902545881997377,0.16897025098447468,-5.520783549908814e-05,-0.03266243788628854,missing,true,Hg,control
7771161,0.3920927667288046,0.3919709138582134,-0.0001218528705911881,-0.031077561467862787,false,true,8jB,treatment
878751,0.176498650073926,0.1764472524442061,-5.1397629719923676e-05,-0.029120692820254382,true,true,Hg,control
468980,0.16398625726823396,0.16394582192563598,-4.043534259798309e-05,-0.024657762956222972,false,true,8jB,treatment
1199104,0.11437813428757061,0.1143503343389137,-2.7799948656911933e-05,-0.024305299985937025,missing,true,Hg,control
811080,0.29057924121029793,0.29050950883052823,-6.97323797697047e-05,-0.023997715555750247,false,true,8jB,treatment
897237,0.29363738177973203,0.29357128890134015,-6.609287839187683e-05,-0.022508332553331196,true,true,Hg,control
5769106,0.1261513858764872,0.1261288903298088,-2.2495546678380496e-05,-0.0178321835484277,false,false,8jB,treatment
105461,0.16515089709368616,0.16512287325257566,-2.8023841110502712e-05,-0.01696862784499769,true,true,Hg,control
858577,0.16805647594354614,0.16803227432611423,-2.4201617431912625e-05,-0.014400883569665283,false,true,8jB,treatment
9011578,0.12827880699296962,0.128262974713824,-1.583227914561669e-05,-0.012342084804767778,missing,true,8jB,control
1011091,0.15938445612480667,0.15936862450423261,-1.583162057405829e-05,-0.009932976501586374,missing,true,8jB,control
1079731,0.11834615302036873,0.11833485974435044,-1.1293276018287113e-05,-0.009542579737546188,missing,true,8jB,control
716890,0.1261229358137998,0.12611380307864462,-9.13273515518176e-06,-0.007241137463422809,missing,true,8jB,control
106109,0.13447357344430827,0.13446543098875055,-8.142455557719197e-06,-0.006055060001132017,missing,true,Hg,control
8985109,0.15960242280252815,0.1595967725371636,-5.650265364559592e-06,-0.003540212777064491,true,true,HbsbG,control
112120,0.10792538805996929,0.10792211790937808,-3.2701505912058337e-06,-0.0030300105007625804,true,true,8jB,treatment
738870,0.21385528909244464,0.21385042178114455,-4.86731130008855e-06,-0.0022759835965452907,missing,true,8jB,control
721077,0.19241103387127118,0.1924071502282594,-3.883643011765026e-06,-0.002018409720912004,false,true,8jB,treatment
725101,0.06647080417817651,0.06647445749986708,3.653321690569311e-06,0.0054961298208105,true,true,Hg,control
1151067,0.09887121017495791,0.09887877933986192,7.569164904006054e-06,0.007655580315657116,missing,true,Hg,control
801031,0.12807225347336812,0.12808234017147554,1.0086698107425462e-05,0.007875787170031276,false,true,8jB,treatment
1001228,0.11699558493075372,0.11700781753989176,1.223260913803259e-05,0.010455616034803977,false,true,z6I,treatment
118708,0.11606852428494045,0.11608264152872025,1.4117243779795952e-05,0.012162852820579561,false,true,Hg,treatment
112810,0.19213698074557556,0.19216810997692713,3.112923135156764e-05,0.016201582449548547,true,true,Hg,treatment
512280,0.1629574458780784,0.16298399267018637,2.6546792107978723e-05,0.016290628491956432,false,true,wDD,treatment
105697,0.2682342536913453,0.2682785485052014,4.4294813856093906e-05,0.016513481498549976,missing,true,Hg,control
1141047,0.08837244059039967,0.08838719292309977,1.475233270009646e-05,0.01669336345306172,true,true,wDD,treatment
8312167,0.15255165830908696,0.1525797615828271,2.810327374014321e-05,0.018422135853287672,missing,true,Hg,control
106310,0.17355404936030988,0.17358754516943076,3.349580912087591e-05,0.01929992947115648,missing,true,sV3mR,control
1007079,0.10050485752697252,0.10052702582061415,2.2168293641627868e-05,0.02205693753227654,missing,true,8jB,control
110411,0.21653765507722086,0.21658782449117048,5.0169413949613384e-05,0.023168909782329616,missing,true,Hg,control
103724,0.12718201221391093,0.12721241772747932,3.0405513568393383e-05,0.023907086418206304,true,true,8jB,control
107461,0.1537896411141768,0.15382890046451136,3.9259350334552856e-05,0.02552795497156135,false,true,8jB,treatment
1073767,0.20483244179068116,0.20489385565986445,6.141386918329106e-05,0.029982491370214713,missing,true,8jB,control
121887,0.17081232652726794,0.17086589601514077,5.356948787282878e-05,0.03136160543090379,false,true,z6I,treatment
1006811,0.13559919171502224,0.13564192007796794,4.2728362945693155e-05,0.031510779972414485,missing,true,wDD,control
908510,0.2379228498985341,0.23800044774312057,7.75978445864689e-05,0.03261470876780507,true,true,8jB,control
114671,0.25029776535643755,0.25038264560377493,8.48802473373822e-05,0.033911708007663646,missing,false,z6I,treatment
117010,0.13743926742774437,0.13748719829581707,4.793086807269864e-05,0.03487421678662339,missing,true,Hg,control
122671,0.3426213539837938,0.3427431475436795,0.00012179355988573004,0.03554756831983419,false,true,Hg,treatment
1037311,0.06441095070372749,0.06443397735957093,2.3026655843444432e-05,0.035749597843013785,false,true,Hg,treatment
716869,0.1041910534794728,0.10422985010541366,3.8796625940862306e-05,0.0372360434463846,false,true,sV3mR,treatment
120741,0.2125956753199804,0.2126748962121118,7.922089213141525e-05,0.03726364236345773,false,true,Hg,treatment
122108,0.16635760654592086,0.16642196695446992,6.436040854906899e-05,0.038687986612324296,missing,true,8jB,control
1019970,0.11221555339669062,0.11226219094652656,4.6637549835942815e-05,0.04156068247605168,false,true,Hg,treatment
1228211,0.1285655377787622,0.12861963984544855,5.41020666863512e-05,0.042081313251651445,true,true,Hg,control
775840,0.2387194317594905,0.23882064469986528,0.00010121294037476747,0.04239828305084915,missing,true,Hg,control
279461,0.15099806338008798,0.1510634327280121,6.536934792411575e-05,0.04329151411668765,true,true,8jB,control
109107,0.16749941830696313,0.1675738713364495,7.44530294863599e-05,0.044449724207349564,missing,true,8jB,control
120871,0.21574799789644108,0.215852938329781,0.00010494043333991732,0.04864028142235121,true,true,Hg,control
118114,0.3255667440785058,0.32572958403077074,0.0001628399522649593,0.05001737899424173,missing,true,8jB,control
971071,0.13470689431755767,0.13477485029175945,6.795597420178323e-05,0.05044728745774808,false,true,Hg,treatment
887911,0.2581705235371174,0.25831358437044644,0.00014306083332904507,0.05541331030708356,missing,true,8jB,control
1071058,0.21894690465046082,0.21907022948387048,0.00012332483340965483,0.05632636533799715,false,true,Hg,treatment
114810,0.15615028601842104,0.15623938321153646,8.909719311542275e-05,0.05705861666171521,missing,true,Hg,control
461226,0.08234805799762249,0.08239562743980344,4.756944218095582e-05,0.05776631937371155,true,true,8jB,control
738311,0.1250219188577433,0.1250987246703074,7.68058125640847e-05,0.061433877567883516,missing,true,8jB,control
850210,0.16125245540534572,0.16135583620774135,0.00010338080239563618,0.06411114927568971,missing,true,8jB,control
108511,0.19503934295044167,0.19516517175071962,0.00012582880027794952,0.06451457350834178,false,true,Hg,treatment
1090081,0.04933098332915694,0.04936335729651517,3.237396735823045e-05,0.06562603291772598,missing,true,Hg,control
1061228,0.20792350984451882,0.20806011582736839,0.0001366059828495636,0.06570011392733555,true,true,MqO,control
826780,0.07608072004584115,0.07613148969545043,5.0769649609275214e-05,0.06673129483880386,true,true,Hg,treatment
1081057,0.09458546846181387,0.09465064664654925,6.517818473537884e-05,0.0689093005461961,false,true,8jB,treatment
106100,0.11905125093449616,0.11913442585099702,8.317491650086661e-05,0.06986479843595322,false,true,8jB,treatment
3699704,0.08384758710595613,0.08390793595934175,6.034885338561391e-05,0.07197446637236268,missing,true,8jB,control
760117,0.13703711431481894,0.13713630634497645,9.919203015751332e-05,0.07238333253985259,false,true,8jB,treatment
689878,0.14005096695983807,0.14015264162460309,0.00010167466476501685,0.07259833114481369,missing,true,8jB,control
7906883,0.13275114425494772,0.1328547100212775,0.00010356576632977732,0.07801497072664017,true,true,8jB,control
747510,0.23581327556862824,0.23600255916367588,0.0001892835950476346,0.08026842195003893,missing,true,Hg,control
767371,0.11951032211651967,0.11960843821814797,9.811610162829831e-05,0.08209843291413564,false,true,Hg,treatment
881223,0.19516387686578482,0.19532413881186184,0.00016026194607701716,0.08211660305725024,false,true,sV3mR,treatment
897410,0.13424562079496638,0.13435958633524697,0.00011396554028059169,0.08489330199802309,missing,true,8jB,control
2887690,0.17320627707766917,0.17335395263111397,0.00014767555344480376,0.08525993164704018,missing,true,8jB,control
110766,0.08440250516860943,0.08447919015619101,7.668498758157949e-05,0.0908562932206659,missing,true,8jB,control
8111796,0.08731766599440464,0.0873971983165349,7.953232213026018e-05,0.0910838846005763,missing,true,8jB,control
796869,0.11311494078868206,0.11321822241138058,0.00010328162269851449,0.09130679110857877,false,true,8jB,treatment
778721,0.18231722011391446,0.18248448421415311,0.00016726410023865101,0.0917434459203261,false,true,Hg,treatment
1147810,0.12920017557649738,0.1293219049399347,0.00012172936343732288,0.09421764552111529,missing,true,8jB,control
102106,0.24182154487043325,0.24205791241933824,0.00023636754890499212,0.09774461950097815,missing,true,Hg,control
611610,0.17100543143568264,0.17117419578353807,0.00016876434785542682,0.09868946643305963,true,true,wDD,control
108927,0.12457987130454701,0.12470335666371363,0.00012348535916661962,0.09912143741483587,missing,true,Hg,control
1101151,0.15741699759120203,0.15757408198553918,0.00015708439433714805,0.09978871198209628,true,true,8jB,control
808410,0.18896705095578406,0.18915687619965246,0.00018982524386840227,0.10045414949763862,true,true,Hg,treatment
417510,0.11164732258503916,0.11175966010306383,0.00011233751802466885,0.10061819255818157,false,true,8jB,treatment
111387,0.12296130782166417,0.12308661802940846,0.00012531020774428359,0.10191027565030954,missing,true,8jB,control
1111228,0.1436408726510416,0.14379283347392355,0.0001519608228819358,0.10579218858625741,missing,true,8jB,control
987611,0.16284049274356008,0.16301434616590818,0.00017385342234810253,0.10676301662995182,missing,true,8jB,control
721074,0.0774222546786372,0.07750677572370034,8.452104506313785e-05,0.1091689274795292,false,true,8jB,treatment
759747,0.10821129396859092,0.10833542757987344,0.0001241336112825231,0.11471409936060255,true,true,8jB,control
1171127,0.1408355849232673,0.1409979793011186,0.00016239437785128819,0.11530777391223031,true,true,Hg,treatment
771036,0.1577356152402642,0.1579206796201308,0.00018506437986659519,0.11732567789760327,missing,true,wDD,control
8701118,0.29245255231645606,0.29279685150434787,0.0003442991878918056,0.11772822126689717,missing,true,8jB,control
5831058,0.1452507013458897,0.1454220150672554,0.00017131372136572343,0.11794347275320145,false,true,8jB,treatment
7411010,0.11667503336230409,0.11681476367143301,0.00013973030912892148,0.11976024784584823,false,true,Hg,treatment
7569701,0.20789826500155822,0.20815697909902728,0.00025871409746905383,0.12444264384174382,missing,true,Hg,control
7710710,0.08571271850839444,0.08582021360670614,0.00010749509831169124,0.12541324109462645,missing,true,Hg,control
119816,0.26344285515771515,0.26377745873380803,0.0003346035760928845,0.12701182421233917,missing,true,Hg,control
847111,0.10171030736040679,0.10184902864600753,0.00013872128560074581,0.13638862097741183,true,true,Hg,control
7984107,0.24172453757510134,0.2420562715553205,0.00033173398021915657,0.13723636977321352,false,true,MqO,treatment
5845834,0.15307692957451813,0.1532891892664713,0.00021225969195318162,0.13866210443543892,false,true,8jB,treatment
120461,0.18010958122909665,0.1803598527264607,0.00025027149736406296,0.13895512701554805,missing,true,8jB,control
856765,0.14121328957045007,0.14141037480082824,0.0001970852303781745,0.13956563930893373,missing,true,8jB,control
851058,0.1928259942531528,0.19309773109541117,0.0002717368422583688,0.14092334558462974,true,true,8jB,control
6885841,0.10878563012642667,0.10894418747959884,0.00015855735317217567,0.14575211173378885,false,true,8jB,treatment
114119,0.11909241163550084,0.11927089967620533,0.00017848804070448587,0.14987356310389763,missing,true,Hg,control
841211,0.07336940499680028,0.07348034595897919,0.00011094096217890981,0.15120875272703665,true,true,Hg,treatment
680861,0.46586613992342474,0.4665865268626321,0.0007203869392073403,0.154633891041266,false,true,Hg,treatment
582662,0.13739519687170434,0.13761035822456913,0.00021516135286478444,0.15660034540049889,missing,true,8jB,control
106691,0.07460478258146513,0.07472311585666729,0.00011833327520215098,0.15861352463957154,missing,true,Hg,control
757271,0.21773120428407347,0.2180766277915709,0.00034542350749741657,0.15864676293561633,false,true,8jB,treatment
7115691,0.2629619181180967,0.2633911171106253,0.00042919899252857885,0.16321716680505224,true,true,8jB,control
669010,0.23724011511042714,0.23762936634823262,0.0003892512378054769,0.16407479722571108,false,true,8jB,treatment
888888,0.0954035267800477,0.09556167260070977,0.00015814582066207838,0.16576517242038935,missing,true,8jB,control
1020729,0.17298115179404733,0.17327127184107388,0.00029012004702655414,0.16771772185444417,missing,true,Hg,control
1088228,0.13749812791325455,0.13772975926720155,0.00023163135394699275,0.1684614601393885,missing,true,8jB,control
109879,0.14413042762066897,0.1443754405334087,0.0002450129127397338,0.16999388455612813,true,true,Hg,control
710210,0.05175364967722902,0.05184663354176403,9.29838645350109e-05,0.1796662942902028,missing,true,Hg,control
676510,0.11140618637039464,0.11160950130587935,0.00020331493548471358,0.18249878405203449,missing,true,8jB,control
5102111,0.10515161975637093,0.10534806880323298,0.00019644904686205722,0.18682455611926488,missing,true,8jB,control
117105,0.11213104535089519,0.11234327253766828,0.00021222718677309238,0.18926710806000532,missing,true,Hg,control
7411491,0.14019081202188033,0.14045971192226037,0.0002688999003800374,0.1918099314083927,false,true,8jB,treatment
8877761,0.09659008851205944,0.09678013869391847,0.000190050181859025,0.1967595068880146,true,true,Hg,control
761118,0.18512137549530644,0.1854928262485937,0.0003714507532872613,0.2006525460895136,true,true,Hg,control
1228100,0.09076927385890945,0.09096865589354264,0.00019938203463318316,0.2196580694730465,true,true,Hg,control
728210,0.07544545883638175,0.07561165781043633,0.0001661989740545794,0.220290229018309,true,true,Hg,treatment
7710511,0.26845100260137456,0.26905355683464316,0.000602554233268604,0.22445594444783748,false,true,z6I,treatment
1101186,0.09286188082977834,0.09308556148877065,0.00022368065899230904,0.2408745730687167,missing,true,Hg,control
9889190,0.13479547226979505,0.13512407065441376,0.00032859838461871127,0.24377553569530655,false,true,Hg,treatment
611629,0.1634604453631124,0.16386170558864627,0.000401260225533856,0.24547848541737002,true,true,wDD,treatment
684461,0.06344445664859935,0.06360045580777067,0.0001559991591713189,0.24588304071284509,missing,true,8jB,control
310610,0.11811456888730885,0.11840684799396463,0.00029227910665577395,0.24745389955631347,false,true,8jB,treatment
114721,0.16372369986251517,0.16413163682833656,0.0004079369658213927,0.24916182945044146,false,true,Hg,treatment
7437311,0.17167225906432296,0.17210220961536593,0.00042995055104297353,0.2504484727971557,missing,true,Hg,control
7146661,0.14516563594034693,0.14554278301363452,0.00037714707328759256,0.2598046506285923,false,false,z6I,treatment
9970781,0.133183125116409,0.1335363333094262,0.0003532081930171793,0.2652049144427696,missing,true,8jB,control
9115910,0.14839193417614896,0.14878895691200905,0.00039702273586009196,0.2675500781523646,missing,true,8jB,control
121046,0.1693090552955425,0.16976346701645176,0.0004544117209092646,0.2683918589682357,missing,true,Hg,control
8010411,0.21331000687152576,0.2138832121924184,0.0005732053208926391,0.268719376694725,false,true,z6I,treatment
1091217,0.09670218534970357,0.09697038119826978,0.00026819584856621614,0.2773420761861182,false,true,8jB,treatment
8280779,0.24367577394411552,0.24436403516415417,0.0006882612200386495,0.28244958819603255,false,true,8jB,treatment
311110,0.24940568183800135,0.25012104842666655,0.000715366588665195,0.28682850502574087,missing,true,Hg,control
100120,0.14284253791008386,0.14326134133493953,0.0004188034248556738,0.2931923718124506,false,true,8jB,treatment
105807,0.24836072530112646,0.24908995942432988,0.000729234123203415,0.29361893766385594,false,true,8jB,treatment
1057211,0.16150943291848985,0.1619899737346376,0.000480540816147762,0.2975311147245994,true,true,Hg,control
114104,0.17401690285970667,0.17453851256050995,0.0005216097008032827,0.2997465718740019,missing,true,Hg,control
107114,0.1275771708393702,0.1279638254007597,0.0003866545613895045,0.30307503987240264,false,false,Hg,treatment
7873107,0.3156677945940728,0.3166443694267587,0.000976574832685928,0.3093679017657587,missing,true,Hg,control
7878467,0.29546685044194726,0.2964086068159612,0.0009417563740139467,0.31873503663957764,true,true,Hg,control
859770,0.15243442989351186,0.15292901706657472,0.0004945871730628604,0.32445896468951974,missing,true,HbsbG,control
106841,0.05293610254648204,0.05310912000460092,0.00017301745811888064,0.32684207902717766,missing,true,Hg,control
7374981,0.1761064307800391,0.17669428339722865,0.0005878526171895493,0.3338053099967658,true,true,MqO,treatment
1197401,0.1474474881367734,0.14794162153387785,0.0004941333971044404,0.3351250016860772,missing,true,Hg,control
419075,0.05562634356869186,0.05581675542959224,0.0001904118609003802,0.34230518974385654,true,true,8jB,control
7710311,0.10127288703464776,0.1016255680324992,0.0003526809978514345,0.3482481917699989,true,true,HbsbG,control
1038167,0.28338131372895575,0.28448270626477007,0.0011013925358143162,0.3886609604992372,true,true,Hg,control
691171,0.14883492246865027,0.14942423138911753,0.0005893089204672686,0.39594801454705447,true,true,8jB,control
4675977,0.12194896128689726,0.12244110381382638,0.0004921425269291124,0.40356434506342154,missing,true,Hg,control
801209,0.26281958151299845,0.26390724153546125,0.0010876600224627997,0.4138428408573531,missing,true,Hg,control
9776611,0.1052941426877787,0.10573448827667174,0.0004403455888930402,0.4182052084309817,false,true,8jB,treatment
9812028,0.21866703377532873,0.2195903867818413,0.0009233530065125839,0.42226438552291823,missing,true,Hg,control
781099,0.1590750400790736,0.1597476505784718,0.0006726104993981796,0.4228259185500352,false,true,wDD,treatment
1191127,0.30088171506873634,0.3022219028901268,0.0013401878213904483,0.44542016156890185,true,true,z6I,treatment
717486,0.23026996140162823,0.2313184773996171,0.0010485159979888858,0.4553420652900982,true,true,Hg,control
7846661,0.04433771911599136,0.04453996619561641,0.00020224707962505223,0.45615129433238577,missing,true,Hg,control
708499,0.16285538263250307,0.16363974687540211,0.0007843642428990438,0.481632372366241,missing,true,8jB,control
121778,0.2984664319611849,0.29991228017913824,0.0014458482179533494,0.4844257387515457,missing,true,8jB,control
861151,0.04730820768828175,0.04754251026461779,0.00023430257633604012,0.4952683430323168,missing,true,ceOxS,control
1141091,0.1776891595433471,0.1785706252298636,0.0008814656865165083,0.49607172929504206,true,true,Hg,control
7679818,0.08071723775028658,0.08112193600678475,0.00040469825649816493,0.5013777326599956,true,true,Hg,treatment
841087,0.13800830069724554,0.1387054535585441,0.0006971528612985667,0.5051528478913304,true,true,Hg,control
7474976,0.11822745372313657,0.11887539298693428,0.0006479392637977061,0.5480446743909764,true,true,HbsbG,treatment
2794690,0.10059275141737235,0.10114967503544682,0.0005569236180744674,0.5536418978776306,false,true,8jB,treatment
8061051,0.25118609490316435,0.2526233021711239,0.0014372072679595393,0.5721683234550075,missing,true,8jB,control
116121,0.34442599844843436,0.3464134160690742,0.001987417620639864,0.5770231137001145,false,true,wDD,treatment
688411,0.037659606970978594,0.03787763228095223,0.00021802530997363373,0.5789367641081579,missing,true,Hg,control
8566105,0.12826664259844772,0.12902196043308498,0.0007553178346372535,0.5888653661902229,missing,true,Hg,control
7069411,0.21797512217550746,0.21939977216965742,0.0014246499941499569,0.6535837576009562,false,true,Hg,treatment
121728,0.1336555230015624,0.13457564728608812,0.0009201242845257307,0.6884296764264465,false,true,Hg,treatment
122887,0.15425161215134844,0.15531769465850026,0.0010660825071518165,0.6911321653518919,false,true,Hg,treatment
7811599,0.17641720102819858,0.17772354138715274,0.0013063403589541611,0.7404835533839783,true,true,8jB,control
121701,0.14717822781621048,0.14827520557389456,0.0010969777576840811,0.7453396972913259,missing,true,8jB,control
8611772,0.16958076813493142,0.17084845745860086,0.0012676893236694409,0.747543095606673,true,true,8jB,control
110810,0.027319711510211665,0.02753413316284786,0.00021442165263619445,0.7848606035098399,true,true,Hg,control
1111201,0.4518948914000724,0.4556103934882242,0.003715502088151801,0.8222049327976106,true,true,8jB,treatment
683654,0.2669946237863142,0.26926815375567287,0.0022735299693586453,0.8515264978437305,missing,true,8jB,control
111901,0.20572936603149866,0.20751247711568074,0.0017831110841820819,0.866726573156831,false,true,8jB,treatment
112122,0.3895516459443788,0.39303422092188334,0.003482574977504538,0.8939957034610474,true,true,wDD,control
768113,0.0767448624251159,0.0774410459262928,0.0006961835011769085,0.907140203497286,true,true,wDD,treatment
706817,0.19894799203771935,0.2019333595707666,0.0029853675330472618,1.5005768605501955,false,true,8jB,treatment
9889114,0.1646833326351918,0.16765918096889731,0.002975848333705511,1.807012456019238,false,true,HbsbG,treatment
10266,0.17845143220585008,0.18217229517333777,0.0037208629674876925,2.0850843960700436,missing,true,z6I,control
812183,0.32012958153146576,0.3268624164942522,0.006732834962786427,2.1031592677494104,missing,true,Hg,control
