model,MAE,RMSE,bias,pooled_nMAE_%,median_hh_nMAE_%,subgroup
B1_lastweek,0.6331012207157882,1.16724635966127,0.004180566988739664,56.38198135449675,56.75998086880345,all
B2_twodays,0.6191277342425554,1.162270912452217,0.004512916201024868,55.13754708709734,54.9819917554849,all
B3_weekmean,0.5243915451588312,0.9118883160901602,0.004745395293092068,46.7006433634312,46.615331783878894,all
Blend,0.5168056025504001,0.9066548645192398,-0.024193546334420706,46.025063439226855,46.04712924718295,all
HGB_W0,0.5099969808056263,0.875682398051364,0.00023998208803703924,45.418709239136014,45.10174146350501,all
HGB_W2_oracle,0.4834123525366486,0.8464837891662198,-0.020494929011798398,43.05116678884178,42.55758780790134,all
Blend,0.5231671680974677,1.0116178860952363,-0.020331478548678693,52.93139585733387,52.06867584854268,PV
HGB_W0,0.5177532099353114,0.9810969955956269,-0.001347980454545025,52.383639078791624,52.51056895525347,PV
Blend,0.5241715495634032,0.8564957785488112,-0.026726720552446445,43.42815951070025,42.622870683488756,no PV
HGB_W0,0.5143518323847981,0.8213756380146664,0.00395813727205579,42.61458570201561,41.92074662611365,no PV
