model,family,track,port_MAE_kWh,port_nMAE_%,port_nMAE_vs_HGB_W0_pp_CI,port_bias_kWh,daily_nMAE_%,hh_nMAE_%,regret_bid_forecast,regret_bid_q_tau_star,coverage_10_90,point,fallback_%,runtime_s,device
CatBoost_W0,tree,W0,40.315844679338774,14.280956072121496,"[-0.58, -0.04]",0.5565705766456178,11.554192476785703,44.77081456393859,6.416572619375583,6.59298331031917,0.7662993572084481,conditional mean,0.0,53.1,cpu
LightGBM_W0,tree,W0,40.95103947942471,14.505959147448753,"[-0.30, +0.18]",-0.2422169266179329,11.740735133616422,44.74705884397854,6.53197160372101,6.722116175733958,0.7713498622589532,conditional mean,0.0,9.4,cpu
HGB_W0,tree,W0,41.16089959655067,14.580297242999112,"[+0.00, +0.00]",0.22996342225607788,11.897995866174197,44.745127295692605,6.557060798014479,6.777930563886642,0.7618227731864096,conditional mean,0.0,23.3,cpu
Chronos2_W0,foundation (zero-shot),W0,47.83726279604103,16.945244581490897,"[+0.17, +5.08]",15.55297130837903,14.227357583567299,46.326292638477476,7.349896032810116,7.210255195849442,0.7621671258034894,quantile-integrated mean (approx.),0.033116427698895966,5079.6,mps
NHITS_W0,deep (trained),W0,49.3006234814702,17.46360627854827,"[+1.94, +4.02]",4.966545725519248,13.326199878648984,49.08533490325077,7.7706586242981555,7.242092996533261,0.765495867768595,conditional mean (MSE),0.033116427698895966,668.6,cpu
HGB_W2_oracle,tree,W2_oracle,22.60861973906717,8.008580941636188,"[-7.87, -5.44]",-4.850594528447406,5.53959486485243,42.272177297986424,3.689771973218001,3.654434772562177,0.7689393939393939,conditional mean,0.0,24.2,cpu
LightGBM_W2_oracle,tree,W2_oracle,22.701781653773132,8.041581396472061,"[-7.86, -5.40]",-4.800207986847225,5.537763375969452,42.256985634401744,3.7037297645105944,3.6701002370731053,0.7681359044995408,conditional mean,0.0,26.8,cpu
CatBoost_W2_oracle,tree,W2_oracle,22.829640764851856,8.086872531093173,"[-7.88, -5.32]",-5.364972237786812,5.597145266148407,42.357842882858925,3.7341135091552284,3.6888700642009975,0.7679063360881543,conditional mean,0.0,102.9,cpu
NHITS_W2_oracle,deep (trained),W2_oracle,42.25187630306656,14.966750523226322,"[-0.91, +1.85]",22.822046194241388,10.975382020141804,48.93295637096326,6.330828618951655,5.181531954764829,0.7534435261707989,conditional mean (MSE),0.033116427698895966,837.2,cpu
Toto2_target-only,foundation (zero-shot),target-only,42.00459561887993,14.87915705677557,"[-0.60, +1.45]",-8.428240602830307,12.137027297765004,43.570704270902255,6.844896146237551,6.724661823534332,0.775137741046832,quantile-integrated mean (approx.),0.033116427698895966,450.1,mps
Blend,baseline,target-only,44.31489419543067,15.697526924692898,"[+0.27, +1.95]",-5.894852794011655,13.061254188975784,45.41860090333029,7.16829288321464,7.258810812392316,0.7777777777777778,conditional mean,0.0,0.0,cpu
B3_weekmean,baseline,target-only,45.5953536457622,16.151100087000692,"[+0.79, +2.34]",1.3970642702313458,13.546280927174925,46.09603276851932,7.243251152929158,7.390541537262526,0.7768595041322314,conditional mean,0.0,0.0,cpu
B2_twodays,baseline,target-only,48.30910672678478,17.112384387228417,"[+1.35, +3.86]",1.2125501594949282,12.44885713084286,54.577112387294854,7.679097080964776,7.889457809842615,0.7778925619834711,conditional mean,0.0,0.0,cpu
B1_lastweek,baseline,target-only,57.65889166354336,20.424329579686734,"[+4.11, +7.19]",1.294659214620587,17.249764862210228,55.58653144232111,9.168018155830135,9.526999933309094,0.7673324150596877,conditional mean,0.0,0.0,cpu
