model,c_under:c_over,tau,regret_bid_forecast,regret_bid_quantile
Blend,1:4,0.2,6.500095973756489,4.67020053146121
Blend,1:2,0.333,6.750669814803295,6.26085690172881
Blend,1:1,0.5,7.063887116111804,7.215147120672088
Blend,5:4,0.556,7.16829288321464,7.258810812392316
Blend,2:1,0.667,7.377104417420312,6.943295656079409
Blend,4:1,0.8,7.627678258467119,5.5734324999154605
HGB_W0,1:4,0.2,6.583127750559252,4.401506179376739
HGB_W0,1:2,0.333,6.573352643354962,5.879631655759811
HGB_W0,1:1,0.5,6.5611337593496,6.718951045463463
HGB_W0,5:4,0.556,6.557060798014479,6.777930563886642
HGB_W0,2:1,0.667,6.548914875344238,6.470808876859713
HGB_W0,4:1,0.8,6.539139768139947,5.16441974747753
