group,scope,model,households,scored_intervals,mean_household_MAE,median_household_MAE,overall_MAE,RMSE,daily_energy_MAE_kWh,bias,mean_actual,mean_pred
combined,common,naive_7day,241,1777920,0.20003806566213625,0.18137487599206348,0.19910579103671708,0.384050354293912,7.0957531317494595,0.013418295536357091,0.25916798056155504,0.27258627609791214
combined,common,seasonal_mean_4weeks,241,1777920,0.1828462027857039,0.16732865203373015,0.18201408162347013,0.3184778116880095,7.128813903887689,0.013934122926415887,0.25916798056155504,0.2731021034879709
combined,common,autogluon_pooled_1145,241,1777920,0.15636147094449376,0.1440709763607277,0.15549790183692663,0.2988789838207971,7.080337917497058,-0.04693934508172449,0.25916798056155504,0.21222863547983056
combined,common,autogluon_pv_split_1145,241,1777920,0.15484382926355664,0.14270881454297554,0.15380046593492036,0.2992492644236272,7.256206050914043,-0.04834833849977522,0.25916798056155504,0.21081964206177983
combined,all,naive_7day,241,1785312,0.19972290225603925,0.18116964285714285,0.19914604282052661,0.38414287803348324,7.1096885519169755,0.01322076029287878,0.2590438332347511,0.2722645935276299
combined,all,seasonal_mean_4weeks,241,1783680,0.1829040068892277,0.16732865203373015,0.18219698357702427,0.31872090994274943,7.149896062073914,0.014194263451590718,0.2592174846385002,0.2734117480900909
combined,all,autogluon_pooled_1145,241,1795968,0.1565612760614046,0.14380057254300094,0.15610291232439164,0.2998460502241117,7.175931829217268,-0.04767779178778677,0.2592974579725251,0.21161966618473835
combined,all,autogluon_pv_split_1145,241,1795968,0.15494858562995098,0.14260134860365709,0.15434096007675793,0.2999644078681865,7.318821407014607,-0.04865006507261414,0.2592974579725251,0.21064739289991097
pv,common,naive_7day,131,954048,0.19250875966345354,0.17708469742063493,0.1912194983900181,0.39442527844219116,7.481348359830952,0.013287788455088214,0.2360408281344335,0.2493286165895217
pv,common,seasonal_mean_4weeks,131,954048,0.1767203627560043,0.16201884594298246,0.17570730115256256,0.3277900969825453,7.429011160864024,0.011815882866131125,0.2360408281344335,0.2478567110005646
pv,common,autogluon_pooled_1145,131,954048,0.14865121953441643,0.13801770784168732,0.1475932692835562,0.3068999336801922,6.987342957768259,-0.048004953184803426,0.2360408281344335,0.1880358749496301
pv,common,autogluon_pv_split_1145,131,954048,0.14983575822218856,0.13939936748506432,0.14843124312688355,0.3109068222959363,7.576076816317597,-0.0522135119419187,0.2360408281344335,0.1838273161925148
pv,all,naive_7day,131,957888,0.19232393446767818,0.17708469742063493,0.19134426258602258,0.39467434377662103,7.4922684906794945,0.013190025347431016,0.23595963933152936,0.24914966467896038
pv,all,seasonal_mean_4weeks,131,956736,0.17686678558669383,0.16201884594298246,0.17577144435176822,0.3277641410920652,7.43911779216001,0.012045688065115839,0.23584929802996857,0.2478949860950844
pv,all,autogluon_pooled_1145,131,962592,0.14904278712521302,0.13801770784168732,0.14804602564856703,0.307464100575539,7.0486439386857755,-0.04802348649712466,0.23589809597420297,0.18787460947707832
pv,all,autogluon_pv_split_1145,131,962592,0.15019244605834686,0.13939936748506432,0.14892196283909215,0.31153058652437016,7.6224681729787775,-0.05215787204819767,0.23589809597420297,0.1837402239260053
non_pv,common,naive_7day,110,823872,0.20900478462420388,0.19139539930555555,0.20823815835469586,0.3716744553129157,6.649231880680494,0.013569423405577567,0.2859493416453041,0.29951876505088165
non_pv,common,seasonal_mean_4weeks,110,823872,0.19014152136652795,0.17433424272486772,0.18931736574370775,0.3073417869723124,6.781183941194749,0.01638705577646366,0.2859493416453041,0.30233639742176777
non_pv,common,autogluon_pooled_1145,110,823872,0.16554367944194956,0.14874620074408687,0.16465150686085983,0.28931296204594165,7.188026557649097,-0.04570536543497565,0.2859493416453041,0.24024397621032845
non_pv,common,autogluon_pv_split_1145,110,823872,0.16080798659464038,0.14560891022226163,0.16001805347468612,0.28515489295292884,6.885794064596109,-0.04387244783699009,0.2859493416453041,0.24207689380831401
non_pv,all,naive_7day,110,827424,0.20853440025854195,0.19139539930555555,0.2081779680067293,0.37157825634264446,6.666785357930155,0.01325634136790811,0.28576782520207294,0.29902416656998104
non_pv,all,seasonal_mean_4weeks,110,826944,0.19009378862224524,0.17433424272486772,0.18963103557596805,0.30792710752214864,6.815279883522947,0.016680065901278282,0.2862533968442845,0.3029334627455628
non_pv,all,autogluon_pooled_1145,110,833376,0.1655151128854147,0.1508762057464941,0.16540902944206165,0.29079853313391285,7.3229558677334845,-0.04727849667771522,0.2863249205640671,0.2390464238863519
non_pv,all,autogluon_pv_split_1145,110,833376,0.1606127154834067,0.14659137237855102,0.1606001796715137,0.2860233569593039,6.9680938269751245,-0.04459836820080489,0.2863249205640671,0.2417265523632622
