season,week_monday,model,MAE,bias,n
autumn,2023-09-11,autogluon_pooled_1145,0.07442166754552487,-0.03936027879010375,152544
autumn,2023-09-11,autogluon_pv_split_1145,0.07480073385148855,-0.03650258366582146,152544
autumn,2023-10-09,autogluon_pooled_1145,0.09734325584117348,-0.04932338733582364,152544
autumn,2023-10-09,autogluon_pv_split_1145,0.09826070392230969,-0.047530241837414895,152544
autumn,2023-11-13,autogluon_pooled_1145,0.21951130875284558,-0.11042056775891136,150528
autumn,2023-11-13,autogluon_pv_split_1145,0.2190957527380987,-0.11001173104186857,150528
spring,2023-03-27,autogluon_pooled_1145,0.22083175576598715,0.005461332199488424,143328
spring,2023-03-27,autogluon_pv_split_1145,0.2073246303920032,-0.04000738678064671,143328
spring,2023-04-24,autogluon_pooled_1145,0.17645733681166634,0.03173341431387304,144960
spring,2023-04-24,autogluon_pv_split_1145,0.15714465283008708,-0.007480747126906165,144960
spring,2023-05-15,autogluon_pooled_1145,0.14059317063799562,-0.06221451200430526,147072
spring,2023-05-15,autogluon_pv_split_1145,0.14139987782246788,-0.0634080553544743,147072
summer,2023-06-19,autogluon_pooled_1145,0.07199760149017756,-0.03257831905979522,146688
summer,2023-06-19,autogluon_pv_split_1145,0.07411774887474838,-0.033260644425905546,146688
summer,2023-07-17,autogluon_pooled_1145,0.06470891007659853,-0.0325842046575525,152160
summer,2023-07-17,autogluon_pv_split_1145,0.06700353154407829,-0.02910817253869416,152160
summer,2023-08-14,autogluon_pooled_1145,0.0710899783011881,-0.03832994560146495,150240
summer,2023-08-14,autogluon_pv_split_1145,0.07280346687867845,-0.03496474142550532,150240
winter,2023-12-18,autogluon_pooled_1145,0.25404291837774307,-0.07160309165585493,151584
winter,2023-12-18,autogluon_pv_split_1145,0.25605166163380433,-0.13527242781347062,151584
winter,2024-01-15,autogluon_pooled_1145,0.2851560765121039,-0.09440754946258599,151104
winter,2024-01-15,autogluon_pv_split_1145,0.2874840949237581,0.03276168242936876,151104
winter,2024-02-12,autogluon_pooled_1145,0.1991871897737354,-0.07242240594764802,153216
winter,2024-02-12,autogluon_pv_split_1145,0.19751235705168319,-0.07659395494411714,153216
